repository_path,source_archive,source_member,sha256,size_bytes,role
notebooks/01-dataset-acquisition-and-freeze.ipynb,All Notebooks of Swarabyanjan after run(2).zip,01-dataset-acquisition-and-freeze.ipynb,627e38c7fd99c53b483bc109404b03e781b060c58215e639121838cb63abe8cf,184728,CANONICAL_SCIENTIFIC_NOTEBOOK
notebooks/02-p0-integrity-provenance-leakage-audit.ipynb,All Notebooks of Swarabyanjan after run(2).zip,02-p0-integrity-provenance-leakage-audit.ipynb,425357156376ea9b5724fae120ca969f8f2c93c94d0f92cba252461b2835a85f,218404,CANONICAL_SCIENTIFIC_NOTEBOOK
notebooks/03-primary-model-development.ipynb,All Notebooks of Swarabyanjan after run(2).zip,03-primary-model-development.ipynb,db17c0ecbc55eb15a9c5e7518616df6494400db093c82a66576cd4911b221f1c,382971,CANONICAL_SCIENTIFIC_NOTEBOOK
notebooks/04-calibration.ipynb,All Notebooks of Swarabyanjan after run(2).zip,04-calibration.ipynb,9c80cfe9a16cba71813f7cb539368e674694d820228b66b8392ad83341cd81ea,118713,CANONICAL_SCIENTIFIC_NOTEBOOK
notebooks/05-external-validation-and-h3-vfinal.ipynb,All Notebooks of Swarabyanjan after run(2).zip,05-external-validation-and-h3-vfinal.ipynb,ee258026c5d6634c6b0c0bb66553971d06a9148e36ff13a4ea7f4886905a81cf,252192,CANONICAL_SCIENTIFIC_NOTEBOOK
notebooks/06-fixed-budget-reliability-evaluation-vfinal.ipynb,All Notebooks of Swarabyanjan after run(2).zip,06-fixed-budget-reliability-evaluation-vfinal.ipynb,4fa809490ffd9a08791fe2da1fab5b1056b51c68443bd97060577d05b1012c43,140213,CANONICAL_SCIENTIFIC_NOTEBOOK
notebooks/07-h3-h4-bridge-exploratory-vfinal.ipynb,All Notebooks of Swarabyanjan after run(2).zip,07-h3-h4-bridge-exploratory-vfinal.ipynb,e3c961eff6a380eb86f919dc598b5298cadb6d749548e3f33fb97c5b7c8f4967,75142,CANONICAL_SCIENTIFIC_NOTEBOOK
notebooks/08-manuscript-figures-and-tables-vfinal.ipynb,All Notebooks of Swarabyanjan after run(2).zip,08-manuscript-figures-and-tables-vfinal.ipynb,8766604fe554acb362811d35314982d62f413a7489068aeca8b619915b479c62,103966,CANONICAL_SCIENTIFIC_NOTEBOOK
notebooks/09-source-publisher-cluster-sensitivity-vfinal.ipynb,All Notebooks of Swarabyanjan after run(2).zip,09-source-publisher-cluster-sensitivity-vfinal.ipynb,d4b267d17debe23f470343dcb0d949c274a31510d3acc5178ee6a18f2adcb64c,98276,CANONICAL_SCIENTIFIC_NOTEBOOK
scripts/release/10-release-package-assembly-vfinal.ipynb,All Notebooks of Swarabyanjan after run(2).zip,10-release-package-assembly-vfinal.ipynb,c732cc5ea3c69367ab7fc11153799def743ab08bab5a6ef173a615572ed9ff16,170488,RELEASE_ENGINEERING_NOTEBOOK
provenance/archive/notebooks/05-external-validation.ipynb,All Notebooks of Swarabyanjan after run(2).zip,05-external-validation.ipynb,685b2be79ec58696f0d9f0e022dd7b7ef32a56c2ba2807a463d598ce3d804bdc,727289,LEGACY_REPAIR_NOTEBOOK
provenance/archive/notebooks/05-h3-statistical-repair-only.ipynb,All Notebooks of Swarabyanjan after run(2).zip,05-h3-statistical-repair-only.ipynb,5891a31b23564e1b502638422d837149c915c68fbd4345f10a86fe8ce0e8f177,66983,LEGACY_REPAIR_NOTEBOOK
provenance/archive/notebooks/06-fixed-budget-reliability-evaluation.ipynb,All Notebooks of Swarabyanjan after run(2).zip,06-fixed-budget-reliability-evaluation.ipynb,31a18d08ff612cb49f37822bd1705445743a8134fa58e8e957f5d7f21038df69,137829,LEGACY_REPAIR_NOTEBOOK
provenance/canonical/ANNOTATION_PROVENANCE.md,swarabyanjan-crossplatform-paper-STAGE10-RELEASE.zip,ANNOTATION_PROVENANCE.md,33c02caed917296a9a089dd2627528862bbe04de9f222e99da6b1edb3a3cf9fc,478,CANONICAL_PROVENANCE
provenance/release/COPY_LEDGER.json,swarabyanjan-crossplatform-paper-STAGE10-RELEASE.zip,COPY_LEDGER.json,640cd58d72db97702e53ef2d044326ffc11ddf826a2328d8793d679618cf7226,103279,RELEASE_PROVENANCE
data/access/DATA_AVAILABILITY.md,swarabyanjan-crossplatform-paper-STAGE10-RELEASE.zip,DATA_AVAILABILITY.md,1b9aa9ed05eacbaf4e5c7d671500b03748fb345cd2628d204936f44767800eae,825,DATA_ACCESS_DOCUMENTATION
data/access/DATA_LICENSE.md,swarabyanjan-crossplatform-paper-STAGE10-RELEASE.zip,DATA_LICENSE.md,b4c6aab1b2c5fb3ccf45cb1655eae769eb39391aa79c913941dde65247f8e895,2459,DATA_ACCESS_DOCUMENTATION
provenance/release/DISCOVERED_STAGE_ROOTS.json,swarabyanjan-crossplatform-paper-STAGE10-RELEASE.zip,DISCOVERED_STAGE_ROOTS.json,40488c1cf985103966364264c587ef981e52a33596665a7119e9e0a82d47f05c,2908,RELEASE_PROVENANCE
provenance/canonical/ENVIRONMENT.md,swarabyanjan-crossplatform-paper-STAGE10-RELEASE.zip,ENVIRONMENT.md,6648970beaa9a4a02782c230bc4ed2262c5f3cb1c3bfd9d9a74256461afb6f0e,621,CANONICAL_PROVENANCE
provenance/canonical/ENVIRONMENT_GAP.md,swarabyanjan-crossplatform-paper-STAGE10-RELEASE.zip,ENVIRONMENT_GAP.md,ab011c8bd7596f5782beedcf5cb333b98723dc8b094f5c6f5083f1a1b940f004,996,CANONICAL_PROVENANCE
provenance/canonical/HARDWARE.md,swarabyanjan-crossplatform-paper-STAGE10-RELEASE.zip,HARDWARE.md,0b6d1c45767d1216b5618f6573bf02cac50d367667301ff1b80734e1cb141387,1120,CANONICAL_PROVENANCE
provenance/canonical/HISTORICALLY_RECORDED_ENVIRONMENT.json,swarabyanjan-crossplatform-paper-STAGE10-RELEASE.zip,HISTORICALLY_RECORDED_ENVIRONMENT.json,c0299329d2afa64869e5e8a831a7645b0a84740510ac8c91deb3fb3ec162d234,15780,CANONICAL_PROVENANCE
provenance/canonical/MANUSCRIPT_EVIDENCE_MATRIX.csv,swarabyanjan-crossplatform-paper-STAGE10-RELEASE.zip,MANUSCRIPT_EVIDENCE_MATRIX.csv,b4ac8e9658cf766edf6acfe1e0a04228b5feafc687e1971b33d9733764be6bb0,4758,CANONICAL_PROVENANCE
data/access/MODEL_LICENSES.md,swarabyanjan-crossplatform-paper-STAGE10-RELEASE.zip,MODEL_LICENSES.md,a716694988acd0befff5516898eeb69355286acc0e85062bffc685ebd66476ac,5792,DATA_ACCESS_DOCUMENTATION
provenance/release/NOTEBOOK_IDENTITY_AUDIT.json,swarabyanjan-crossplatform-paper-STAGE10-RELEASE.zip,NOTEBOOK_IDENTITY_AUDIT.json,963d27d151fd3235afce5e97da65ac08f15ec7b7595036c31e48f91467c13638,9043,RELEASE_PROVENANCE
provenance/release/NOTEBOOK_STATIC_CONTRACT_SCAN.json,swarabyanjan-crossplatform-paper-STAGE10-RELEASE.zip,NOTEBOOK_STATIC_CONTRACT_SCAN.json,9acad8ca13767904cd4015a5a1f7c7c99aa0811f1dc8cc0571ee6391d3f49527,92724,RELEASE_PROVENANCE
provenance/canonical/OPTIONAL_LARGE_TRAINING_ARTIFACTS.csv,swarabyanjan-crossplatform-paper-STAGE10-RELEASE.zip,OPTIONAL_LARGE_TRAINING_ARTIFACTS.csv,eaa2b8591e348822f1e9696d52cf48b25024ce4216e01524682de0ef1cc76e43,9201,CANONICAL_PROVENANCE
provenance/canonical/PRIVACY_PII.md,swarabyanjan-crossplatform-paper-STAGE10-RELEASE.zip,PRIVACY_PII.md,92a4a92ca48cb6f5c4f24e2c0318ccc6345a818c681fae0e3998591ca1cd41b5,628,CANONICAL_PROVENANCE
provenance/canonical/PROTOCOL.md,swarabyanjan-crossplatform-paper-STAGE10-RELEASE.zip,PROTOCOL.md,d352190c869756a90fb58b413e34f6e07650e75cc7eac799551ef08a7f40f944,744,CANONICAL_PROVENANCE
provenance/release/RELEASE_MANIFEST.json,swarabyanjan-crossplatform-paper-STAGE10-RELEASE.zip,RELEASE_MANIFEST.json,1ce008b2faa4e1e2262595ba9703492a95c078513d51c96049a20f0d6e5b2ce8,156593,RELEASE_PROVENANCE
provenance/release/RELEASE_SHA256SUMS.txt,swarabyanjan-crossplatform-paper-STAGE10-RELEASE.zip,RELEASE_SHA256SUMS.txt,ad6b866c54ab627f01224f0716d184617db516b7cd2b9bbe0abb95e616275856,91631,RELEASE_PROVENANCE
provenance/release/RELEASE_STATUS.json,swarabyanjan-crossplatform-paper-STAGE10-RELEASE.zip,RELEASE_STATUS.json,e9b8b48f71d25d903ed6dca8a53c7439ac89ab904e2d148e14c163de0b36b8c4,1039,RELEASE_PROVENANCE
requirements.txt,swarabyanjan-crossplatform-paper-STAGE10-RELEASE.zip,requirements.txt,150dea8faa4e5a7a4d143f28f9e9e043a8606e66b5ea6fdca62287616312ddbf,16536,ENVIRONMENT_REQUIREMENTS
provenance/release/STAGE01_INPUT_FORM_DIAGNOSTIC.json,swarabyanjan-crossplatform-paper-STAGE10-RELEASE.zip,STAGE01_INPUT_FORM_DIAGNOSTIC.json,3120e24f4ef456b6f8efc744fec78886488d390c6fe8735ee8bbc783186d6e4f,2445,RELEASE_PROVENANCE
provenance/release/STAGE10_ASSEMBLY_ENVIRONMENT.json,swarabyanjan-crossplatform-paper-STAGE10-RELEASE.zip,STAGE10_ASSEMBLY_ENVIRONMENT.json,2be94eac934822b413ce54f72bbbe68590992c30ce26cccca6dbc577e2fae24d,24466,RELEASE_PROVENANCE
provenance/release/STAGE_ARTIFACT_DEPENDENCY_MAP.json,swarabyanjan-crossplatform-paper-STAGE10-RELEASE.zip,STAGE_ARTIFACT_DEPENDENCY_MAP.json,3fb7702f047f06afadac6a37fa81ac89a04ab7e13fb33a98f67bfe2dc8b3930f,77581,RELEASE_PROVENANCE
provenance/release/STAGE_LOCKS.json,swarabyanjan-crossplatform-paper-STAGE10-RELEASE.zip,STAGE_LOCKS.json,156d9c5a7bdffc9ab7298c928fd73009a111d31d6f664ce0e8a235615e3c7129,4544,RELEASE_PROVENANCE
provenance/canonical/stage01/ACQUISITION_MANIFEST.json,swarabyanjan-crossplatform-paper-STAGE10-RELEASE.zip,01_frozen_banglabait/ACQUISITION_MANIFEST.json,e09b083a38698648f0fe435bb8ff83f5c89896e37538de767549d9f05f72e455,15254,CANONICAL_PROVENANCE
provenance/canonical/stage01/ACQUISITION_STATUS.json,swarabyanjan-crossplatform-paper-STAGE10-RELEASE.zip,01_frozen_banglabait/ACQUISITION_STATUS.json,96a79231563344688eb35f1bf3a4e55b17a0d6dff6f9f9fa6f9784417cefac18,9986,CANONICAL_PROVENANCE
data/access/RAW_DATA_NOT_REDISTRIBUTED.md,swarabyanjan-crossplatform-paper-STAGE10-RELEASE.zip,01_frozen_banglabait/RAW_DATA_NOT_REDISTRIBUTED.md,2b90bbf13e631f70e8fb4631a0c6e19655782d36daea4c43949048bf7d98c557,307,DATA_ACCESS_DOCUMENTATION
provenance/canonical/stage01/README_HANDOFF.txt,swarabyanjan-crossplatform-paper-STAGE10-RELEASE.zip,01_frozen_banglabait/README_HANDOFF.txt,50813e4ebfcdf88965c667973d3fd8c61fa417500fae98c491a2ae5da791f124,1391,CANONICAL_PROVENANCE
provenance/canonical/stage01/SHA256SUMS.txt,swarabyanjan-crossplatform-paper-STAGE10-RELEASE.zip,01_frozen_banglabait/SHA256SUMS.txt,3630605b75b593e3f6a5927a34e168de71ad6b6f5091a59b02f71e28b3a05ffa,2769,CANONICAL_PROVENANCE
provenance/canonical/stage01/SOURCES_LOCK.json,swarabyanjan-crossplatform-paper-STAGE10-RELEASE.zip,01_frozen_banglabait/SOURCES_LOCK.json,435d3c4e812b47065669b7b58ebc3da00e7b8abcdedc73b3080b0ac074154634,6569,CANONICAL_PROVENANCE
provenance/canonical/stage02/CONSTRUCT_ALIGNMENT_MATRIX.csv,swarabyanjan-crossplatform-paper-STAGE10-RELEASE.zip,02_cleaning/CONSTRUCT_ALIGNMENT_MATRIX.csv,13931034a287d0148d99e5d80ff951542ce8dacc2ea35d514da50781e7ed4ddf,1402,CANONICAL_PROVENANCE
provenance/canonical/stage02/CROSS_DATASET_OVERLAP_REPORT.csv,swarabyanjan-crossplatform-paper-STAGE10-RELEASE.zip,02_cleaning/CROSS_DATASET_OVERLAP_REPORT.csv,7bc9458a83986d8ad3608ee36383068e56d103130a9c8a5e9dfa8fa79d094ca5,23335,CANONICAL_PROVENANCE
provenance/canonical/stage02/DATASET_SCHEMA_REPORT.csv,swarabyanjan-crossplatform-paper-STAGE10-RELEASE.zip,02_cleaning/DATASET_SCHEMA_REPORT.csv,34a6352b96774e7b2f420364f8c20a7de923dcebd6c0abfaafbacb354badf520,19977,CANONICAL_PROVENANCE
provenance/canonical/stage02/DUPLICATE_REPORT.csv,swarabyanjan-crossplatform-paper-STAGE10-RELEASE.zip,02_cleaning/DUPLICATE_REPORT.csv,880fdc46bbdacb5a5f1b9a9d5d02cc2ea193c97a64d46a374557ae8003e67367,3278,CANONICAL_PROVENANCE
provenance/canonical/stage02/EXECUTED_NOTEBOOK_CAPTURE_STATUS.json,swarabyanjan-crossplatform-paper-STAGE10-RELEASE.zip,02_cleaning/EXECUTED_NOTEBOOK_CAPTURE_STATUS.json,97bc4c0d358aac80a247b56a69f106938afadbbcae09b9681b9d9982a845c531,311,CANONICAL_PROVENANCE
provenance/canonical/stage02/execution.log,swarabyanjan-crossplatform-paper-STAGE10-RELEASE.zip,02_cleaning/execution.log,0da25615082371b86ed7463d6dd4f97368fc8429e85b131005354527d040ee0b,1454,CANONICAL_PROVENANCE
provenance/canonical/stage02/LABEL_DISTRIBUTION_REPORT.csv,swarabyanjan-crossplatform-paper-STAGE10-RELEASE.zip,02_cleaning/LABEL_DISTRIBUTION_REPORT.csv,aa899e5687ceb53dfd245245f7f89cfb31c8a679c20cef8f172319f897953224,2463,CANONICAL_PROVENANCE
provenance/canonical/stage02/P0_AUDIT_REPORT.json,swarabyanjan-crossplatform-paper-STAGE10-RELEASE.zip,02_cleaning/P0_AUDIT_REPORT.json,59a4b6be556af89de26768202dc252cb92e2394dea20e26a1024c58548c233cd,292961,CANONICAL_PROVENANCE
provenance/canonical/stage02/P0_AUDIT_SUMMARY.md,swarabyanjan-crossplatform-paper-STAGE10-RELEASE.zip,02_cleaning/P0_AUDIT_SUMMARY.md,6ef24330d18debc667395e8c902bc57f74c906a77947950c8964d773c8926093,1730,CANONICAL_PROVENANCE
provenance/canonical/stage02/P0_BLOCKER_FORENSICS.json,swarabyanjan-crossplatform-paper-STAGE10-RELEASE.zip,02_cleaning/P0_BLOCKER_FORENSICS.json,d24c412ae58143685dfa6978b7a5849f35796141ea770805f781b111c2506ded,128706,CANONICAL_PROVENANCE
provenance/canonical/stage02/P0_DETERMINISTIC_OUTPUT_SHA256SUMS.txt,swarabyanjan-crossplatform-paper-STAGE10-RELEASE.zip,02_cleaning/P0_DETERMINISTIC_OUTPUT_SHA256SUMS.txt,b8495b804c813692b766266c73764bcba186f9a6d849dab37bc00f4b11d8e81d,1022,CANONICAL_PROVENANCE
provenance/canonical/stage02/P0_HASH_VERIFICATION.txt,swarabyanjan-crossplatform-paper-STAGE10-RELEASE.zip,02_cleaning/P0_HASH_VERIFICATION.txt,ca65d5863c4c64e4dea59fe3fea6f3318b840cf5807634f184fb9adb6c8b1e94,1143,CANONICAL_PROVENANCE
provenance/canonical/stage02/P0_OUTPUT_SHA256SUMS.txt,swarabyanjan-crossplatform-paper-STAGE10-RELEASE.zip,02_cleaning/P0_OUTPUT_SHA256SUMS.txt,d3111248dae423fdac5d2361ddb154b1d0928374151aee13f99ab2f8fdd822f2,1602,CANONICAL_PROVENANCE
provenance/canonical/stage02/P0_RUN_METADATA.json,swarabyanjan-crossplatform-paper-STAGE10-RELEASE.zip,02_cleaning/P0_RUN_METADATA.json,1737539c088f06dad77e6141f403f7902cfcba768d5060a2dd3a7f305391daa0,3075,CANONICAL_PROVENANCE
provenance/canonical/stage02/PROTECTED_TITLE_QUALITY_REPORT.csv,swarabyanjan-crossplatform-paper-STAGE10-RELEASE.zip,02_cleaning/PROTECTED_TITLE_QUALITY_REPORT.csv,32fd5281447a57dcd937e4c95ce1fe03b077b6b4fa587097ce4a5fdf2bf81962,689,CANONICAL_PROVENANCE
provenance/canonical/stage02/PROVENANCE_DEPENDENCY_GRAPH.json,swarabyanjan-crossplatform-paper-STAGE10-RELEASE.zip,02_cleaning/PROVENANCE_DEPENDENCY_GRAPH.json,0fb2583bd76544ba321548117839e0a6fe6b6d4b2050e3aff38e2a8d69162923,12625,CANONICAL_PROVENANCE
provenance/canonical/stage02/SPLIT_FIREWALL.json,swarabyanjan-crossplatform-paper-STAGE10-RELEASE.zip,02_cleaning/SPLIT_FIREWALL.json,8640abf888c22894785b77598cdd39b7282426039dd695b04c748010d4a8db6b,3244,CANONICAL_PROVENANCE
provenance/canonical/stage03/CLEAN_DATA_MANIFEST.json,swarabyanjan-crossplatform-paper-STAGE10-RELEASE.zip,03_modeling/CLEAN_DATA_MANIFEST.json,531afe103f022de7be88a6335dc9e1a340f6fbf9ee05cf45565d7efea2d03688,9841445,CANONICAL_PROVENANCE
data/derived/primary/stage03/CLEAN_ROW_MANIFEST.parquet,swarabyanjan-crossplatform-paper-STAGE10-RELEASE.zip,03_modeling/CLEAN_ROW_MANIFEST.parquet,db3274dbe23ac30ee9e2572b60b7804dcfd461aecf13e1300a388cd62e60cef5,2030699,DERIVED_PRIMARY_DATA
data/derived/primary/stage03/CLEAN_SPLIT_SUMMARY.csv,swarabyanjan-crossplatform-paper-STAGE10-RELEASE.zip,03_modeling/CLEAN_SPLIT_SUMMARY.csv,3c7910f9945b1b7e96f9f82738a8df5fec163ac93bd96ece80a00761303a702f,814,DERIVED_PRIMARY_DATA
configs/CUE_FEATURE_SCHEMA.json,swarabyanjan-crossplatform-paper-STAGE10-RELEASE.zip,03_modeling/CUE_FEATURE_SCHEMA.json,594b17a71c330e288c2d7a77fda320fa1ed581a13f81fbfa014498dfad8f8e0f,3959,CANONICAL_CONFIGURATION
provenance/canonical/stage03/D0_REPORT.json,swarabyanjan-crossplatform-paper-STAGE10-RELEASE.zip,03_modeling/D0_REPORT.json,bbfeb8302ab3fa1ba9262fd2fd342df475d6a6469d4eb22e88c77a29737188f6,3071,CANONICAL_PROVENANCE
provenance/canonical/stage03/DECONTAMINATION_FORENSICS.json,swarabyanjan-crossplatform-paper-STAGE10-RELEASE.zip,03_modeling/DECONTAMINATION_FORENSICS.json,46e439c949d74940382aaa6de35424733a5b6c9a0fbaf4866db69d5d3aef8f7f,34391,CANONICAL_PROVENANCE
provenance/canonical/stage03/ENVIRONMENT_PREFLIGHT.json,swarabyanjan-crossplatform-paper-STAGE10-RELEASE.zip,03_modeling/ENVIRONMENT_PREFLIGHT.json,83833e3849d4431886ebcc47eecb33e93974e07160ef43c561687d9da3a2ff44,1217,CANONICAL_PROVENANCE
provenance/canonical/stage03/FROZEN_INPUT_DISCOVERY.json,swarabyanjan-crossplatform-paper-STAGE10-RELEASE.zip,03_modeling/FROZEN_INPUT_DISCOVERY.json,ff16ad40411597fa841d3edfc537ba3cd9f83f77a6fa15c78b20d747f5906860,636,CANONICAL_PROVENANCE
provenance/canonical/stage03/INPUT_IDENTITY.json,swarabyanjan-crossplatform-paper-STAGE10-RELEASE.zip,03_modeling/INPUT_IDENTITY.json,bf8f2517eca9c0979ffd1f417c1b06c8567263495191822ba6679d8950a046a8,1060,CANONICAL_PROVENANCE
provenance/canonical/stage03/MODEL_ARTIFACT_MANIFEST.json,swarabyanjan-crossplatform-paper-STAGE10-RELEASE.zip,03_modeling/MODEL_ARTIFACT_MANIFEST.json,184f3eabd32ab6f0d56da72cdb2b6a908b32b4d662c47eb40a6597acf9acad52,15705,CANONICAL_PROVENANCE
configs/MODEL_CONFIG_LOCK.json,swarabyanjan-crossplatform-paper-STAGE10-RELEASE.zip,03_modeling/MODEL_CONFIG_LOCK.json,9f483d4e82d36d2f9a992089f79597fbd4f691da12596db7ded23bc47a3911a3,4992,CANONICAL_CONFIGURATION
provenance/canonical/stage03/RUN_METADATA.json,swarabyanjan-crossplatform-paper-STAGE10-RELEASE.zip,03_modeling/RUN_METADATA.json,b43678999b2a0da832ffff0e987598ba56f1d5c6cb84c69636473666a1cfc6e9,2469,CANONICAL_PROVENANCE
provenance/canonical/stage03/STAGE03_CORE_SHA256SUMS.txt,swarabyanjan-crossplatform-paper-STAGE10-RELEASE.zip,03_modeling/STAGE03_CORE_SHA256SUMS.txt,50f1628e73f341be0f49f181aac6e464fb049773611aa4de68f994cec12d63fb,2812,CANONICAL_PROVENANCE
provenance/canonical/stage03/STAGE03_SHA256SUMS.txt,swarabyanjan-crossplatform-paper-STAGE10-RELEASE.zip,03_modeling/STAGE03_SHA256SUMS.txt,e40f3c9ac69cb9f23e080e6070a1cd3b28969f43e3592d7b52a04f02a8dbafb2,6901,CANONICAL_PROVENANCE
provenance/canonical/stage03/STAGE03_SUMMARY.md,swarabyanjan-crossplatform-paper-STAGE10-RELEASE.zip,03_modeling/STAGE03_SUMMARY.md,dac8b54e9ef157ebcdf24d75f51e96de2c10e16b7f6d9b2ff917c908b9397a4a,429,CANONICAL_PROVENANCE
provenance/canonical/stage03/STAGE_STATUS.json,swarabyanjan-crossplatform-paper-STAGE10-RELEASE.zip,03_modeling/STAGE_STATUS.json,3595786df6ea2218662e019371c19cfa853f032aa2e99fbe7c44dd2298234ae6,379,CANONICAL_PROVENANCE
provenance/canonical/stage03/TRAIN_DEV_SPLIT_MANIFEST.json,swarabyanjan-crossplatform-paper-STAGE10-RELEASE.zip,03_modeling/TRAIN_DEV_SPLIT_MANIFEST.json,b72f6a055215c5ff6ace81bd9196191a94cf1b7c63605cbf421948a461fcbae4,624,CANONICAL_PROVENANCE
data/derived/primary/stage03/TRAIN_DEV_SPLIT_ROWS.parquet,swarabyanjan-crossplatform-paper-STAGE10-RELEASE.zip,03_modeling/TRAIN_DEV_SPLIT_ROWS.parquet,fc1cc2f049e84be3dcb66dd08c373fd2d09a465af10372f0d3f508600475a827,749525,DERIVED_PRIMARY_DATA
data/derived/primary/stage03/clean_splits/banglabait_dev_clean.parquet,swarabyanjan-crossplatform-paper-STAGE10-RELEASE.zip,03_modeling/clean_splits/banglabait_dev_clean.parquet,584533f179c3bef867ef93e9b431d24f063ee85ea010ed38ecc850dd041d4ef4,227702,DERIVED_PRIMARY_DATA
data/derived/primary/stage03/clean_splits/banglabait_test_clean.parquet,swarabyanjan-crossplatform-paper-STAGE10-RELEASE.zip,03_modeling/clean_splits/banglabait_test_clean.parquet,3f033ca9479db97e1f11684b6ae223f095678e8fa6b1f2a7b9fa03ac51147e96,571585,DERIVED_PRIMARY_DATA
data/derived/primary/stage03/clean_splits/banglabait_train_clean.parquet,swarabyanjan-crossplatform-paper-STAGE10-RELEASE.zip,03_modeling/clean_splits/banglabait_train_clean.parquet,a00c02c92a51eef1e5fb10f358909e5feceaaa3413cae83f080a952c206a3c89,2104360,DERIVED_PRIMARY_DATA
results/primary/stage03/models/ebm_seed137.joblib,swarabyanjan-crossplatform-paper-STAGE10-RELEASE.zip,03_modeling/models/ebm_seed137.joblib,0e420c3e7a29be6e2fe4195685ab36984701dedf9ac723b3f7f05f4785590577,21426,PRIMARY_MODEL_ARTIFACT
results/primary/stage03/models/ebm_seed2718.joblib,swarabyanjan-crossplatform-paper-STAGE10-RELEASE.zip,03_modeling/models/ebm_seed2718.joblib,49028e420b290d2a8d5eeafe882d6b4ef2209b4bd276514ad9148931010f4419,21385,PRIMARY_MODEL_ARTIFACT
results/primary/stage03/models/ebm_seed31415.joblib,swarabyanjan-crossplatform-paper-STAGE10-RELEASE.zip,03_modeling/models/ebm_seed31415.joblib,f46e18631ec4bd1c781986920f1774d649c419e703c0589c445e9764d8788768,21405,PRIMARY_MODEL_ARTIFACT
results/primary/stage03/models/ebm_seed42.joblib,swarabyanjan-crossplatform-paper-STAGE10-RELEASE.zip,03_modeling/models/ebm_seed42.joblib,7b3bd07b386e8ab32a91b253cb043fb2f2901be1b13a800edc4eb7be8638e2b1,21394,PRIMARY_MODEL_ARTIFACT
results/primary/stage03/models/ebm_seed65537.joblib,swarabyanjan-crossplatform-paper-STAGE10-RELEASE.zip,03_modeling/models/ebm_seed65537.joblib,2a530d2bbcdb70334967a90d7dc8de7d1552d1ebe7b7c1b08e8fed58eb58a15a,21414,PRIMARY_MODEL_ARTIFACT
results/primary/stage03/models/tfidf_lr_seed137.joblib,swarabyanjan-crossplatform-paper-STAGE10-RELEASE.zip,03_modeling/models/tfidf_lr_seed137.joblib,33682958995021ed62cd7fe00561c69c63fcf7678ef4b251f984fe626d691444,1806907,PRIMARY_MODEL_ARTIFACT
results/primary/stage03/models/tfidf_lr_seed2718.joblib,swarabyanjan-crossplatform-paper-STAGE10-RELEASE.zip,03_modeling/models/tfidf_lr_seed2718.joblib,26ea76e64c8a995809b2990320152eeab9169319557a1970a7715850947c2766,1806909,PRIMARY_MODEL_ARTIFACT
results/primary/stage03/models/tfidf_lr_seed31415.joblib,swarabyanjan-crossplatform-paper-STAGE10-RELEASE.zip,03_modeling/models/tfidf_lr_seed31415.joblib,0ce702f21924bd6840953d6b5351d245638ded1ec71513d2cf36040f31868ff8,1806911,PRIMARY_MODEL_ARTIFACT
results/primary/stage03/models/tfidf_lr_seed42.joblib,swarabyanjan-crossplatform-paper-STAGE10-RELEASE.zip,03_modeling/models/tfidf_lr_seed42.joblib,a3a302540bcc4c404c30a3ca865a9cd51d72daf2f51952f8faef363948f153fc,1806906,PRIMARY_MODEL_ARTIFACT
results/primary/stage03/models/tfidf_lr_seed65537.joblib,swarabyanjan-crossplatform-paper-STAGE10-RELEASE.zip,03_modeling/models/tfidf_lr_seed65537.joblib,05a7da63ee6caa1d2e871d39d809ad1aa95b15585fe53e93165406331268c974,1806907,PRIMARY_MODEL_ARTIFACT
provenance/canonical/stage04/CALIBRATION_ARTIFACT_MANIFEST.json,swarabyanjan-crossplatform-paper-STAGE10-RELEASE.zip,04_calibration/CALIBRATION_ARTIFACT_MANIFEST.json,26b9c68be2312a38ac65eda8f7462e32cbe1d7d288693d58e929cfe0c5f059bd,1022,CANONICAL_PROVENANCE
results/primary/stage04/CALIBRATION_REPORT.json,swarabyanjan-crossplatform-paper-STAGE10-RELEASE.zip,04_calibration/CALIBRATION_REPORT.json,1238029c025fc977f47fd0c8349e19a97621e45f502076ba2905032657897d4d,13217,PRIMARY_RESULT
data/derived/primary/stage04/DEV_PREDICTIONS.parquet,swarabyanjan-crossplatform-paper-STAGE10-RELEASE.zip,04_calibration/DEV_PREDICTIONS.parquet,e0d82db394fa7579fbea17b8e95dea9309fcb9628405daa23c67d10ea87c16ac,480272,DERIVED_PRIMARY_DATA
provenance/canonical/stage04/ENVIRONMENT_PREFLIGHT.json,swarabyanjan-crossplatform-paper-STAGE10-RELEASE.zip,04_calibration/ENVIRONMENT_PREFLIGHT.json,6655c1819e1edd5b66b331e345d7562dc4954a5e7c60d789282252de12cc8f0b,1182,CANONICAL_PROVENANCE
provenance/canonical/stage04/RUN_METADATA.json,swarabyanjan-crossplatform-paper-STAGE10-RELEASE.zip,04_calibration/RUN_METADATA.json,1771e124676debf94a43f9c43319fcbdf670bedfe4fb8969cf913e07bc2629e1,896,CANONICAL_PROVENANCE
provenance/canonical/stage04/STAGE04_SHA256SUMS.txt,swarabyanjan-crossplatform-paper-STAGE10-RELEASE.zip,04_calibration/STAGE04_SHA256SUMS.txt,75811e378257d905152d25b584bbbfc707a9cc36abe890eb5c12eb0f9ec9ab10,627,CANONICAL_PROVENANCE
provenance/canonical/stage04/STAGE04_SUMMARY.md,swarabyanjan-crossplatform-paper-STAGE10-RELEASE.zip,04_calibration/STAGE04_SUMMARY.md,16f75cf69cd962d809bb225db4bbc08baf2936a67babcdae38f075bee7587514,183,CANONICAL_PROVENANCE
provenance/canonical/stage04/STAGE_STATUS.json,swarabyanjan-crossplatform-paper-STAGE10-RELEASE.zip,04_calibration/STAGE_STATUS.json,cb3a7c9e3c0a744224a709102773828afa4f0e4eabfbc3fd4bca6694165dce60,283,CANONICAL_PROVENANCE
results/primary/stage04/TEMPERATURES.json,swarabyanjan-crossplatform-paper-STAGE10-RELEASE.zip,04_calibration/TEMPERATURES.json,ec6a9bf460e97b488d7a729299bfa66bbab33c8fcf5fd2c136871c2bb4fec011,925,PRIMARY_RESULT
data/derived/primary/stage05/BAITBUSTER_HUMAN_PREDICTIONS.parquet,swarabyanjan-crossplatform-paper-STAGE10-RELEASE.zip,05_external_validation_and_H3/BAITBUSTER_HUMAN_PREDICTIONS.parquet,a3e95820c62de00984a189e2c250f7fffd223ad4b3954db04a5368c7a544b7b9,22941908,DERIVED_PRIMARY_DATA
data/derived/primary/stage05/BANGLACLICK_PLATFORM_PREDICTIONS.parquet,swarabyanjan-crossplatform-paper-STAGE10-RELEASE.zip,05_external_validation_and_H3/BANGLACLICK_PLATFORM_PREDICTIONS.parquet,5685fd4142a0e8e7f85cd6040cf48042da2368d5f9596a7740c4f9f09c9519d5,18359666,DERIVED_PRIMARY_DATA
provenance/canonical/stage05/CACHE_SCHEMA_VALIDATION.json,swarabyanjan-crossplatform-paper-STAGE10-RELEASE.zip,05_external_validation_and_H3/CACHE_SCHEMA_VALIDATION.json,ff5c7fbc84d3de947d45c9ede489b6f14d7c823afe77d9cb84077e52f2d2e747,747,CANONICAL_PROVENANCE
provenance/canonical/stage05/ENVIRONMENT_PREFLIGHT.json,swarabyanjan-crossplatform-paper-STAGE10-RELEASE.zip,05_external_validation_and_H3/ENVIRONMENT_PREFLIGHT.json,68c0249f139c90a60cb0b7900f385045927e62457240ecb0f16ecc5117086b2f,502,CANONICAL_PROVENANCE
results/primary/stage05/H1_H2_PARITY_REPORT.json,swarabyanjan-crossplatform-paper-STAGE10-RELEASE.zip,05_external_validation_and_H3/H1_H2_PARITY_REPORT.json,2acbb54627bda0fbe3c0f58bdddeb8572d50a9d146bf9c40b5c13d90ed62805b,23380,PRIMARY_RESULT
results/primary/stage05/H1_RESULTS.json,swarabyanjan-crossplatform-paper-STAGE10-RELEASE.zip,05_external_validation_and_H3/H1_RESULTS.json,e6801e7092385f50edd19f41b5f2a3b57ae1eb15e09e573381e5e5076dcce6b3,385239,PRIMARY_RESULT
results/primary/stage05/H2_RESULTS.json,swarabyanjan-crossplatform-paper-STAGE10-RELEASE.zip,05_external_validation_and_H3/H2_RESULTS.json,f6c3f1fec5cc60748e96e01493689721130ff73bc9f7203eb7d4b2c5a04bc26d,91543,PRIMARY_RESULT
results/primary/stage05/H3P_POINT_PARITY.json,swarabyanjan-crossplatform-paper-STAGE10-RELEASE.zip,05_external_validation_and_H3/H3P_POINT_PARITY.json,2ef957f5665d8198c78cff2f4d0434fad36a3647e2b4988980f7704c204bf7f0,25294,PRIMARY_RESULT
results/primary/stage05/H3P_STATISTICAL_PARITY.json,swarabyanjan-crossplatform-paper-STAGE10-RELEASE.zip,05_external_validation_and_H3/H3P_STATISTICAL_PARITY.json,6431a6263cc5b938265261f271bdf2056527e6800cd759c7166cb578100c21c4,27394,PRIMARY_RESULT
results/primary/stage05/H3_BAITBUSTER_REPLICATION_CORRECTED.csv,swarabyanjan-crossplatform-paper-STAGE10-RELEASE.zip,05_external_validation_and_H3/H3_BAITBUSTER_REPLICATION_CORRECTED.csv,21edf57be9a4bd152d4e63a3df6a5de189851f82f02cb6dd1bafb14e1199c963,8103,PRIMARY_RESULT
results/primary/stage05/H3_CUE_PLATFORM_CONTRASTS_CORRECTED.csv,swarabyanjan-crossplatform-paper-STAGE10-RELEASE.zip,05_external_validation_and_H3/H3_CUE_PLATFORM_CONTRASTS_CORRECTED.csv,4f0ccab8a083ffda3818a21294d3ec031cb52ca96d7e4f61b6784649381e0aad,32006,PRIMARY_RESULT
results/primary/stage05/H3_PERTURBATION_EXCLUSIONS.csv,swarabyanjan-crossplatform-paper-STAGE10-RELEASE.zip,05_external_validation_and_H3/H3_PERTURBATION_EXCLUSIONS.csv,23a55bf1da181f4b7f6ae4284572ae1fda5085f052b140eff731c2efda3fd8da,7840,PRIMARY_RESULT
data/derived/primary/stage05/H3_PERTURBATION_PAIRS.parquet,swarabyanjan-crossplatform-paper-STAGE10-RELEASE.zip,05_external_validation_and_H3/H3_PERTURBATION_PAIRS.parquet,aa43d73922dbd9ab7b7d753a6aef8e25ad7e6438836fd13394b7925514ed5bb1,12545189,DERIVED_PRIMARY_DATA
results/primary/stage05/H3_PERTURBATION_RESULTS.json,swarabyanjan-crossplatform-paper-STAGE10-RELEASE.zip,05_external_validation_and_H3/H3_PERTURBATION_RESULTS.json,f480dfd1cd3960c8fd93fed9c3beb1b5249e0d8ac37565d622b59d7bef55e74c,81214,PRIMARY_RESULT
results/primary/stage05/H3_RESULTS.json,swarabyanjan-crossplatform-paper-STAGE10-RELEASE.zip,05_external_validation_and_H3/H3_RESULTS.json,9452ad840147f598ed305a721763e79d99dbe167475266a90e278b932009be22,103179,PRIMARY_RESULT
results/primary/stage05/H3_SPARSITY_REPORT.csv,swarabyanjan-crossplatform-paper-STAGE10-RELEASE.zip,05_external_validation_and_H3/H3_SPARSITY_REPORT.csv,7eec63c257f9651fba6fcec51407f33d224e0c976fbfa894be16efe50619ad80,4820,PRIMARY_RESULT
provenance/canonical/stage05/INFERENCE_CACHE_PROVENANCE.json,swarabyanjan-crossplatform-paper-STAGE10-RELEASE.zip,05_external_validation_and_H3/INFERENCE_CACHE_PROVENANCE.json,5502b15a2b289dd0c3017231c26adc8ccec5357e82868ea4b441381440aa213f,1539,CANONICAL_PROVENANCE
data/derived/primary/stage05/LOCKED_SOURCE_TEST_PREDICTIONS.parquet,swarabyanjan-crossplatform-paper-STAGE10-RELEASE.zip,05_external_validation_and_H3/LOCKED_SOURCE_TEST_PREDICTIONS.parquet,df863d7a24f7d451451822890de58613c3295eb0bcc1aa882150137b0aa9880a,1716919,DERIVED_PRIMARY_DATA
provenance/canonical/stage05/RUN_METADATA.json,swarabyanjan-crossplatform-paper-STAGE10-RELEASE.zip,05_external_validation_and_H3/RUN_METADATA.json,586d61290e750e8883de277285615910e4400d6349309fc1d5e54bd8b9438baf,1467,CANONICAL_PROVENANCE
results/primary/stage05/SENSITIVITY_RESULTS.json,swarabyanjan-crossplatform-paper-STAGE10-RELEASE.zip,05_external_validation_and_H3/SENSITIVITY_RESULTS.json,af25b3d80c4784c7d73502ab6451dadba1561e25557000713dd5f1f18b7ef2d3,269291,PRIMARY_RESULT
provenance/canonical/stage05/STAGE05_ARTIFACT_MANIFEST.json,swarabyanjan-crossplatform-paper-STAGE10-RELEASE.zip,05_external_validation_and_H3/STAGE05_ARTIFACT_MANIFEST.json,7246bc3a49a5f8d8472005cea9f6062d118431cd67d5dd2c4fd8f2ee31f52c27,3955,CANONICAL_PROVENANCE
provenance/canonical/stage05/STAGE05_SHA256SUMS.txt,swarabyanjan-crossplatform-paper-STAGE10-RELEASE.zip,05_external_validation_and_H3/STAGE05_SHA256SUMS.txt,7171a0e581d8fb4bde2a630f4de631d74962954ee3890b8123d78a720823450a,2157,CANONICAL_PROVENANCE
provenance/canonical/stage05/STAGE05_SUMMARY.md,swarabyanjan-crossplatform-paper-STAGE10-RELEASE.zip,05_external_validation_and_H3/STAGE05_SUMMARY.md,4f589edc474ec4e4be9f77772c947290b5f86534be1ce47e6fd2ba72b8ed90ff,639,CANONICAL_PROVENANCE
provenance/canonical/stage05/STAGE_STATUS.json,swarabyanjan-crossplatform-paper-STAGE10-RELEASE.zip,05_external_validation_and_H3/STAGE_STATUS.json,005399d829bb66870810faa3f140757a7ee3d82eac4bae394fbbe79e701db8e6,742,CANONICAL_PROVENANCE
provenance/canonical/stage05/STATISTICAL_SUMMARY.json,swarabyanjan-crossplatform-paper-STAGE10-RELEASE.zip,05_external_validation_and_H3/STATISTICAL_SUMMARY.json,3b53670796e7970434d365adb84599a8bf2ee9f7edf822c33b5be38945334572,192046,CANONICAL_PROVENANCE
provenance/canonical/stage06/BOOTSTRAP_RUNTIME.json,swarabyanjan-crossplatform-paper-STAGE10-RELEASE.zip,06_fixed_budget_reliability/BOOTSTRAP_RUNTIME.json,b9ff280b6eef366c1f74d63cd8aa4db0cecd23b9a6d07124f304a21e5a5b0785,17904,CANONICAL_PROVENANCE
provenance/canonical/stage06/ENVIRONMENT_PREFLIGHT.json,swarabyanjan-crossplatform-paper-STAGE10-RELEASE.zip,06_fixed_budget_reliability/ENVIRONMENT_PREFLIGHT.json,0872dedb58989612d98a2fd21940ac61c5c64b69104a3bc36b3e9d94b71ba3fa,643,CANONICAL_PROVENANCE
provenance/canonical/stage06/FINAL_STATISTICAL_SUMMARY.json,swarabyanjan-crossplatform-paper-STAGE10-RELEASE.zip,06_fixed_budget_reliability/FINAL_STATISTICAL_SUMMARY.json,7da3348041074eb524fbdd7d9b8932779ffd69cf54d4b5a1af747b55acbe9f64,515774,CANONICAL_PROVENANCE
results/primary/stage06/FIXED_BUDGET_TABLES.csv,swarabyanjan-crossplatform-paper-STAGE10-RELEASE.zip,06_fixed_budget_reliability/FIXED_BUDGET_TABLES.csv,3df30404ce1bcb8693b8cbabc0038bcc723aa2be3957c0c8b4ead9e93b19287b,65342,PRIMARY_RESULT
results/primary/stage06/H4_RESULTS.json,swarabyanjan-crossplatform-paper-STAGE10-RELEASE.zip,06_fixed_budget_reliability/H4_RESULTS.json,299fc2e1394c80e1a090ac14d632e0f502b5b779c459e47dcb4e96130b621462,714531,PRIMARY_RESULT
provenance/canonical/stage06/REPRODUCIBILITY_MANIFEST.json,swarabyanjan-crossplatform-paper-STAGE10-RELEASE.zip,06_fixed_budget_reliability/REPRODUCIBILITY_MANIFEST.json,5a2962014445c723379b07fcf02e601644818c36e6c15fb7ee9478ca34711285,2610,CANONICAL_PROVENANCE
results/primary/stage06/RISK_COVERAGE_DATA.csv,swarabyanjan-crossplatform-paper-STAGE10-RELEASE.zip,06_fixed_budget_reliability/RISK_COVERAGE_DATA.csv,cd2f4ef94c06addf9207dfcab94e5c19c94586767f47409760a5e64a3b0f2797,1455294,PRIMARY_RESULT
provenance/canonical/stage06/RUN_METADATA.json,swarabyanjan-crossplatform-paper-STAGE10-RELEASE.zip,06_fixed_budget_reliability/RUN_METADATA.json,897d2563cbc3ad7b13cec2737bb2668a7086cc3902267cd18c92ce72b65977cd,2375,CANONICAL_PROVENANCE
provenance/canonical/stage06/STAGE06_SHA256SUMS.txt,swarabyanjan-crossplatform-paper-STAGE10-RELEASE.zip,06_fixed_budget_reliability/STAGE06_SHA256SUMS.txt,5f8d0f7fc9cde5e0f159bf4c5f4ca8387441675407b4c43ab87a8063afac3beb,1517,CANONICAL_PROVENANCE
provenance/canonical/stage06/STAGE06_SUMMARY.md,swarabyanjan-crossplatform-paper-STAGE10-RELEASE.zip,06_fixed_budget_reliability/STAGE06_SUMMARY.md,38747d3cbd12e7e659e4ed51ff4d9bfa82e36eb90dd045b835c58bfe458e2195,609,CANONICAL_PROVENANCE
provenance/canonical/stage06/STAGE_STATUS.json,swarabyanjan-crossplatform-paper-STAGE10-RELEASE.zip,06_fixed_budget_reliability/STAGE_STATUS.json,769f33b4771f3ec55700384ae6db7e9e2feb115d23717b27cbd9c17e4983538d,497,CANONICAL_PROVENANCE
provenance/canonical/stage06/UPSTREAM_PROVENANCE_GATE.json,swarabyanjan-crossplatform-paper-STAGE10-RELEASE.zip,06_fixed_budget_reliability/UPSTREAM_PROVENANCE_GATE.json,0f98d1a2ac5cab5c692f6b35fd76af79dd72bf07f48ddfea26ab019cc89a12e7,1333,CANONICAL_PROVENANCE
results/primary/stage06/figures/risk_coverage_banglabert.png,swarabyanjan-crossplatform-paper-STAGE10-RELEASE.zip,06_fixed_budget_reliability/figures/risk_coverage_banglabert.png,b52b586ae13539bebf990af4619a4f060069db624f4d94c26577ab3d8685b3a0,130077,PRIMARY_RESULT
results/primary/stage06/figures/risk_coverage_ebm.png,swarabyanjan-crossplatform-paper-STAGE10-RELEASE.zip,06_fixed_budget_reliability/figures/risk_coverage_ebm.png,c5b5abb3ae5dfcc9fc69a2942ed479d4c94fc08da62f2666aae84fc63025c6d9,124328,PRIMARY_RESULT
results/primary/stage06/figures/risk_coverage_tfidf_lr.png,swarabyanjan-crossplatform-paper-STAGE10-RELEASE.zip,06_fixed_budget_reliability/figures/risk_coverage_tfidf_lr.png,733b618b098680d43324f9f5911f6726998f2352f7f2a08fab8177bdb6a152b3,130836,PRIMARY_RESULT
results/primary/stage06/figures/risk_coverage_xlmr.png,swarabyanjan-crossplatform-paper-STAGE10-RELEASE.zip,06_fixed_budget_reliability/figures/risk_coverage_xlmr.png,1b2d70f90eea0b9750f3b2d030d1497772bcee52b259398d95aae7622e77a7be,129703,PRIMARY_RESULT
results/primary/stage06/tables/H4_PRIMARY_10_PERCENT_BY_SEED.csv,swarabyanjan-crossplatform-paper-STAGE10-RELEASE.zip,06_fixed_budget_reliability/tables/H4_PRIMARY_10_PERCENT_BY_SEED.csv,d8e67ac45c31c6ef687539785f3e41a37c70ccffd8dc49660afd3a0bf67fa796,21878,PRIMARY_RESULT
results/primary/stage06/tables/H4_PRIMARY_10_PERCENT_SEED_SUMMARY.csv,swarabyanjan-crossplatform-paper-STAGE10-RELEASE.zip,06_fixed_budget_reliability/tables/H4_PRIMARY_10_PERCENT_SEED_SUMMARY.csv,343b677932be0342298e958ac38cc2721cb5f2ba10f0396a91185505ff312529,5108,PRIMARY_RESULT
provenance/canonical/stage07/BOOTSTRAP_RUNTIME.json,swarabyanjan-crossplatform-paper-STAGE10-RELEASE.zip,07_h3_h4_bridge_exploratory/BOOTSTRAP_RUNTIME.json,6257078d2fe9a6b56876544a50de4e8a6182c741b68222c25d0d020951872eb2,59,CANONICAL_PROVENANCE
results/primary/stage07/BRIDGE_32_CELL_POINT_TABLE.csv,swarabyanjan-crossplatform-paper-STAGE10-RELEASE.zip,07_h3_h4_bridge_exploratory/BRIDGE_32_CELL_POINT_TABLE.csv,f653117ee2a2fd826e5f015eb7ab4c7a28b5520c5f508b9158c87caa47ddd1da,6399,PRIMARY_RESULT
results/primary/stage07/BRIDGE_POINT_ASSOCIATIONS.json,swarabyanjan-crossplatform-paper-STAGE10-RELEASE.zip,07_h3_h4_bridge_exploratory/BRIDGE_POINT_ASSOCIATIONS.json,0b97ee5566b19e55d82ae194b3f611152e0a45f465b2b0d44114c559673f0a14,852,PRIMARY_RESULT
provenance/canonical/stage07/FROZEN_INPUT_SUMMARY.json,swarabyanjan-crossplatform-paper-STAGE10-RELEASE.zip,07_h3_h4_bridge_exploratory/FROZEN_INPUT_SUMMARY.json,abc562a8b1a950346307e9bafc6b329ca16a9e59532d74e02f78d28a9dc8c44f,661,CANONICAL_PROVENANCE
results/primary/stage07/H3_H4_BRIDGE_RESULTS.json,swarabyanjan-crossplatform-paper-STAGE10-RELEASE.zip,07_h3_h4_bridge_exploratory/H3_H4_BRIDGE_RESULTS.json,90ae9bc50b42640d3ca03c4e8697ea2b910e3c53de56e4b3c1df0a158f002deb,6753,PRIMARY_RESULT
results/primary/stage07/H3_POINT_PARITY.json,swarabyanjan-crossplatform-paper-STAGE10-RELEASE.zip,07_h3_h4_bridge_exploratory/H3_POINT_PARITY.json,fc871d2a4e514cc957ab28bc4989a401fe04f4d1d6429ea5781de809536ccf63,11930,PRIMARY_RESULT
results/primary/stage07/H4_POLICY_POINT_PARITY.json,swarabyanjan-crossplatform-paper-STAGE10-RELEASE.zip,07_h3_h4_bridge_exploratory/H4_POLICY_POINT_PARITY.json,723ebef5b8ca8db0467b14c5484882b3f3269819963ece7d29432fc8b25d0be6,24608,PRIMARY_RESULT
results/primary/stage07/LEAVE_ONE_PLATFORM_OUT_POINT_TABLE.csv,swarabyanjan-crossplatform-paper-STAGE10-RELEASE.zip,07_h3_h4_bridge_exploratory/LEAVE_ONE_PLATFORM_OUT_POINT_TABLE.csv,5c993233075b012347b16e1337966ffa7bbfee1098bb0a0ecd7ddd0b9a40b5b8,1755,PRIMARY_RESULT
results/primary/stage07/LEAVE_ONE_PLATFORM_OUT_ROBUSTNESS.json,swarabyanjan-crossplatform-paper-STAGE10-RELEASE.zip,07_h3_h4_bridge_exploratory/LEAVE_ONE_PLATFORM_OUT_ROBUSTNESS.json,613c6eb8e2725070ac1a2c65dbe6aa6cff2f76c34857e1f9b7e47e13bd41dc11,9031,PRIMARY_RESULT
provenance/canonical/stage07/REPRODUCIBILITY_MANIFEST.json,swarabyanjan-crossplatform-paper-STAGE10-RELEASE.zip,07_h3_h4_bridge_exploratory/REPRODUCIBILITY_MANIFEST.json,fa8651ff00a3306dfd48ed55d21df3ab2eef2fbd365db33657f5c2413822e714,3678,CANONICAL_PROVENANCE
provenance/canonical/stage07/STAGE07_SHA256SUMS.txt,swarabyanjan-crossplatform-paper-STAGE10-RELEASE.zip,07_h3_h4_bridge_exploratory/STAGE07_SHA256SUMS.txt,86c8aeb1c4c0062303b44d397fece5908c315ff8860fca59afc624bfdde39f8d,1135,CANONICAL_PROVENANCE
provenance/canonical/stage07/STAGE07_SUMMARY.md,swarabyanjan-crossplatform-paper-STAGE10-RELEASE.zip,07_h3_h4_bridge_exploratory/STAGE07_SUMMARY.md,023f6ba8ef3f34c4c521b26963b88f1ab122b9ac6d3e81e90c1cf77d36f2ce64,1402,CANONICAL_PROVENANCE
provenance/canonical/stage07/STAGE_STATUS.json,swarabyanjan-crossplatform-paper-STAGE10-RELEASE.zip,07_h3_h4_bridge_exploratory/STAGE_STATUS.json,566f063f1bef265c6d377565ee6a22ccc1cbbbaa083f7bad7a89423ec6222280,389,CANONICAL_PROVENANCE
provenance/canonical/stage07/UPSTREAM_PROVENANCE_GATE.json,swarabyanjan-crossplatform-paper-STAGE10-RELEASE.zip,07_h3_h4_bridge_exploratory/UPSTREAM_PROVENANCE_GATE.json,2486543472b9d4667f9f28eb2a84d879ce64d598fe0e6f7ce26e01e8648f6e47,2271,CANONICAL_PROVENANCE
provenance/canonical/stage08/figures,swarabyanjan-crossplatform-paper-STAGE10-RELEASE.zip,08_manuscript_figures_and_tables/figures/,e3b0c44298fc1c149afbf4c8996fb92427ae41e4649b934ca495991b7852b855,0,CANONICAL_PROVENANCE
provenance/canonical/stage08/tables,swarabyanjan-crossplatform-paper-STAGE10-RELEASE.zip,08_manuscript_figures_and_tables/tables/,e3b0c44298fc1c149afbf4c8996fb92427ae41e4649b934ca495991b7852b855,0,CANONICAL_PROVENANCE
provenance/canonical/stage08/FIGURE_REPRODUCTION_AUDIT.json,swarabyanjan-crossplatform-paper-STAGE10-RELEASE.zip,08_manuscript_figures_and_tables/FIGURE_REPRODUCTION_AUDIT.json,169aeb39e7e2e0767db29a9e0987ceff7e270d038747a7b0eb66a85c1df22788,11461,CANONICAL_PROVENANCE
provenance/canonical/stage08/FIGURE_SOURCE_COVERAGE.json,swarabyanjan-crossplatform-paper-STAGE10-RELEASE.zip,08_manuscript_figures_and_tables/FIGURE_SOURCE_COVERAGE.json,c5ea11bfe0da33f36ac3347deb110013cee00b8570b14bce2b1cd8a4e4d3a9f7,1109,CANONICAL_PROVENANCE
provenance/canonical/stage08/INPUT_HASHES.json,swarabyanjan-crossplatform-paper-STAGE10-RELEASE.zip,08_manuscript_figures_and_tables/INPUT_HASHES.json,1269918fb9e9d72ee4b652c1cd532f2990ecc232a1e0ea1d1cb5176d6054f5be,2999,CANONICAL_PROVENANCE
provenance/canonical/stage08/MANIFEST.json,swarabyanjan-crossplatform-paper-STAGE10-RELEASE.zip,08_manuscript_figures_and_tables/MANIFEST.json,b0ac3b392b2e3d1b5136fda5dbdbcf498e1b89c44cc1d920ff597d6c2967523f,23318,CANONICAL_PROVENANCE
provenance/canonical/stage08/PROVENANCE_REPORT.json,swarabyanjan-crossplatform-paper-STAGE10-RELEASE.zip,08_manuscript_figures_and_tables/PROVENANCE_REPORT.json,1ac786426624f92fe02798cae3852ee839b46f28e674e30d1753f1b579e275d8,859,CANONICAL_PROVENANCE
provenance/canonical/stage08/SCHEMA_VALIDATION.json,swarabyanjan-crossplatform-paper-STAGE10-RELEASE.zip,08_manuscript_figures_and_tables/SCHEMA_VALIDATION.json,cc295fd6572b731f50fd70bd6fef12074a320a4605be6a2047f9105bb807d7a3,303,CANONICAL_PROVENANCE
provenance/canonical/stage08/STAGE08_SHA256SUMS.txt,swarabyanjan-crossplatform-paper-STAGE10-RELEASE.zip,08_manuscript_figures_and_tables/STAGE08_SHA256SUMS.txt,ccd850d3dbe144651bb52e8277308e6438e3e3d869b2cfc232b39db96fed3af6,13121,CANONICAL_PROVENANCE
provenance/canonical/stage08/STAGE08_STATUS.json,swarabyanjan-crossplatform-paper-STAGE10-RELEASE.zip,08_manuscript_figures_and_tables/STAGE08_STATUS.json,d64ee2649a348bad4fd36ee3c4df79fd071b60807b248f0a7a575f5795bf9f33,222,CANONICAL_PROVENANCE
results/primary/stage08/figures/main/FIG01_STUDY_DESIGN.pdf,swarabyanjan-crossplatform-paper-STAGE10-RELEASE.zip,08_manuscript_figures_and_tables/figures/main/FIG01_STUDY_DESIGN.pdf,16b9c6f5b23e5cee3cd203009ac969d84f875fc8367fc8e847eb1604f8347eb1,29542,PRIMARY_RESULT
results/primary/stage08/figures/main/FIG01_STUDY_DESIGN.png,swarabyanjan-crossplatform-paper-STAGE10-RELEASE.zip,08_manuscript_figures_and_tables/figures/main/FIG01_STUDY_DESIGN.png,9f57e6c33848e0854df8351eb5aa0f25ad6a4f28859c039bb286dd430556857b,390396,PRIMARY_RESULT
results/primary/stage08/figures/main/FIG01_STUDY_DESIGN.svg,swarabyanjan-crossplatform-paper-STAGE10-RELEASE.zip,08_manuscript_figures_and_tables/figures/main/FIG01_STUDY_DESIGN.svg,dadd351cd164fbb07ba1c78c301cc64ac24f56490d2ae9f4e2bb64578ac5b7e6,96290,PRIMARY_RESULT
results/primary/stage08/figures/main/FIG02_H1_H2.pdf,swarabyanjan-crossplatform-paper-STAGE10-RELEASE.zip,08_manuscript_figures_and_tables/figures/main/FIG02_H1_H2.pdf,40827c924a196f62bf97add5a891b0c3f8f3b4161c4c83ab0d12de88aa308c72,50879,PRIMARY_RESULT
results/primary/stage08/figures/main/FIG02_H1_H2.png,swarabyanjan-crossplatform-paper-STAGE10-RELEASE.zip,08_manuscript_figures_and_tables/figures/main/FIG02_H1_H2.png,74652dc92c9dc2133ac4ffc5f9570717c365e6884624f290acaee577425f759a,686613,PRIMARY_RESULT
results/primary/stage08/figures/main/FIG02_H1_H2.svg,swarabyanjan-crossplatform-paper-STAGE10-RELEASE.zip,08_manuscript_figures_and_tables/figures/main/FIG02_H1_H2.svg,c82df1bc1faded5e88c74c6681c356ead9a407a29fe873ca9c308d674a0a1c0e,340277,PRIMARY_RESULT
results/primary/stage08/figures/main/FIG03_H3_CUE_TRANSPORT.pdf,swarabyanjan-crossplatform-paper-STAGE10-RELEASE.zip,08_manuscript_figures_and_tables/figures/main/FIG03_H3_CUE_TRANSPORT.pdf,055070b27e047a21e1db04d4cb41a948ed3e8c986d4c96279c8d9a23daa78460,26936,PRIMARY_RESULT
results/primary/stage08/figures/main/FIG03_H3_CUE_TRANSPORT.png,swarabyanjan-crossplatform-paper-STAGE10-RELEASE.zip,08_manuscript_figures_and_tables/figures/main/FIG03_H3_CUE_TRANSPORT.png,1000442bb01b8884209db6b1275b9f679a1150b5d4843ba295ad762f7ae08a99,634366,PRIMARY_RESULT
results/primary/stage08/figures/main/FIG03_H3_CUE_TRANSPORT.svg,swarabyanjan-crossplatform-paper-STAGE10-RELEASE.zip,08_manuscript_figures_and_tables/figures/main/FIG03_H3_CUE_TRANSPORT.svg,83fa34500d4f45506f8b8923dc030794e6ab2ba5e14b248ff3042d83955773a8,183341,PRIMARY_RESULT
results/primary/stage08/figures/main/FIG04_H4_FIXED_BUDGET.pdf,swarabyanjan-crossplatform-paper-STAGE10-RELEASE.zip,08_manuscript_figures_and_tables/figures/main/FIG04_H4_FIXED_BUDGET.pdf,55eed12ddae9270de85b17b85b41040a94377c220a583d0da564f3a22f958a16,68584,PRIMARY_RESULT
results/primary/stage08/figures/main/FIG04_H4_FIXED_BUDGET.png,swarabyanjan-crossplatform-paper-STAGE10-RELEASE.zip,08_manuscript_figures_and_tables/figures/main/FIG04_H4_FIXED_BUDGET.png,d4b6428b82b57a83d3dde2336f2fb8397de78c5b914a97c25bc4314c83de3383,658117,PRIMARY_RESULT
results/primary/stage08/figures/main/FIG04_H4_FIXED_BUDGET.svg,swarabyanjan-crossplatform-paper-STAGE10-RELEASE.zip,08_manuscript_figures_and_tables/figures/main/FIG04_H4_FIXED_BUDGET.svg,cedab28de6abdd9c7860b0365ee446399a9fb583795ebd1d28ff64ad89cebb7e,439360,PRIMARY_RESULT
results/primary/stage08/figures/main/FIG05_H3_H4_BRIDGE.pdf,swarabyanjan-crossplatform-paper-STAGE10-RELEASE.zip,08_manuscript_figures_and_tables/figures/main/FIG05_H3_H4_BRIDGE.pdf,b82431421d371ac55748df35260653396544893b975d6ba6d99a6164e6279a51,27702,PRIMARY_RESULT
results/primary/stage08/figures/main/FIG05_H3_H4_BRIDGE.png,swarabyanjan-crossplatform-paper-STAGE10-RELEASE.zip,08_manuscript_figures_and_tables/figures/main/FIG05_H3_H4_BRIDGE.png,ba6df6f95fae06ea870a4820f080d2b492cf79747e0191234533e8b4d13846c2,683458,PRIMARY_RESULT
results/primary/stage08/figures/main/FIG05_H3_H4_BRIDGE.svg,swarabyanjan-crossplatform-paper-STAGE10-RELEASE.zip,08_manuscript_figures_and_tables/figures/main/FIG05_H3_H4_BRIDGE.svg,af5c3cf18804f487e36a7b71a0d0c4eb3f51064201381563523557d1e5352028,155939,PRIMARY_RESULT
results/primary/stage08/figures/supplementary/SUPP_BAITBUSTER_H3.pdf,swarabyanjan-crossplatform-paper-STAGE10-RELEASE.zip,08_manuscript_figures_and_tables/figures/supplementary/SUPP_BAITBUSTER_H3.pdf,577d4ae00997f570aefd78040e2b736ff03d42a4927a2db69d71aa51cdb20f52,17602,PRIMARY_RESULT
results/primary/stage08/figures/supplementary/SUPP_BAITBUSTER_H3.png,swarabyanjan-crossplatform-paper-STAGE10-RELEASE.zip,08_manuscript_figures_and_tables/figures/supplementary/SUPP_BAITBUSTER_H3.png,b0279ddde7a7d0f11bb6c902924c3120a8d9044e236739ac98b090635937a2d2,230090,PRIMARY_RESULT
results/primary/stage08/figures/supplementary/SUPP_BAITBUSTER_H3.svg,swarabyanjan-crossplatform-paper-STAGE10-RELEASE.zip,08_manuscript_figures_and_tables/figures/supplementary/SUPP_BAITBUSTER_H3.svg,e43c5496a1056e3968249bf23166e6646799fd0503c6b05149c32dc4028c707e,61131,PRIMARY_RESULT
results/primary/stage08/figures/supplementary/SUPP_BRIDGE_LOO.pdf,swarabyanjan-crossplatform-paper-STAGE10-RELEASE.zip,08_manuscript_figures_and_tables/figures/supplementary/SUPP_BRIDGE_LOO.pdf,e4db1a3a4d6c9238f48cce249616af8a718a6276e6af29c24621cd0c8ed1667a,19271,PRIMARY_RESULT
results/primary/stage08/figures/supplementary/SUPP_BRIDGE_LOO.png,swarabyanjan-crossplatform-paper-STAGE10-RELEASE.zip,08_manuscript_figures_and_tables/figures/supplementary/SUPP_BRIDGE_LOO.png,79738e83206689ae6fde4a7f82e0d8a745e8852b3d536705a95268a5c0d19a3b,425463,PRIMARY_RESULT
results/primary/stage08/figures/supplementary/SUPP_BRIDGE_LOO.svg,swarabyanjan-crossplatform-paper-STAGE10-RELEASE.zip,08_manuscript_figures_and_tables/figures/supplementary/SUPP_BRIDGE_LOO.svg,3c0dcca870596cad7cdc7106f55e5dfc8f11d9cf449b2a48b4d6af597176ceda,85382,PRIMARY_RESULT
results/primary/stage08/figures/supplementary/SUPP_H1_H2_MODEL_SEED.pdf,swarabyanjan-crossplatform-paper-STAGE10-RELEASE.zip,08_manuscript_figures_and_tables/figures/supplementary/SUPP_H1_H2_MODEL_SEED.pdf,9ef7a5c6c73bc865d73be6228f08926639747aadc37d705071f2c7195496b44e,26620,PRIMARY_RESULT
results/primary/stage08/figures/supplementary/SUPP_H1_H2_MODEL_SEED.png,swarabyanjan-crossplatform-paper-STAGE10-RELEASE.zip,08_manuscript_figures_and_tables/figures/supplementary/SUPP_H1_H2_MODEL_SEED.png,f2ba5fe2bbe617fc94355e95bd6fab399e36b757a934bf0766e4b5ad130880b9,810595,PRIMARY_RESULT
results/primary/stage08/figures/supplementary/SUPP_H1_H2_MODEL_SEED.svg,swarabyanjan-crossplatform-paper-STAGE10-RELEASE.zip,08_manuscript_figures_and_tables/figures/supplementary/SUPP_H1_H2_MODEL_SEED.svg,d25c7eacdcf77538bbc40ae7855211d65cc38bac423b3cf3e786e9ffce0bcfac,85666,PRIMARY_RESULT
results/primary/stage08/figures/supplementary/SUPP_H3P_curiosity_information_withholding.pdf,swarabyanjan-crossplatform-paper-STAGE10-RELEASE.zip,08_manuscript_figures_and_tables/figures/supplementary/SUPP_H3P_curiosity_information_withholding.pdf,22c46eac0a330cff09fa642ac40dd50de98672f6d04a73d6aa78ad4ade26f23d,27835,PRIMARY_RESULT
results/primary/stage08/figures/supplementary/SUPP_H3P_curiosity_information_withholding.png,swarabyanjan-crossplatform-paper-STAGE10-RELEASE.zip,08_manuscript_figures_and_tables/figures/supplementary/SUPP_H3P_curiosity_information_withholding.png,a959abeb92205bbd486424abcc858c3d4c32de3433b6d343399cc62a6dcb040e,203238,PRIMARY_RESULT
results/primary/stage08/figures/supplementary/SUPP_H3P_curiosity_information_withholding.svg,swarabyanjan-crossplatform-paper-STAGE10-RELEASE.zip,08_manuscript_figures_and_tables/figures/supplementary/SUPP_H3P_curiosity_information_withholding.svg,8496121cf173c0b86ed05b2689b15e9c60f2eaabd0d8a681295a5ff30bbd7f56,86151,PRIMARY_RESULT
results/primary/stage08/figures/supplementary/SUPP_H3P_direct_address_imperative.pdf,swarabyanjan-crossplatform-paper-STAGE10-RELEASE.zip,08_manuscript_figures_and_tables/figures/supplementary/SUPP_H3P_direct_address_imperative.pdf,013c2b4820cce4cbb52e4763d933afaf40418a56b7ae82858eb0f9ccc0b714c6,26489,PRIMARY_RESULT
results/primary/stage08/figures/supplementary/SUPP_H3P_direct_address_imperative.png,swarabyanjan-crossplatform-paper-STAGE10-RELEASE.zip,08_manuscript_figures_and_tables/figures/supplementary/SUPP_H3P_direct_address_imperative.png,a5cced76b4bec7f9da25797751abfc1a605e6ba4a9c3fab6ab5b7fb87c7710f4,199732,PRIMARY_RESULT
results/primary/stage08/figures/supplementary/SUPP_H3P_direct_address_imperative.svg,swarabyanjan-crossplatform-paper-STAGE10-RELEASE.zip,08_manuscript_figures_and_tables/figures/supplementary/SUPP_H3P_direct_address_imperative.svg,99d6d38639dae659694c0e2c7a6eeb4880cbe5bcac22c019dfce6a68708941ea,81238,PRIMARY_RESULT
results/primary/stage08/figures/supplementary/SUPP_H3P_punctuation_intensity.pdf,swarabyanjan-crossplatform-paper-STAGE10-RELEASE.zip,08_manuscript_figures_and_tables/figures/supplementary/SUPP_H3P_punctuation_intensity.pdf,11b1832973c5ae98ea0743090e164fe1eebf3c4907bb056e1b504a2715a2cb73,27714,PRIMARY_RESULT
results/primary/stage08/figures/supplementary/SUPP_H3P_punctuation_intensity.png,swarabyanjan-crossplatform-paper-STAGE10-RELEASE.zip,08_manuscript_figures_and_tables/figures/supplementary/SUPP_H3P_punctuation_intensity.png,2365f5b40cd4e740c935a03f9a10932aa9b0c2e93456486fb363cd474791987b,202398,PRIMARY_RESULT
results/primary/stage08/figures/supplementary/SUPP_H3P_punctuation_intensity.svg,swarabyanjan-crossplatform-paper-STAGE10-RELEASE.zip,08_manuscript_figures_and_tables/figures/supplementary/SUPP_H3P_punctuation_intensity.svg,0926da40a65434db731c8c046ef7d105c213783a1b00eb9cf9e4aba7d47191f3,85869,PRIMARY_RESULT
results/primary/stage08/figures/supplementary/SUPP_H3_SPARSITY.pdf,swarabyanjan-crossplatform-paper-STAGE10-RELEASE.zip,08_manuscript_figures_and_tables/figures/supplementary/SUPP_H3_SPARSITY.pdf,4188749431cdd65ca19a4ee204c99f9c0c4039c24a4af7b0f6fbf06aaf94d7e9,17520,PRIMARY_RESULT
results/primary/stage08/figures/supplementary/SUPP_H3_SPARSITY.png,swarabyanjan-crossplatform-paper-STAGE10-RELEASE.zip,08_manuscript_figures_and_tables/figures/supplementary/SUPP_H3_SPARSITY.png,e15cefe9b166d4395dca6445d11a307ce33ca1b71b4f82e32b67c988eeaa8b57,358832,PRIMARY_RESULT
results/primary/stage08/figures/supplementary/SUPP_H3_SPARSITY.svg,swarabyanjan-crossplatform-paper-STAGE10-RELEASE.zip,08_manuscript_figures_and_tables/figures/supplementary/SUPP_H3_SPARSITY.svg,c21e9bb4e528821591ffad09b89541a282cd51d86206e178778eba38239c8346,65005,PRIMARY_RESULT
results/primary/stage08/figures/supplementary/SUPP_H4_05PCT.pdf,swarabyanjan-crossplatform-paper-STAGE10-RELEASE.zip,08_manuscript_figures_and_tables/figures/supplementary/SUPP_H4_05PCT.pdf,3432fca1046d9631107925a17b456c92783f336aed443d09b2ca639cc894ef5a,36488,PRIMARY_RESULT
results/primary/stage08/figures/supplementary/SUPP_H4_05PCT.png,swarabyanjan-crossplatform-paper-STAGE10-RELEASE.zip,08_manuscript_figures_and_tables/figures/supplementary/SUPP_H4_05PCT.png,a3430c1a409721403726c9142f7c6bab723fceaa1cfc7ad3a1f6380a97538599,323969,PRIMARY_RESULT
results/primary/stage08/figures/supplementary/SUPP_H4_05PCT.svg,swarabyanjan-crossplatform-paper-STAGE10-RELEASE.zip,08_manuscript_figures_and_tables/figures/supplementary/SUPP_H4_05PCT.svg,b86c7d100f7cb00e2dbf2069615941ce97dcdd4a9f0616720211713d1641afbd,239441,PRIMARY_RESULT
results/primary/stage08/figures/supplementary/SUPP_H4_20PCT.pdf,swarabyanjan-crossplatform-paper-STAGE10-RELEASE.zip,08_manuscript_figures_and_tables/figures/supplementary/SUPP_H4_20PCT.pdf,926b4e2ac04ff11d82289d7d891fa53b24f537998e0df5f5284a7c7b1fc8faa1,37415,PRIMARY_RESULT
results/primary/stage08/figures/supplementary/SUPP_H4_20PCT.png,swarabyanjan-crossplatform-paper-STAGE10-RELEASE.zip,08_manuscript_figures_and_tables/figures/supplementary/SUPP_H4_20PCT.png,cd634515c1228693ef9f3a361a622b40cebceae40b47f5b71f51386dcbcf57a7,304595,PRIMARY_RESULT
results/primary/stage08/figures/supplementary/SUPP_H4_20PCT.svg,swarabyanjan-crossplatform-paper-STAGE10-RELEASE.zip,08_manuscript_figures_and_tables/figures/supplementary/SUPP_H4_20PCT.svg,d0a99648c9c44f7dbec8e6e6529f9242e8f4d3da84410004c40a591c9a898e08,239727,PRIMARY_RESULT
results/primary/stage08/figures/supplementary/SUPP_H4_MODEL_SEED.pdf,swarabyanjan-crossplatform-paper-STAGE10-RELEASE.zip,08_manuscript_figures_and_tables/figures/supplementary/SUPP_H4_MODEL_SEED.pdf,a9dc30a96874ef0694efbed3599459fc5d031a9e38021de79f7fff39f852eee3,40087,PRIMARY_RESULT
results/primary/stage08/figures/supplementary/SUPP_H4_MODEL_SEED.png,swarabyanjan-crossplatform-paper-STAGE10-RELEASE.zip,08_manuscript_figures_and_tables/figures/supplementary/SUPP_H4_MODEL_SEED.png,fd34d6167abf5fc64b4de70bc62977113dd169fb6c05bea899a9df339806a6bb,650983,PRIMARY_RESULT
results/primary/stage08/figures/supplementary/SUPP_H4_MODEL_SEED.svg,swarabyanjan-crossplatform-paper-STAGE10-RELEASE.zip,08_manuscript_figures_and_tables/figures/supplementary/SUPP_H4_MODEL_SEED.svg,2b3be2ec3765ae7275cbe066c368312721006aa533e0cd1783aa191a49dc54be,242895,PRIMARY_RESULT
results/primary/stage08/figures/supplementary/SUPP_RISK_COVERAGE.pdf,swarabyanjan-crossplatform-paper-STAGE10-RELEASE.zip,08_manuscript_figures_and_tables/figures/supplementary/SUPP_RISK_COVERAGE.pdf,8282b77c1d41851d43036e538bda358593a10217459e77b2ac06ad8bf0c7c015,131657,PRIMARY_RESULT
results/primary/stage08/figures/supplementary/SUPP_RISK_COVERAGE.png,swarabyanjan-crossplatform-paper-STAGE10-RELEASE.zip,08_manuscript_figures_and_tables/figures/supplementary/SUPP_RISK_COVERAGE.png,bee4de2a7eb51b8cceeef04a3cef2cdf2f6dcf8729f11e0ebe25d013b80a8f12,2102328,PRIMARY_RESULT
results/primary/stage08/figures/supplementary/SUPP_RISK_COVERAGE.svg,swarabyanjan-crossplatform-paper-STAGE10-RELEASE.zip,08_manuscript_figures_and_tables/figures/supplementary/SUPP_RISK_COVERAGE.svg,5b7c52ed25d68f173c01ecb7592645a733e10ac4bfdcdcc05acd51cd40105d91,719039,PRIMARY_RESULT
results/primary/stage08/figures/supplementary/SUPP_SENSITIVITY.pdf,swarabyanjan-crossplatform-paper-STAGE10-RELEASE.zip,08_manuscript_figures_and_tables/figures/supplementary/SUPP_SENSITIVITY.pdf,df6ee7158f1eac977630aef69a21abb01744f8df1ac944786750aacc2971f887,78759,PRIMARY_RESULT
results/primary/stage08/figures/supplementary/SUPP_SENSITIVITY.png,swarabyanjan-crossplatform-paper-STAGE10-RELEASE.zip,08_manuscript_figures_and_tables/figures/supplementary/SUPP_SENSITIVITY.png,1c4dde00a38f63bac74cfaabe13fe191f65fa3dce4140cbb815f222560afb8ac,3206473,PRIMARY_RESULT
results/primary/stage08/figures/supplementary/SUPP_SENSITIVITY.svg,swarabyanjan-crossplatform-paper-STAGE10-RELEASE.zip,08_manuscript_figures_and_tables/figures/supplementary/SUPP_SENSITIVITY.svg,ea313f7d02ce7ac0956e0ad37ee02319afbad64166aef6a905ffb2b196795c54,274777,PRIMARY_RESULT
results/primary/stage08/figure_source_data/FIG01_STUDY_DESIGN_pipeline_source.csv,swarabyanjan-crossplatform-paper-STAGE10-RELEASE.zip,08_manuscript_figures_and_tables/figure_source_data/FIG01_STUDY_DESIGN_pipeline_source.csv,6958cd83586423c75daea293c1ff98a5c60d8b1701e444702db63d23f3c54997,661,PRIMARY_RESULT
results/primary/stage08/figure_source_data/FIG01_STUDY_DESIGN_pipeline_source.json,swarabyanjan-crossplatform-paper-STAGE10-RELEASE.zip,08_manuscript_figures_and_tables/figure_source_data/FIG01_STUDY_DESIGN_pipeline_source.json,7a068950d801b98959dad6e72d1ec2efe5a43a572b37dbdbbf14c59492943113,672,PRIMARY_RESULT
results/primary/stage08/figure_source_data/FIG02_H1_H2_A_source.csv,swarabyanjan-crossplatform-paper-STAGE10-RELEASE.zip,08_manuscript_figures_and_tables/figure_source_data/FIG02_H1_H2_A_source.csv,f8e0b41e7c1c90b9ff314012759ad9a3715383a48c8912131455924567a781c3,6049,PRIMARY_RESULT
results/primary/stage08/figure_source_data/FIG02_H1_H2_A_source.json,swarabyanjan-crossplatform-paper-STAGE10-RELEASE.zip,08_manuscript_figures_and_tables/figure_source_data/FIG02_H1_H2_A_source.json,8d970e74d6e35f39256fbe4c1167b74c8d91c1d0091ca989f16a6413add708a9,540,PRIMARY_RESULT
results/primary/stage08/figure_source_data/FIG02_H1_H2_B_C_source.csv,swarabyanjan-crossplatform-paper-STAGE10-RELEASE.zip,08_manuscript_figures_and_tables/figure_source_data/FIG02_H1_H2_B_C_source.csv,b88aa86e84e9b49810f07a091955736dc8291174c758c63e607c16454027327f,40815,PRIMARY_RESULT
results/primary/stage08/figure_source_data/FIG02_H1_H2_B_C_source.json,swarabyanjan-crossplatform-paper-STAGE10-RELEASE.zip,08_manuscript_figures_and_tables/figure_source_data/FIG02_H1_H2_B_C_source.json,6fea171118b065db5b9260bfc4eababad7a1a0e10ddf0f0442b1df38bfa98553,1288,PRIMARY_RESULT
results/primary/stage08/figure_source_data/FIG02_H1_H2_D_source.csv,swarabyanjan-crossplatform-paper-STAGE10-RELEASE.zip,08_manuscript_figures_and_tables/figure_source_data/FIG02_H1_H2_D_source.csv,1dc032bfd713eaef5fb1dd071d46cef96d2e74db31a2e4f001a94e0c38b44590,30745,PRIMARY_RESULT
results/primary/stage08/figure_source_data/FIG02_H1_H2_D_source.json,swarabyanjan-crossplatform-paper-STAGE10-RELEASE.zip,08_manuscript_figures_and_tables/figure_source_data/FIG02_H1_H2_D_source.json,2a20fb5d9e2a9662244ca2400267988612b68772e5529522d802f845d9f3d56e,909,PRIMARY_RESULT
results/primary/stage08/figure_source_data/FIG03_H3_CUE_TRANSPORT_A_B_source.csv,swarabyanjan-crossplatform-paper-STAGE10-RELEASE.zip,08_manuscript_figures_and_tables/figure_source_data/FIG03_H3_CUE_TRANSPORT_A_B_source.csv,de3b2f599a85bd115b2b0688bdbbb1e30cf5a830236ee71df3abc5ef4aa2535f,32144,PRIMARY_RESULT
results/primary/stage08/figure_source_data/FIG03_H3_CUE_TRANSPORT_A_B_source.json,swarabyanjan-crossplatform-paper-STAGE10-RELEASE.zip,08_manuscript_figures_and_tables/figure_source_data/FIG03_H3_CUE_TRANSPORT_A_B_source.json,d6d5403cd3a0aefcd23805806fd0ab7ac13906fc1195afd6cded736c42646da2,1156,PRIMARY_RESULT
results/primary/stage08/figure_source_data/FIG04_H4_FIXED_BUDGET_budget_sensitivity_source.csv,swarabyanjan-crossplatform-paper-STAGE10-RELEASE.zip,08_manuscript_figures_and_tables/figure_source_data/FIG04_H4_FIXED_BUDGET_budget_sensitivity_source.csv,376d23031ec3b4485b8216c623dc1386c76e7cdf0df9fc62973decb197ad75e8,110292,PRIMARY_RESULT
results/primary/stage08/figure_source_data/FIG04_H4_FIXED_BUDGET_budget_sensitivity_source.json,swarabyanjan-crossplatform-paper-STAGE10-RELEASE.zip,08_manuscript_figures_and_tables/figure_source_data/FIG04_H4_FIXED_BUDGET_budget_sensitivity_source.json,b7f50eacdf7189887360f8e45e687290796f3d3b8ae55deb79f09af0ca097bfd,1730,PRIMARY_RESULT
results/primary/stage08/figure_source_data/FIG04_H4_FIXED_BUDGET_primary_10pct_source.csv,swarabyanjan-crossplatform-paper-STAGE10-RELEASE.zip,08_manuscript_figures_and_tables/figure_source_data/FIG04_H4_FIXED_BUDGET_primary_10pct_source.csv,b8e4222ff2331af3c105171b2231c436fa265bf2430b09d16c17be557c4face3,37164,PRIMARY_RESULT
results/primary/stage08/figure_source_data/FIG04_H4_FIXED_BUDGET_primary_10pct_source.json,swarabyanjan-crossplatform-paper-STAGE10-RELEASE.zip,08_manuscript_figures_and_tables/figure_source_data/FIG04_H4_FIXED_BUDGET_primary_10pct_source.json,7638ae0871ac5cc47a9c74e59769a4f64e4d6d50cc7ffb2cf11778cc8691c5bb,1720,PRIMARY_RESULT
results/primary/stage08/figure_source_data/FIG05_H3_H4_BRIDGE_abs_delta_nll_gap__vs__error_capture_deterioration_source.csv,swarabyanjan-crossplatform-paper-STAGE10-RELEASE.zip,08_manuscript_figures_and_tables/figure_source_data/FIG05_H3_H4_BRIDGE_abs_delta_nll_gap__vs__error_capture_deterioration_source.csv,03da1e4f6f951fb950a3915b259b39f927d06472cc4467426a6db99294971abe,4530,PRIMARY_RESULT
results/primary/stage08/figure_source_data/FIG05_H3_H4_BRIDGE_abs_delta_nll_gap__vs__error_capture_deterioration_source.json,swarabyanjan-crossplatform-paper-STAGE10-RELEASE.zip,08_manuscript_figures_and_tables/figure_source_data/FIG05_H3_H4_BRIDGE_abs_delta_nll_gap__vs__error_capture_deterioration_source.json,00a6cfc77bfc4486b1ecf020ebc71f74fc9db05567282711bf39d9d4e3d85a7a,907,PRIMARY_RESULT
results/primary/stage08/figure_source_data/FIG05_H3_H4_BRIDGE_abs_delta_nll_gap__vs__lift_deterioration_source.csv,swarabyanjan-crossplatform-paper-STAGE10-RELEASE.zip,08_manuscript_figures_and_tables/figure_source_data/FIG05_H3_H4_BRIDGE_abs_delta_nll_gap__vs__lift_deterioration_source.csv,5ab49bc3584fe3b40b246880fb82ad393d9568fa8ae02dc9df427fa80674abf6,4413,PRIMARY_RESULT
results/primary/stage08/figure_source_data/FIG05_H3_H4_BRIDGE_abs_delta_nll_gap__vs__lift_deterioration_source.json,swarabyanjan-crossplatform-paper-STAGE10-RELEASE.zip,08_manuscript_figures_and_tables/figure_source_data/FIG05_H3_H4_BRIDGE_abs_delta_nll_gap__vs__lift_deterioration_source.json,4639b4fe06c21c5358684109ab607992943ecc6021ecc7b73733b77c1e24f5dd,880,PRIMARY_RESULT
results/primary/stage08/figure_source_data/FIG05_H3_H4_BRIDGE_abs_delta_rd__vs__error_capture_deterioration_source.csv,swarabyanjan-crossplatform-paper-STAGE10-RELEASE.zip,08_manuscript_figures_and_tables/figure_source_data/FIG05_H3_H4_BRIDGE_abs_delta_rd__vs__error_capture_deterioration_source.csv,0705f3df28b2e5fdb6ab2ca9bc77866009e3bcf8cb518fb2ba93c283f211324b,4493,PRIMARY_RESULT
results/primary/stage08/figure_source_data/FIG05_H3_H4_BRIDGE_abs_delta_rd__vs__error_capture_deterioration_source.json,swarabyanjan-crossplatform-paper-STAGE10-RELEASE.zip,08_manuscript_figures_and_tables/figure_source_data/FIG05_H3_H4_BRIDGE_abs_delta_rd__vs__error_capture_deterioration_source.json,655fb532a81fa92eecf6074b8c9bc8efa191038d95b74ab7893ffd43e08accfd,892,PRIMARY_RESULT
results/primary/stage08/figure_source_data/FIG05_H3_H4_BRIDGE_abs_delta_rd__vs__lift_deterioration_source.csv,swarabyanjan-crossplatform-paper-STAGE10-RELEASE.zip,08_manuscript_figures_and_tables/figure_source_data/FIG05_H3_H4_BRIDGE_abs_delta_rd__vs__lift_deterioration_source.csv,a0068984b8ab49d3fa62332dc53858af20b372f78f81387da2892d28ca1e38cb,4408,PRIMARY_RESULT
results/primary/stage08/figure_source_data/FIG05_H3_H4_BRIDGE_abs_delta_rd__vs__lift_deterioration_source.json,swarabyanjan-crossplatform-paper-STAGE10-RELEASE.zip,08_manuscript_figures_and_tables/figure_source_data/FIG05_H3_H4_BRIDGE_abs_delta_rd__vs__lift_deterioration_source.json,2063c4a973f6ee529763fcab40f8e0d89e42869249cd51ed1302d83477ded252,865,PRIMARY_RESULT
results/primary/stage08/figure_source_data/FIGURE_SOURCE_DATA_INDEX.json,swarabyanjan-crossplatform-paper-STAGE10-RELEASE.zip,08_manuscript_figures_and_tables/figure_source_data/FIGURE_SOURCE_DATA_INDEX.json,04085ae059e2fa98eeaa2e59ac377d93cf0e6da7333d696e7a3f9d1502122bfb,25474,PRIMARY_RESULT
results/primary/stage08/figure_source_data/SUPP_BAITBUSTER_H3_A_B_source.csv,swarabyanjan-crossplatform-paper-STAGE10-RELEASE.zip,08_manuscript_figures_and_tables/figure_source_data/SUPP_BAITBUSTER_H3_A_B_source.csv,4b92f8dd3f762cf39216c5290e2db0e406c32a498cef6e24109c8ad74cb9b57c,8083,PRIMARY_RESULT
results/primary/stage08/figure_source_data/SUPP_BAITBUSTER_H3_A_B_source.json,swarabyanjan-crossplatform-paper-STAGE10-RELEASE.zip,08_manuscript_figures_and_tables/figure_source_data/SUPP_BAITBUSTER_H3_A_B_source.json,595efbe092f14b1d7e6713de7904d888058da6f13c0895b8a58b4273cee8f18c,953,PRIMARY_RESULT
results/primary/stage08/figure_source_data/SUPP_BRIDGE_LOO_all_source.csv,swarabyanjan-crossplatform-paper-STAGE10-RELEASE.zip,08_manuscript_figures_and_tables/figure_source_data/SUPP_BRIDGE_LOO_all_source.csv,ec99d5bc95d8c5edaf330e61e5a137a741e357fb469774d1f687d9b17fd15af4,1730,PRIMARY_RESULT
results/primary/stage08/figure_source_data/SUPP_BRIDGE_LOO_all_source.json,swarabyanjan-crossplatform-paper-STAGE10-RELEASE.zip,08_manuscript_figures_and_tables/figure_source_data/SUPP_BRIDGE_LOO_all_source.json,b187c025a8dfde3ff8cc84a7afbebf832d2650d51b3b956e2c3d38ebdae91d88,745,PRIMARY_RESULT
results/primary/stage08/figure_source_data/SUPP_H1_H2_MODEL_SEED_all_source.csv,swarabyanjan-crossplatform-paper-STAGE10-RELEASE.zip,08_manuscript_figures_and_tables/figure_source_data/SUPP_H1_H2_MODEL_SEED_all_source.csv,b88aa86e84e9b49810f07a091955736dc8291174c758c63e607c16454027327f,40815,PRIMARY_RESULT
results/primary/stage08/figure_source_data/SUPP_H1_H2_MODEL_SEED_all_source.json,swarabyanjan-crossplatform-paper-STAGE10-RELEASE.zip,08_manuscript_figures_and_tables/figure_source_data/SUPP_H1_H2_MODEL_SEED_all_source.json,17478d2574a49e11e6c24dc916f527ee315d0c0d163f58da50e75a13e4b76964,1216,PRIMARY_RESULT
results/primary/stage08/figure_source_data/SUPP_H3P_SHARED_all_source.csv,swarabyanjan-crossplatform-paper-STAGE10-RELEASE.zip,08_manuscript_figures_and_tables/figure_source_data/SUPP_H3P_SHARED_all_source.csv,b74590e664f8218c949a8676c187b80c811765f0bc65f7f12595efd77fdb4b70,29086,PRIMARY_RESULT
results/primary/stage08/figure_source_data/SUPP_H3P_SHARED_all_source.json,swarabyanjan-crossplatform-paper-STAGE10-RELEASE.zip,08_manuscript_figures_and_tables/figure_source_data/SUPP_H3P_SHARED_all_source.json,43c1871e6ca07290280281288d401e405c4643bb254b758ce6fdafc3880b1556,938,PRIMARY_RESULT
results/primary/stage08/figure_source_data/SUPP_H3_SPARSITY_support_source.csv,swarabyanjan-crossplatform-paper-STAGE10-RELEASE.zip,08_manuscript_figures_and_tables/figure_source_data/SUPP_H3_SPARSITY_support_source.csv,6aad2c616a0e4afe110e3245f091ef2bb67465d340e0e29cdf46b90f47a22d60,4793,PRIMARY_RESULT
results/primary/stage08/figure_source_data/SUPP_H3_SPARSITY_support_source.json,swarabyanjan-crossplatform-paper-STAGE10-RELEASE.zip,08_manuscript_figures_and_tables/figure_source_data/SUPP_H3_SPARSITY_support_source.json,75eaba6aac35b1f8338ff79512471fa7c5d48b9674ef8d4857b0256487f66ba1,770,PRIMARY_RESULT
results/primary/stage08/figure_source_data/SUPP_H4_05PCT_A_C_source.csv,swarabyanjan-crossplatform-paper-STAGE10-RELEASE.zip,08_manuscript_figures_and_tables/figure_source_data/SUPP_H4_05PCT_A_C_source.csv,d0afb00937fc5ca78c7cc468c738409cbddb62589564c0bfbc3063fc1f4ad04a,37464,PRIMARY_RESULT
results/primary/stage08/figure_source_data/SUPP_H4_05PCT_A_C_source.json,swarabyanjan-crossplatform-paper-STAGE10-RELEASE.zip,08_manuscript_figures_and_tables/figure_source_data/SUPP_H4_05PCT_A_C_source.json,e05c1a8b72a3f369ae01e6fe4f5aad90236085bd29c32676ffda17ef9ba6b691,1543,PRIMARY_RESULT
results/primary/stage08/figure_source_data/SUPP_H4_20PCT_A_C_source.csv,swarabyanjan-crossplatform-paper-STAGE10-RELEASE.zip,08_manuscript_figures_and_tables/figure_source_data/SUPP_H4_20PCT_A_C_source.csv,1e0ff1b23f7434160311eced872f984c16cb6fc59401a116b816d392fa198987,37216,PRIMARY_RESULT
results/primary/stage08/figure_source_data/SUPP_H4_20PCT_A_C_source.json,swarabyanjan-crossplatform-paper-STAGE10-RELEASE.zip,08_manuscript_figures_and_tables/figure_source_data/SUPP_H4_20PCT_A_C_source.json,6996bdec6d21d7cc2fcff890fe18aa12da31153326e46a5b99bc9f75918bf9fd,1542,PRIMARY_RESULT
results/primary/stage08/figure_source_data/SUPP_H4_MODEL_SEED_all_source.csv,swarabyanjan-crossplatform-paper-STAGE10-RELEASE.zip,08_manuscript_figures_and_tables/figure_source_data/SUPP_H4_MODEL_SEED_all_source.csv,7b502ab987ac84c4e1d3cd582561f4a2e7ee432e807a9383739d1ee3357d4a26,46739,PRIMARY_RESULT
results/primary/stage08/figure_source_data/SUPP_H4_MODEL_SEED_all_source.json,swarabyanjan-crossplatform-paper-STAGE10-RELEASE.zip,08_manuscript_figures_and_tables/figure_source_data/SUPP_H4_MODEL_SEED_all_source.json,e066f944b7ed304d0bb338755138b432b523ce1728e33d20eb2bbcf53a961a04,1689,PRIMARY_RESULT
results/primary/stage08/figure_source_data/SUPP_RISK_COVERAGE_all_source.csv,swarabyanjan-crossplatform-paper-STAGE10-RELEASE.zip,08_manuscript_figures_and_tables/figure_source_data/SUPP_RISK_COVERAGE_all_source.csv,37170dc9daba351504d4c13d112fcfddfc57dde802036c8810624201eae086b8,1441741,PRIMARY_RESULT
results/primary/stage08/figure_source_data/SUPP_RISK_COVERAGE_all_source.json,swarabyanjan-crossplatform-paper-STAGE10-RELEASE.zip,08_manuscript_figures_and_tables/figure_source_data/SUPP_RISK_COVERAGE_all_source.json,a56bc790514c5cf0ff5378714b0dfac1b77cb11fd84b0825b19011cf259dfbf4,578,PRIMARY_RESULT
results/primary/stage08/figure_source_data/SUPP_SENSITIVITY_A_B_source.csv,swarabyanjan-crossplatform-paper-STAGE10-RELEASE.zip,08_manuscript_figures_and_tables/figure_source_data/SUPP_SENSITIVITY_A_B_source.csv,2e336246204b038513f212b793e2aed195d8b1416729f84ea21e67be2f09df98,34331,PRIMARY_RESULT
results/primary/stage08/figure_source_data/SUPP_SENSITIVITY_A_B_source.json,swarabyanjan-crossplatform-paper-STAGE10-RELEASE.zip,08_manuscript_figures_and_tables/figure_source_data/SUPP_SENSITIVITY_A_B_source.json,03cc3b8a38e9e6a5c0b9bf2949852b132edc573ef77670d977e4e3b4cb8c82d4,711,PRIMARY_RESULT
results/primary/stage08/tables/main/TABLE01_STUDY_DESIGN_MAP.csv,swarabyanjan-crossplatform-paper-STAGE10-RELEASE.zip,08_manuscript_figures_and_tables/tables/main/TABLE01_STUDY_DESIGN_MAP.csv,080f63c4ea620370604db82bdfb64a66a2742d4c3daa749f9247918ff4b50ee0,657,PRIMARY_RESULT
results/primary/stage08/tables/main/TABLE02_H1_H2_SUMMARY.csv,swarabyanjan-crossplatform-paper-STAGE10-RELEASE.zip,08_manuscript_figures_and_tables/tables/main/TABLE02_H1_H2_SUMMARY.csv,59626d4f448d7ec72958ce396413e90e955947e2f5c86c3360e5aed00f2890ea,1889,PRIMARY_RESULT
results/primary/stage08/tables/main/TABLE03_H3_CUE_TRANSPORT.csv,swarabyanjan-crossplatform-paper-STAGE10-RELEASE.zip,08_manuscript_figures_and_tables/tables/main/TABLE03_H3_CUE_TRANSPORT.csv,80952c2f4dd859c711499d0f2d9b13d2b44523aa5af9860d78985e9dde793085,6208,PRIMARY_RESULT
results/primary/stage08/tables/main/TABLE04_H4_PRIMARY_10PCT_SUMMARY.csv,swarabyanjan-crossplatform-paper-STAGE10-RELEASE.zip,08_manuscript_figures_and_tables/tables/main/TABLE04_H4_PRIMARY_10PCT_SUMMARY.csv,97ed0f3ce2062c5b37a1b2d9fefd06ca6ce5b70a51e8b9c80e296bc29d8275c0,718,PRIMARY_RESULT
results/primary/stage08/tables/supplementary/SUPP_TABLE01_FULL_H3_32_CELL.csv,swarabyanjan-crossplatform-paper-STAGE10-RELEASE.zip,08_manuscript_figures_and_tables/tables/supplementary/SUPP_TABLE01_FULL_H3_32_CELL.csv,584551acb3add85f4feed90067b255926e3e174806bbd96d90fbaafc236ed1b9,31959,PRIMARY_RESULT
results/primary/stage08/tables/supplementary/SUPP_TABLE02_H3_SPARSITY.csv,swarabyanjan-crossplatform-paper-STAGE10-RELEASE.zip,08_manuscript_figures_and_tables/tables/supplementary/SUPP_TABLE02_H3_SPARSITY.csv,6aad2c616a0e4afe110e3245f091ef2bb67465d340e0e29cdf46b90f47a22d60,4793,PRIMARY_RESULT
results/primary/stage08/tables/supplementary/SUPP_TABLE03_H3P.csv,swarabyanjan-crossplatform-paper-STAGE10-RELEASE.zip,08_manuscript_figures_and_tables/tables/supplementary/SUPP_TABLE03_H3P.csv,b74590e664f8218c949a8676c187b80c811765f0bc65f7f12595efd77fdb4b70,29086,PRIMARY_RESULT
results/primary/stage08/tables/supplementary/SUPP_TABLE04_BAITBUSTER_H3.csv,swarabyanjan-crossplatform-paper-STAGE10-RELEASE.zip,08_manuscript_figures_and_tables/tables/supplementary/SUPP_TABLE04_BAITBUSTER_H3.csv,325f5924b0c3b7a4e3c1ec6afd314603913bc62e5d7995a00d5afbe055264c63,8107,PRIMARY_RESULT
results/primary/stage08/tables/supplementary/SUPP_TABLE05_FULL_H4_BUDGET.csv,swarabyanjan-crossplatform-paper-STAGE10-RELEASE.zip,08_manuscript_figures_and_tables/tables/supplementary/SUPP_TABLE05_FULL_H4_BUDGET.csv,fc933b852271c8c5b5d62debb0362fb0227673272b6a936b5c02730ebfa09c11,64422,PRIMARY_RESULT
results/primary/stage08/tables/supplementary/SUPP_TABLE06_H4_MODEL_SEED.csv,swarabyanjan-crossplatform-paper-STAGE10-RELEASE.zip,08_manuscript_figures_and_tables/tables/supplementary/SUPP_TABLE06_H4_MODEL_SEED.csv,eb0f2d777be722e36ea7d027a40e5f1a2f7ca2cfc113b9a70d5dd7be2ad03aac,139335,PRIMARY_RESULT
results/primary/stage08/tables/supplementary/SUPP_TABLE07_LOO_POINT.csv,swarabyanjan-crossplatform-paper-STAGE10-RELEASE.zip,08_manuscript_figures_and_tables/tables/supplementary/SUPP_TABLE07_LOO_POINT.csv,ec99d5bc95d8c5edaf330e61e5a137a741e357fb469774d1f687d9b17fd15af4,1730,PRIMARY_RESULT
results/primary/stage08/tables/supplementary/SUPP_TABLE08_FULL_STATISTICAL_SUMMARY.csv,swarabyanjan-crossplatform-paper-STAGE10-RELEASE.zip,08_manuscript_figures_and_tables/tables/supplementary/SUPP_TABLE08_FULL_STATISTICAL_SUMMARY.csv,0a1e07d73cf35d604960a29e0eb4ddf75bc61b05a9709fc70d52e72089840268,615539,PRIMARY_RESULT
results/primary/stage08/tables/supplementary/SUPP_TABLE09_PROVENANCE.csv,swarabyanjan-crossplatform-paper-STAGE10-RELEASE.zip,08_manuscript_figures_and_tables/tables/supplementary/SUPP_TABLE09_PROVENANCE.csv,6706e41b35ba3889ba621cc9c236054170f31d1ced2c325fc176479bc57f2458,1030,PRIMARY_RESULT
results/primary/stage09/CLAIM_CONCORDANCE_TABLE.csv,swarabyanjan-crossplatform-paper-STAGE10-RELEASE.zip,09_source_site_cluster_sensitivity/CLAIM_CONCORDANCE_TABLE.csv,081ef151d20ff71c96c6a0feac944ffe4fb160aa11964c015b938c55ead6d357,488352,PRIMARY_RESULT
results/primary/stage09/H1_H2_SOURCE_CLUSTER_SENSITIVITY.json,swarabyanjan-crossplatform-paper-STAGE10-RELEASE.zip,09_source_site_cluster_sensitivity/H1_H2_SOURCE_CLUSTER_SENSITIVITY.json,c6644238f0399425feeb389a268ae96618461e16500dcf6bfb53ac93186b20aa,309545,PRIMARY_RESULT
results/primary/stage09/H3P_SOURCE_CLUSTER_SENSITIVITY.json,swarabyanjan-crossplatform-paper-STAGE10-RELEASE.zip,09_source_site_cluster_sensitivity/H3P_SOURCE_CLUSTER_SENSITIVITY.json,a1c56ab6b259fdafe4826c5d98956ab18378a2a01336ed42ae6b0efbde7279ea,86163,PRIMARY_RESULT
results/primary/stage09/H3_SOURCE_CLUSTER_SENSITIVITY.json,swarabyanjan-crossplatform-paper-STAGE10-RELEASE.zip,09_source_site_cluster_sensitivity/H3_SOURCE_CLUSTER_SENSITIVITY.json,23e5727c3d3b843dee9757c97140a057f2dfa7dba008fb845e734425ad0ae60b,66721,PRIMARY_RESULT
results/primary/stage09/H4_SOURCE_CLUSTER_SENSITIVITY.json,swarabyanjan-crossplatform-paper-STAGE10-RELEASE.zip,09_source_site_cluster_sensitivity/H4_SOURCE_CLUSTER_SENSITIVITY.json,d39a2f6a967ed51cf75a71d3221f4c1c892d8efd7354bd82f66b6f9cf4a47c0f,356672,PRIMARY_RESULT
provenance/canonical/stage09/REPRODUCIBILITY_MANIFEST.json,swarabyanjan-crossplatform-paper-STAGE10-RELEASE.zip,09_source_site_cluster_sensitivity/REPRODUCIBILITY_MANIFEST.json,445b9bd3bfccbf55af63c92c3e6e966eaf38959641b6507493cb6c249a7035db,3794,CANONICAL_PROVENANCE
results/primary/stage09/SENSITIVITY_SUMMARY.md,swarabyanjan-crossplatform-paper-STAGE10-RELEASE.zip,09_source_site_cluster_sensitivity/SENSITIVITY_SUMMARY.md,691b9e568afe7e4b66de338fb433d3a2849daa1eb92752af1e053e1f25ec87d6,881,PRIMARY_RESULT
results/primary/stage09/SOURCE_CLUSTER_DIAGNOSTICS.json,swarabyanjan-crossplatform-paper-STAGE10-RELEASE.zip,09_source_site_cluster_sensitivity/SOURCE_CLUSTER_DIAGNOSTICS.json,385f2d80680f75cfe835f5cf004a356b27f8243164de3e7860c823e287783735,9152,PRIMARY_RESULT
data/derived/primary/stage09/SOURCE_PUBLISHER_MAPPING.csv,swarabyanjan-crossplatform-paper-STAGE10-RELEASE.zip,09_source_site_cluster_sensitivity/SOURCE_PUBLISHER_MAPPING.csv,dcb97621c92b32c422cfdaded4f3c1b43c6885281af88399a8e3cd2efb4b1e58,687813,DERIVED_PRIMARY_DATA
provenance/canonical/stage09/STAGE09_SHA256SUMS.txt,swarabyanjan-crossplatform-paper-STAGE10-RELEASE.zip,09_source_site_cluster_sensitivity/STAGE09_SHA256SUMS.txt,c2c2e1c576a94b1efb8aa0072078dca7795375de386f0082666a2966eeb7f285,880,CANONICAL_PROVENANCE
provenance/canonical/stage09/STAGE_STATUS.json,swarabyanjan-crossplatform-paper-STAGE10-RELEASE.zip,09_source_site_cluster_sensitivity/STAGE_STATUS.json,c57fb1178ecdcb9e4525a9abaf8b55e62b7e6eabbc0050817aa1df76970937a3,610,CANONICAL_PROVENANCE
provenance/feasibility_audit/NEWS_DECONTAMINATION_CUE_SUPPORT.csv,NEWS_DECONTAMINATION_FEASIBILITY_AUDIT.zip,NEWS_DECONTAMINATION_CUE_SUPPORT.csv,1f13b06f3e1da3569641306fe2d3c18dd30b152875e89185be7a635981d36b7f,1564,DECONTAMINATION_FEASIBILITY_EVIDENCE
provenance/feasibility_audit/NEWS_DECONTAMINATION_FEASIBILITY.csv,NEWS_DECONTAMINATION_FEASIBILITY_AUDIT.zip,NEWS_DECONTAMINATION_FEASIBILITY.csv,9a3b9c684980860ba1430e5eab8dcb52ad77b2f7494f79ec14926ca9d966f52a,2030,DECONTAMINATION_FEASIBILITY_EVIDENCE
provenance/feasibility_audit/NEWS_DECONTAMINATION_FEASIBILITY.md,NEWS_DECONTAMINATION_FEASIBILITY_AUDIT.zip,NEWS_DECONTAMINATION_FEASIBILITY.md,f29098cdf46065c9c07370d5d4592d74581dba06c57fcf9c37f194ad3a066d80,9433,DECONTAMINATION_FEASIBILITY_EVIDENCE
provenance/feasibility_audit/NEWS_DECONTAMINATION_FEASIBILITY_MANIFEST.json,NEWS_DECONTAMINATION_FEASIBILITY_AUDIT.zip,NEWS_DECONTAMINATION_FEASIBILITY_MANIFEST.json,6c960303f1bd706ba736b443f0b5c4503f5050a25032644294342960197cef05,5671,DECONTAMINATION_FEASIBILITY_EVIDENCE
provenance/feasibility_audit/NEWS_DECONTAMINATION_OVERLAP_DETAILS.csv,NEWS_DECONTAMINATION_FEASIBILITY_AUDIT.zip,NEWS_DECONTAMINATION_OVERLAP_DETAILS.csv,5a6c8e976b2fd73aa52f5e146d4757153a83699fcd29d493022b80633916ce97,435,DECONTAMINATION_FEASIBILITY_EVIDENCE
provenance/feasibility_audit/NEWS_DECONTAMINATION_STRUCTURE.csv,NEWS_DECONTAMINATION_FEASIBILITY_AUDIT.zip,NEWS_DECONTAMINATION_STRUCTURE.csv,66d04ea750443e0e1d9cd3e239655ce5b5011133dcf019ddd6c63b8006ee96d1,561,DECONTAMINATION_FEASIBILITY_EVIDENCE
provenance/feasibility_audit/SHA256SUMS.txt,NEWS_DECONTAMINATION_FEASIBILITY_AUDIT.zip,SHA256SUMS.txt,f83c847b0bc1c6aff5577604bb4a09078fb6bd2d4f1cdf4c9947fbc2c5b57a0e,629,DECONTAMINATION_FEASIBILITY_EVIDENCE
provenance/rowlevel_audit/02_cleaning/CROSS_DATASET_OVERLAP_REPORT.csv,NEWS_DECONTAMINATION_INPUTS.zip,02_cleaning/CROSS_DATASET_OVERLAP_REPORT.csv,7bc9458a83986d8ad3608ee36383068e56d103130a9c8a5e9dfa8fa79d094ca5,23335,DECONTAMINATION_ROWLEVEL_EVIDENCE
provenance/rowlevel_audit/02_cleaning/DATASET_SCHEMA_REPORT.csv,NEWS_DECONTAMINATION_INPUTS.zip,02_cleaning/DATASET_SCHEMA_REPORT.csv,34a6352b96774e7b2f420364f8c20a7de923dcebd6c0abfaafbacb354badf520,19977,DECONTAMINATION_ROWLEVEL_EVIDENCE
provenance/rowlevel_audit/02_cleaning/DUPLICATE_REPORT.csv,NEWS_DECONTAMINATION_INPUTS.zip,02_cleaning/DUPLICATE_REPORT.csv,880fdc46bbdacb5a5f1b9a9d5d02cc2ea193c97a64d46a374557ae8003e67367,3278,DECONTAMINATION_ROWLEVEL_EVIDENCE
provenance/rowlevel_audit/02_cleaning/LABEL_DISTRIBUTION_REPORT.csv,NEWS_DECONTAMINATION_INPUTS.zip,02_cleaning/LABEL_DISTRIBUTION_REPORT.csv,aa899e5687ceb53dfd245245f7f89cfb31c8a679c20cef8f172319f897953224,2463,DECONTAMINATION_ROWLEVEL_EVIDENCE
provenance/rowlevel_audit/02_cleaning/PROTECTED_TITLE_QUALITY_REPORT.csv,NEWS_DECONTAMINATION_INPUTS.zip,02_cleaning/PROTECTED_TITLE_QUALITY_REPORT.csv,32fd5281447a57dcd937e4c95ce1fe03b077b6b4fa587097ce4a5fdf2bf81962,689,DECONTAMINATION_ROWLEVEL_EVIDENCE
provenance/rowlevel_audit/03_modeling/CLEAN_DATA_MANIFEST.json,NEWS_DECONTAMINATION_INPUTS.zip,03_modeling/CLEAN_DATA_MANIFEST.json,531afe103f022de7be88a6335dc9e1a340f6fbf9ee05cf45565d7efea2d03688,9841445,DECONTAMINATION_ROWLEVEL_EVIDENCE
provenance/rowlevel_audit/03_modeling/CUE_FEATURE_SCHEMA.json,NEWS_DECONTAMINATION_INPUTS.zip,03_modeling/CUE_FEATURE_SCHEMA.json,594b17a71c330e288c2d7a77fda320fa1ed581a13f81fbfa014498dfad8f8e0f,3959,DECONTAMINATION_ROWLEVEL_EVIDENCE
provenance/rowlevel_audit/05_external_validation_and_H3/CACHE_SCHEMA_VALIDATION.json,NEWS_DECONTAMINATION_INPUTS.zip,05_external_validation_and_H3/CACHE_SCHEMA_VALIDATION.json,ff5c7fbc84d3de947d45c9ede489b6f14d7c823afe77d9cb84077e52f2d2e747,747,DECONTAMINATION_ROWLEVEL_EVIDENCE
provenance/rowlevel_audit/05_external_validation_and_H3/INFERENCE_CACHE_PROVENANCE.json,NEWS_DECONTAMINATION_INPUTS.zip,05_external_validation_and_H3/INFERENCE_CACHE_PROVENANCE.json,5502b15a2b289dd0c3017231c26adc8ccec5357e82868ea4b441381440aa213f,1539,DECONTAMINATION_ROWLEVEL_EVIDENCE
provenance/rowlevel_audit/05_external_validation_and_H3/STAGE05_ARTIFACT_MANIFEST.json,NEWS_DECONTAMINATION_INPUTS.zip,05_external_validation_and_H3/STAGE05_ARTIFACT_MANIFEST.json,7246bc3a49a5f8d8472005cea9f6062d118431cd67d5dd2c4fd8f2ee31f52c27,3955,DECONTAMINATION_ROWLEVEL_EVIDENCE
provenance/rowlevel_audit/INPUT_SHA256SUMS.txt,NEWS_DECONTAMINATION_INPUTS.zip,INPUT_SHA256SUMS.txt,c37b0d4a4b2ffd5b975b1997057fa5cc6843b9e15f10455e2622eb6d6a4429f8,1768,DECONTAMINATION_ROWLEVEL_EVIDENCE
experiments/sensitivity/rule_a/notebooks/source/07_H3_H4_BRIDGE_EXPLORATORY_vFINAL.ipynb,SWARABYANJAN_RULE_A_RULE_B_ISOLATED_EXECUTION_PACKAGE_2026-09-23.zip,RULE_A/notebooks/07_H3_H4_BRIDGE_EXPLORATORY_vFINAL.ipynb,93d6dc6e8465d5e546b23e0eb596dfa73a60b9e5b1f3c4a0bbb07b15a7d909f7,90715,RULE_A_SENSITIVITY_SOURCE_NOTEBOOK
experiments/sensitivity/rule_a/notebooks/source/05_EXTERNAL_VALIDATION_H3_vFINAL.ipynb,SWARABYANJAN_RULE_A_RULE_B_ISOLATED_EXECUTION_PACKAGE_2026-09-23.zip,RULE_A/notebooks/05_EXTERNAL_VALIDATION_H3_vFINAL.ipynb,42293f7f223c93c84ef4d70f1b1484a65c191afc4f9c71410bc6096254c3acfd,277219,RULE_A_SENSITIVITY_SOURCE_NOTEBOOK
experiments/sensitivity/rule_a/notebooks/source/06_FIXED_BUDGET_RELIABILITY_EVALUATION_vFINAL.ipynb,SWARABYANJAN_RULE_A_RULE_B_ISOLATED_EXECUTION_PACKAGE_2026-09-23.zip,RULE_A/notebooks/06_FIXED_BUDGET_RELIABILITY_EVALUATION_vFINAL.ipynb,67a53253c4dd74e49851e706fabab32a04e760c2a6cac7ff1bb1a39697702068,155538,RULE_A_SENSITIVITY_SOURCE_NOTEBOOK
experiments/sensitivity/rule_a/notebooks/executed/05_EXTERNAL_VALIDATION_H3_vFINAL_executed.ipynb,SWARABYANJAN_RULE_A_RULE_B_ISOLATED_EXECUTION_PACKAGE_2026-09-23.zip,RULE_A/executed/05_EXTERNAL_VALIDATION_H3_vFINAL_executed.ipynb,b63526517039588a4318978c233a7130a629b3014678472aa9a4bef63348d5bb,412857,RULE_A_SENSITIVITY_EXECUTED_NOTEBOOK
experiments/sensitivity/rule_a/notebooks/executed/07_H3_H4_BRIDGE_EXPLORATORY_vFINAL_executed.ipynb,SWARABYANJAN_RULE_A_RULE_B_ISOLATED_EXECUTION_PACKAGE_2026-09-23.zip,RULE_A/executed/07_H3_H4_BRIDGE_EXPLORATORY_vFINAL_executed.ipynb,5334230778f71449e2cc6e1470594682470565e687bb6f5d933c0a84aa28ec81,92626,RULE_A_SENSITIVITY_EXECUTED_NOTEBOOK
experiments/sensitivity/rule_a/notebooks/executed/06_FIXED_BUDGET_RELIABILITY_EVALUATION_vFINAL_executed.ipynb,SWARABYANJAN_RULE_A_RULE_B_ISOLATED_EXECUTION_PACKAGE_2026-09-23.zip,RULE_A/executed/06_FIXED_BUDGET_RELIABILITY_EVALUATION_vFINAL_executed.ipynb,7bb05ddbe71c38b606e7836637b047db61ece06b25b7dd0401aa74becca5db1d,216134,RULE_A_SENSITIVITY_EXECUTED_NOTEBOOK
results/sensitivity/rule_a/07_H3_H4_BRIDGE_EXPLORATORY_vFINAL/H3_POINT_PARITY.json,SWARABYANJAN_RULE_A_RULE_B_ISOLATED_EXECUTION_PACKAGE_2026-09-23.zip,RULE_A/03_results/07_H3_H4_BRIDGE_EXPLORATORY_vFINAL/H3_POINT_PARITY.json,d6dcc30eb9480b1e312a4f3fe30f6560957b47cd558ca9fa44b9289207f0e600,13306,RULE_A_SENSITIVITY_RESULT
results/sensitivity/rule_a/07_H3_H4_BRIDGE_EXPLORATORY_vFINAL/LEAVE_ONE_PLATFORM_OUT_ROBUSTNESS.json,SWARABYANJAN_RULE_A_RULE_B_ISOLATED_EXECUTION_PACKAGE_2026-09-23.zip,RULE_A/03_results/07_H3_H4_BRIDGE_EXPLORATORY_vFINAL/LEAVE_ONE_PLATFORM_OUT_ROBUSTNESS.json,a622db1d2284a774b35ec0c50a686b6ed2811bda5f2cea965102c76b1a3c1c55,9027,RULE_A_SENSITIVITY_RESULT
provenance/sensitivity/rule_a/07_H3_H4_BRIDGE_EXPLORATORY_vFINAL/STAGE07_SHA256SUMS.txt,SWARABYANJAN_RULE_A_RULE_B_ISOLATED_EXECUTION_PACKAGE_2026-09-23.zip,RULE_A/03_results/07_H3_H4_BRIDGE_EXPLORATORY_vFINAL/STAGE07_SHA256SUMS.txt,486f7de8668ba528c355a781e5890eb5af96c3a22f050e6655180b5366ce5c5b,1135,RULE_A_SENSITIVITY_PROVENANCE
results/sensitivity/rule_a/07_H3_H4_BRIDGE_EXPLORATORY_vFINAL/BRIDGE_32_CELL_POINT_TABLE.csv,SWARABYANJAN_RULE_A_RULE_B_ISOLATED_EXECUTION_PACKAGE_2026-09-23.zip,RULE_A/03_results/07_H3_H4_BRIDGE_EXPLORATORY_vFINAL/BRIDGE_32_CELL_POINT_TABLE.csv,d0cefb04fa6a256ed0b2afc3a2aa3de9e15a1d69c37a52b2ad1f701eecafebb3,6383,RULE_A_SENSITIVITY_RESULT
provenance/sensitivity/rule_a/07_H3_H4_BRIDGE_EXPLORATORY_vFINAL/BOOTSTRAP_RUNTIME.json,SWARABYANJAN_RULE_A_RULE_B_ISOLATED_EXECUTION_PACKAGE_2026-09-23.zip,RULE_A/03_results/07_H3_H4_BRIDGE_EXPLORATORY_vFINAL/BOOTSTRAP_RUNTIME.json,9a598bb5321319ad0d38f64678bb642d40f0ccbdf529b1a135c9a539866b8b46,59,RULE_A_SENSITIVITY_PROVENANCE
provenance/sensitivity/rule_a/07_H3_H4_BRIDGE_EXPLORATORY_vFINAL/FROZEN_INPUT_SUMMARY.json,SWARABYANJAN_RULE_A_RULE_B_ISOLATED_EXECUTION_PACKAGE_2026-09-23.zip,RULE_A/03_results/07_H3_H4_BRIDGE_EXPLORATORY_vFINAL/FROZEN_INPUT_SUMMARY.json,261aa1a7959ea3a8fc7f4b06cefb49c25547420d77ad62ee9bf8b2f4cf650705,660,RULE_A_SENSITIVITY_PROVENANCE
provenance/sensitivity/rule_a/07_H3_H4_BRIDGE_EXPLORATORY_vFINAL/STAGE_STATUS.json,SWARABYANJAN_RULE_A_RULE_B_ISOLATED_EXECUTION_PACKAGE_2026-09-23.zip,RULE_A/03_results/07_H3_H4_BRIDGE_EXPLORATORY_vFINAL/STAGE_STATUS.json,48497c602823557762b976b47cf2c3465297ef0851392272092e9df58946350b,415,RULE_A_SENSITIVITY_PROVENANCE
provenance/sensitivity/rule_a/07_H3_H4_BRIDGE_EXPLORATORY_vFINAL/STAGE07_SUMMARY.md,SWARABYANJAN_RULE_A_RULE_B_ISOLATED_EXECUTION_PACKAGE_2026-09-23.zip,RULE_A/03_results/07_H3_H4_BRIDGE_EXPLORATORY_vFINAL/STAGE07_SUMMARY.md,6b886b5574c00ed2b9395760ff69f7d34a19d7b6b289fc559e75d532215eb89a,1402,RULE_A_SENSITIVITY_PROVENANCE
provenance/sensitivity/rule_a/07_H3_H4_BRIDGE_EXPLORATORY_vFINAL/REPRODUCIBILITY_MANIFEST.json,SWARABYANJAN_RULE_A_RULE_B_ISOLATED_EXECUTION_PACKAGE_2026-09-23.zip,RULE_A/03_results/07_H3_H4_BRIDGE_EXPLORATORY_vFINAL/REPRODUCIBILITY_MANIFEST.json,f5b9f8c771b5d03f6966c9a6a90beb525285eb89b031d9260cb5e6707a373173,3678,RULE_A_SENSITIVITY_PROVENANCE
results/sensitivity/rule_a/07_H3_H4_BRIDGE_EXPLORATORY_vFINAL/BRIDGE_POINT_ASSOCIATIONS.json,SWARABYANJAN_RULE_A_RULE_B_ISOLATED_EXECUTION_PACKAGE_2026-09-23.zip,RULE_A/03_results/07_H3_H4_BRIDGE_EXPLORATORY_vFINAL/BRIDGE_POINT_ASSOCIATIONS.json,eb7bee1a8c931c1285bd558f84c4e136daa2805ee65a564d35491542882bffda,850,RULE_A_SENSITIVITY_RESULT
results/sensitivity/rule_a/07_H3_H4_BRIDGE_EXPLORATORY_vFINAL/LEAVE_ONE_PLATFORM_OUT_POINT_TABLE.csv,SWARABYANJAN_RULE_A_RULE_B_ISOLATED_EXECUTION_PACKAGE_2026-09-23.zip,RULE_A/03_results/07_H3_H4_BRIDGE_EXPLORATORY_vFINAL/LEAVE_ONE_PLATFORM_OUT_POINT_TABLE.csv,1adc5356a7e5b58fae2ca1c72e3bd58f003a4a29bff5287cfa4f67f7609b5840,1755,RULE_A_SENSITIVITY_RESULT
provenance/sensitivity/rule_a/07_H3_H4_BRIDGE_EXPLORATORY_vFINAL/UPSTREAM_PROVENANCE_GATE.json,SWARABYANJAN_RULE_A_RULE_B_ISOLATED_EXECUTION_PACKAGE_2026-09-23.zip,RULE_A/03_results/07_H3_H4_BRIDGE_EXPLORATORY_vFINAL/UPSTREAM_PROVENANCE_GATE.json,25bcd22af40a1ef100e4898ec728b3a5e0eb13c76c2a041e92911d516fa7884c,1909,RULE_A_SENSITIVITY_PROVENANCE
results/sensitivity/rule_a/07_H3_H4_BRIDGE_EXPLORATORY_vFINAL/H4_POLICY_POINT_PARITY.json,SWARABYANJAN_RULE_A_RULE_B_ISOLATED_EXECUTION_PACKAGE_2026-09-23.zip,RULE_A/03_results/07_H3_H4_BRIDGE_EXPLORATORY_vFINAL/H4_POLICY_POINT_PARITY.json,5e00798ee4cc0a1a9d56d4540242dc32345bb99210e790282ec25a3a0555332e,28887,RULE_A_SENSITIVITY_RESULT
results/sensitivity/rule_a/07_H3_H4_BRIDGE_EXPLORATORY_vFINAL/H3_H4_BRIDGE_RESULTS.json,SWARABYANJAN_RULE_A_RULE_B_ISOLATED_EXECUTION_PACKAGE_2026-09-23.zip,RULE_A/03_results/07_H3_H4_BRIDGE_EXPLORATORY_vFINAL/H3_H4_BRIDGE_RESULTS.json,d2fb3f7197168c7a4c15f9f3196aa04261d30481f5d82405c2a995ddc24b39a6,6739,RULE_A_SENSITIVITY_RESULT
results/sensitivity/rule_a/06_fixed_budget_reliability_evaluation/H4_RESULTS.json,SWARABYANJAN_RULE_A_RULE_B_ISOLATED_EXECUTION_PACKAGE_2026-09-23.zip,RULE_A/03_results/06_fixed_budget_reliability_evaluation/H4_RESULTS.json,e5dfb218293f59c8b7395dc91c76ef69d2a747a2927b41111eb92e19b2ac597f,714757,RULE_A_SENSITIVITY_RESULT
provenance/sensitivity/rule_a/06_fixed_budget_reliability_evaluation/RUN_METADATA.json,SWARABYANJAN_RULE_A_RULE_B_ISOLATED_EXECUTION_PACKAGE_2026-09-23.zip,RULE_A/03_results/06_fixed_budget_reliability_evaluation/RUN_METADATA.json,0086424e14172418538160178f79cb6ec44868101c6e2aa95672730a1cce2fac,2460,RULE_A_SENSITIVITY_PROVENANCE
provenance/sensitivity/rule_a/06_fixed_budget_reliability_evaluation/STAGE06_SUMMARY.md,SWARABYANJAN_RULE_A_RULE_B_ISOLATED_EXECUTION_PACKAGE_2026-09-23.zip,RULE_A/03_results/06_fixed_budget_reliability_evaluation/STAGE06_SUMMARY.md,72e39552cf17beaabb8cd0eba9c374c8bbd7e09a632ecd12e88134931b67844d,610,RULE_A_SENSITIVITY_PROVENANCE
provenance/sensitivity/rule_a/06_fixed_budget_reliability_evaluation/BOOTSTRAP_RUNTIME.json,SWARABYANJAN_RULE_A_RULE_B_ISOLATED_EXECUTION_PACKAGE_2026-09-23.zip,RULE_A/03_results/06_fixed_budget_reliability_evaluation/BOOTSTRAP_RUNTIME.json,73010c40ab6f7543abf578a1ed40216cb81ae09b05c4266547a40d736508fd6b,17925,RULE_A_SENSITIVITY_PROVENANCE
provenance/sensitivity/rule_a/06_fixed_budget_reliability_evaluation/STAGE06_SHA256SUMS.txt,SWARABYANJAN_RULE_A_RULE_B_ISOLATED_EXECUTION_PACKAGE_2026-09-23.zip,RULE_A/03_results/06_fixed_budget_reliability_evaluation/STAGE06_SHA256SUMS.txt,13373ba465951d0894a3b6f0b58cda088b49bb6c42895987c0731594dd5e2c79,1517,RULE_A_SENSITIVITY_PROVENANCE
provenance/sensitivity/rule_a/06_fixed_budget_reliability_evaluation/tables/H4_PRIMARY_10_PERCENT_SEED_SUMMARY.csv,SWARABYANJAN_RULE_A_RULE_B_ISOLATED_EXECUTION_PACKAGE_2026-09-23.zip,RULE_A/03_results/06_fixed_budget_reliability_evaluation/tables/H4_PRIMARY_10_PERCENT_SEED_SUMMARY.csv,27009a44d41be0d56235920875211b51b958f190acdec606feb919fe6d656929,5039,RULE_A_SENSITIVITY_PROVENANCE
results/sensitivity/rule_a/06_fixed_budget_reliability_evaluation/tables/H4_PRIMARY_10_PERCENT_BY_SEED.csv,SWARABYANJAN_RULE_A_RULE_B_ISOLATED_EXECUTION_PACKAGE_2026-09-23.zip,RULE_A/03_results/06_fixed_budget_reliability_evaluation/tables/H4_PRIMARY_10_PERCENT_BY_SEED.csv,31010c667f5756427e4c095ac1e92cb84f85866b4af54a90ce780c2b0feb4ac1,21873,RULE_A_SENSITIVITY_RESULT
provenance/sensitivity/rule_a/06_fixed_budget_reliability_evaluation/ENVIRONMENT_PREFLIGHT.json,SWARABYANJAN_RULE_A_RULE_B_ISOLATED_EXECUTION_PACKAGE_2026-09-23.zip,RULE_A/03_results/06_fixed_budget_reliability_evaluation/ENVIRONMENT_PREFLIGHT.json,4e05f1657ebca24afcf5b2da0d6449394767ec76451153dc56c7103318913188,643,RULE_A_SENSITIVITY_PROVENANCE
results/sensitivity/rule_a/06_fixed_budget_reliability_evaluation/FIXED_BUDGET_TABLES.csv,SWARABYANJAN_RULE_A_RULE_B_ISOLATED_EXECUTION_PACKAGE_2026-09-23.zip,RULE_A/03_results/06_fixed_budget_reliability_evaluation/FIXED_BUDGET_TABLES.csv,b01e7ab1cc5ab8763a0d68cee0dc63f97e3606c6eae4acd40a2a6683fed095a6,65541,RULE_A_SENSITIVITY_RESULT
provenance/sensitivity/rule_a/06_fixed_budget_reliability_evaluation/STAGE_STATUS.json,SWARABYANJAN_RULE_A_RULE_B_ISOLATED_EXECUTION_PACKAGE_2026-09-23.zip,RULE_A/03_results/06_fixed_budget_reliability_evaluation/STAGE_STATUS.json,a4f0a8a20cc66166f6f54413eee2b91df4a9ef63c99bda1ccfa0a0122fa09423,510,RULE_A_SENSITIVITY_PROVENANCE
provenance/sensitivity/rule_a/06_fixed_budget_reliability_evaluation/REPRODUCIBILITY_MANIFEST.json,SWARABYANJAN_RULE_A_RULE_B_ISOLATED_EXECUTION_PACKAGE_2026-09-23.zip,RULE_A/03_results/06_fixed_budget_reliability_evaluation/REPRODUCIBILITY_MANIFEST.json,ae1d2b892408b45c572fed47f535c084e8f0843118065b6a3d73afccf27ea39d,2972,RULE_A_SENSITIVITY_PROVENANCE
results/sensitivity/rule_a/06_fixed_budget_reliability_evaluation/figures/risk_coverage_ebm.png,SWARABYANJAN_RULE_A_RULE_B_ISOLATED_EXECUTION_PACKAGE_2026-09-23.zip,RULE_A/03_results/06_fixed_budget_reliability_evaluation/figures/risk_coverage_ebm.png,d8a3dc68ae5ebd17e6e17f8aba670fe2a61cdd1e9af9195eb713113116b8dce5,128416,RULE_A_SENSITIVITY_RESULT
results/sensitivity/rule_a/06_fixed_budget_reliability_evaluation/figures/risk_coverage_xlmr.png,SWARABYANJAN_RULE_A_RULE_B_ISOLATED_EXECUTION_PACKAGE_2026-09-23.zip,RULE_A/03_results/06_fixed_budget_reliability_evaluation/figures/risk_coverage_xlmr.png,ae1b6b4787668589da27e89e4eee7304eb58900b4b01e250a5e5471b22238e9a,134225,RULE_A_SENSITIVITY_RESULT
results/sensitivity/rule_a/06_fixed_budget_reliability_evaluation/figures/risk_coverage_tfidf_lr.png,SWARABYANJAN_RULE_A_RULE_B_ISOLATED_EXECUTION_PACKAGE_2026-09-23.zip,RULE_A/03_results/06_fixed_budget_reliability_evaluation/figures/risk_coverage_tfidf_lr.png,1e5ef60dd05468f72afef4c0c7f65a98455e27357d5c884c504b328c7aa85759,136366,RULE_A_SENSITIVITY_RESULT
results/sensitivity/rule_a/06_fixed_budget_reliability_evaluation/figures/risk_coverage_banglabert.png,SWARABYANJAN_RULE_A_RULE_B_ISOLATED_EXECUTION_PACKAGE_2026-09-23.zip,RULE_A/03_results/06_fixed_budget_reliability_evaluation/figures/risk_coverage_banglabert.png,baf57c48a26c32359d8fd61f95002e55154f9412b82300c7d9891768b10da5df,134964,RULE_A_SENSITIVITY_RESULT
provenance/sensitivity/rule_a/06_fixed_budget_reliability_evaluation/UPSTREAM_PROVENANCE_GATE.json,SWARABYANJAN_RULE_A_RULE_B_ISOLATED_EXECUTION_PACKAGE_2026-09-23.zip,RULE_A/03_results/06_fixed_budget_reliability_evaluation/UPSTREAM_PROVENANCE_GATE.json,62353a8c8bbfc939044cbdabd48cf3d63f91e60b2e2eca9faf098afb4ebd1c81,1508,RULE_A_SENSITIVITY_PROVENANCE
provenance/sensitivity/rule_a/06_fixed_budget_reliability_evaluation/FINAL_STATISTICAL_SUMMARY.json,SWARABYANJAN_RULE_A_RULE_B_ISOLATED_EXECUTION_PACKAGE_2026-09-23.zip,RULE_A/03_results/06_fixed_budget_reliability_evaluation/FINAL_STATISTICAL_SUMMARY.json,2953cf42362a1d2b2c7916eae02bd8f7a06e84af7101ad8cd539d1944e35d5b4,515802,RULE_A_SENSITIVITY_PROVENANCE
results/sensitivity/rule_a/06_fixed_budget_reliability_evaluation/RISK_COVERAGE_DATA.csv,SWARABYANJAN_RULE_A_RULE_B_ISOLATED_EXECUTION_PACKAGE_2026-09-23.zip,RULE_A/03_results/06_fixed_budget_reliability_evaluation/RISK_COVERAGE_DATA.csv,9f938ced95c3cffd16226e6cffc4f318b7f773f681e0abfce4edf5c38dc2faec,1481886,RULE_A_SENSITIVITY_RESULT
provenance/sensitivity/rule_a/05_external_validation_and_H3_vFINAL/STAGE05_SUMMARY.md,SWARABYANJAN_RULE_A_RULE_B_ISOLATED_EXECUTION_PACKAGE_2026-09-23.zip,RULE_A/03_results/05_external_validation_and_H3_vFINAL/STAGE05_SUMMARY.md,de57392d8927b890b8cf67fdfcaf0af18335ce9baf4011178a4cb446d420186d,664,RULE_A_SENSITIVITY_PROVENANCE
provenance/sensitivity/rule_a/05_external_validation_and_H3_vFINAL/CACHE_SCHEMA_VALIDATION.json,SWARABYANJAN_RULE_A_RULE_B_ISOLATED_EXECUTION_PACKAGE_2026-09-23.zip,RULE_A/03_results/05_external_validation_and_H3_vFINAL/CACHE_SCHEMA_VALIDATION.json,82849b66bec2d028e87bde283ec533d4251c89dd794cc4fc5a2dbca7f0a0ee75,747,RULE_A_SENSITIVITY_PROVENANCE
provenance/sensitivity/rule_a/05_external_validation_and_H3_vFINAL/RUN_METADATA.json,SWARABYANJAN_RULE_A_RULE_B_ISOLATED_EXECUTION_PACKAGE_2026-09-23.zip,RULE_A/03_results/05_external_validation_and_H3_vFINAL/RUN_METADATA.json,61bc272f2227e789d39d7701378876f3c84151644e194d073b0bad6a0bad3e4b,1465,RULE_A_SENSITIVITY_PROVENANCE
results/sensitivity/rule_a/05_external_validation_and_H3_vFINAL/H1_H2_PARITY_REPORT.json,SWARABYANJAN_RULE_A_RULE_B_ISOLATED_EXECUTION_PACKAGE_2026-09-23.zip,RULE_A/03_results/05_external_validation_and_H3_vFINAL/H1_H2_PARITY_REPORT.json,0865a44ec7a208801ec9cc3b9235cc6734662f4fe37518f13b239b63f3a2fa0f,23480,RULE_A_SENSITIVITY_RESULT
results/sensitivity/rule_a/05_external_validation_and_H3_vFINAL/SENSITIVITY_RESULTS.json,SWARABYANJAN_RULE_A_RULE_B_ISOLATED_EXECUTION_PACKAGE_2026-09-23.zip,RULE_A/03_results/05_external_validation_and_H3_vFINAL/SENSITIVITY_RESULTS.json,22ae56f13a6aacb54f3c6d18736181b846157e8336b99ee3f8dfd6989996bafa,269268,RULE_A_SENSITIVITY_RESULT
results/sensitivity/rule_a/05_external_validation_and_H3_vFINAL/H3_CUE_PLATFORM_CONTRASTS_CORRECTED.csv,SWARABYANJAN_RULE_A_RULE_B_ISOLATED_EXECUTION_PACKAGE_2026-09-23.zip,RULE_A/03_results/05_external_validation_and_H3_vFINAL/H3_CUE_PLATFORM_CONTRASTS_CORRECTED.csv,4f235bfafe1b58272281c95e547dc9b448a414d873894ca06f96cd876598f259,33476,RULE_A_SENSITIVITY_RESULT
results/sensitivity/rule_a/05_external_validation_and_H3_vFINAL/H3_RESULTS.json,SWARABYANJAN_RULE_A_RULE_B_ISOLATED_EXECUTION_PACKAGE_2026-09-23.zip,RULE_A/03_results/05_external_validation_and_H3_vFINAL/H3_RESULTS.json,2c5a87e332fa382db86ff6bd6baa2743cb4bc4668e3f03b6828c6e310e94cb06,105366,RULE_A_SENSITIVITY_RESULT
provenance/sensitivity/rule_a/05_external_validation_and_H3_vFINAL/ENVIRONMENT_PREFLIGHT.json,SWARABYANJAN_RULE_A_RULE_B_ISOLATED_EXECUTION_PACKAGE_2026-09-23.zip,RULE_A/03_results/05_external_validation_and_H3_vFINAL/ENVIRONMENT_PREFLIGHT.json,33dceace50ba757328c0dcdf76698124a0ebbdd5a40df36d7444fea2edc0c5eb,500,RULE_A_SENSITIVITY_PROVENANCE
data/derived/sensitivity/rule_a/05_external_validation_and_H3_vFINAL/BANGLACLICK_PLATFORM_PREDICTIONS.parquet,SWARABYANJAN_RULE_A_RULE_B_ISOLATED_EXECUTION_PACKAGE_2026-09-23.zip,RULE_A/03_results/05_external_validation_and_H3_vFINAL/BANGLACLICK_PLATFORM_PREDICTIONS.parquet,1a2496cc810e35a0082c1781af766a8a253b3d63340cb67fd709d1025d55cc54,11083967,RULE_A_SENSITIVITY_DERIVED_DATA
provenance/sensitivity/rule_a/05_external_validation_and_H3_vFINAL/STAGE_STATUS.json,SWARABYANJAN_RULE_A_RULE_B_ISOLATED_EXECUTION_PACKAGE_2026-09-23.zip,RULE_A/03_results/05_external_validation_and_H3_vFINAL/STAGE_STATUS.json,ecbd318af92fa31bdf8265151a8287bbce1e59832725cc29548a00c7404a8929,766,RULE_A_SENSITIVITY_PROVENANCE
results/sensitivity/rule_a/05_external_validation_and_H3_vFINAL/H1_RESULTS.json,SWARABYANJAN_RULE_A_RULE_B_ISOLATED_EXECUTION_PACKAGE_2026-09-23.zip,RULE_A/03_results/05_external_validation_and_H3_vFINAL/H1_RESULTS.json,c8a9e6640764b263bc87fe550f8b26251ff019174696976bc7b6bd35c336acdd,385203,RULE_A_SENSITIVITY_RESULT
results/sensitivity/rule_a/05_external_validation_and_H3_vFINAL/H3P_POINT_PARITY.json,SWARABYANJAN_RULE_A_RULE_B_ISOLATED_EXECUTION_PACKAGE_2026-09-23.zip,RULE_A/03_results/05_external_validation_and_H3_vFINAL/H3P_POINT_PARITY.json,765491b32f02d49927031a1f7574eb4446cd93a3734bc119f2d7dc475d367746,31714,RULE_A_SENSITIVITY_RESULT
provenance/sensitivity/rule_a/05_external_validation_and_H3_vFINAL/STAGE05_ARTIFACT_MANIFEST.json,SWARABYANJAN_RULE_A_RULE_B_ISOLATED_EXECUTION_PACKAGE_2026-09-23.zip,RULE_A/03_results/05_external_validation_and_H3_vFINAL/STAGE05_ARTIFACT_MANIFEST.json,cab6758b6a3e892084a554b33f8baeab3b28c1c1f1fa3d164219a8423c502e44,4118,RULE_A_SENSITIVITY_PROVENANCE
results/sensitivity/rule_a/05_external_validation_and_H3_vFINAL/H2_RESULTS.json,SWARABYANJAN_RULE_A_RULE_B_ISOLATED_EXECUTION_PACKAGE_2026-09-23.zip,RULE_A/03_results/05_external_validation_and_H3_vFINAL/H2_RESULTS.json,1a4275ff639a702c36255d57186ad67d15c40136e7829a97ea236715e77d491d,91571,RULE_A_SENSITIVITY_RESULT
provenance/sensitivity/rule_a/05_external_validation_and_H3_vFINAL/INFERENCE_CACHE_PROVENANCE.json,SWARABYANJAN_RULE_A_RULE_B_ISOLATED_EXECUTION_PACKAGE_2026-09-23.zip,RULE_A/03_results/05_external_validation_and_H3_vFINAL/INFERENCE_CACHE_PROVENANCE.json,02d2a86636f48c6c1f8496dd63cb0e499cd4c0c5c3eef28142c8d303ae88d0f3,1435,RULE_A_SENSITIVITY_PROVENANCE
provenance/sensitivity/rule_a/05_external_validation_and_H3_vFINAL/STAGE05_SHA256SUMS.txt,SWARABYANJAN_RULE_A_RULE_B_ISOLATED_EXECUTION_PACKAGE_2026-09-23.zip,RULE_A/03_results/05_external_validation_and_H3_vFINAL/STAGE05_SHA256SUMS.txt,537fdd2a86fd1c7a51a50b538a450de4d362eece145e78663b87a4c3609baf86,2157,RULE_A_SENSITIVITY_PROVENANCE
data/derived/sensitivity/rule_a/05_external_validation_and_H3_vFINAL/H3_PERTURBATION_PAIRS.parquet,SWARABYANJAN_RULE_A_RULE_B_ISOLATED_EXECUTION_PACKAGE_2026-09-23.zip,RULE_A/03_results/05_external_validation_and_H3_vFINAL/H3_PERTURBATION_PAIRS.parquet,7b8dd09ed22b177c461a6137c706ff64120d4f071601e0708cd8f6477229eb94,4262313,RULE_A_SENSITIVITY_DERIVED_DATA
results/sensitivity/rule_a/05_external_validation_and_H3_vFINAL/H3_SPARSITY_REPORT.csv,SWARABYANJAN_RULE_A_RULE_B_ISOLATED_EXECUTION_PACKAGE_2026-09-23.zip,RULE_A/03_results/05_external_validation_and_H3_vFINAL/H3_SPARSITY_REPORT.csv,686d9a88dfb9f1246ba0b870b6797cbfc011ce274e2ea39a6b3d76f79e2525f1,4889,RULE_A_SENSITIVITY_RESULT
results/sensitivity/rule_a/05_external_validation_and_H3_vFINAL/H3_PERTURBATION_RESULTS.json,SWARABYANJAN_RULE_A_RULE_B_ISOLATED_EXECUTION_PACKAGE_2026-09-23.zip,RULE_A/03_results/05_external_validation_and_H3_vFINAL/H3_PERTURBATION_RESULTS.json,a394b4901521fcf67ab2aadf8b43447830f45f236f5175d452ca67e8a4f02942,81155,RULE_A_SENSITIVITY_RESULT
provenance/sensitivity/rule_a/05_external_validation_and_H3_vFINAL/STATISTICAL_SUMMARY.json,SWARABYANJAN_RULE_A_RULE_B_ISOLATED_EXECUTION_PACKAGE_2026-09-23.zip,RULE_A/03_results/05_external_validation_and_H3_vFINAL/STATISTICAL_SUMMARY.json,2b561f43049f04bc7e8e97142bf71765c84707aca2df0b23653652e9cd6fa561,192344,RULE_A_SENSITIVITY_PROVENANCE
results/sensitivity/rule_a/05_external_validation_and_H3_vFINAL/H3P_STATISTICAL_PARITY.json,SWARABYANJAN_RULE_A_RULE_B_ISOLATED_EXECUTION_PACKAGE_2026-09-23.zip,RULE_A/03_results/05_external_validation_and_H3_vFINAL/H3P_STATISTICAL_PARITY.json,1941cdfc518eaf7a60abd7802ed70f3e08ffca34f1c6f2d267234341feae83c3,27994,RULE_A_SENSITIVITY_RESULT
experiments/sensitivity/rule_b/notebooks/source/07_H3_H4_BRIDGE_EXPLORATORY_vFINAL.ipynb,SWARABYANJAN_RULE_A_RULE_B_ISOLATED_EXECUTION_PACKAGE_2026-09-23.zip,RULE_B/notebooks/07_H3_H4_BRIDGE_EXPLORATORY_vFINAL.ipynb,93d6dc6e8465d5e546b23e0eb596dfa73a60b9e5b1f3c4a0bbb07b15a7d909f7,90715,RULE_B_SENSITIVITY_SOURCE_NOTEBOOK
experiments/sensitivity/rule_b/notebooks/source/05_EXTERNAL_VALIDATION_H3_vFINAL.ipynb,SWARABYANJAN_RULE_A_RULE_B_ISOLATED_EXECUTION_PACKAGE_2026-09-23.zip,RULE_B/notebooks/05_EXTERNAL_VALIDATION_H3_vFINAL.ipynb,362e994ceab8f822b12183b250557664a903d498d69bc184ffeebd09a5177ec3,277314,RULE_B_SENSITIVITY_SOURCE_NOTEBOOK
experiments/sensitivity/rule_b/notebooks/source/06_FIXED_BUDGET_RELIABILITY_EVALUATION_vFINAL.ipynb,SWARABYANJAN_RULE_A_RULE_B_ISOLATED_EXECUTION_PACKAGE_2026-09-23.zip,RULE_B/notebooks/06_FIXED_BUDGET_RELIABILITY_EVALUATION_vFINAL.ipynb,34ec23a34928d9ba2c28f08e9412183ce87b68ef1d5666061f1f61a8a9a7fb7e,155355,RULE_B_SENSITIVITY_SOURCE_NOTEBOOK
experiments/sensitivity/rule_b/notebooks/executed/07_H3_H4_BRIDGE_EXPLORATORY_vFINAL_executed.ipynb,SWARABYANJAN_RULE_A_RULE_B_ISOLATED_EXECUTION_PACKAGE_2026-09-23.zip,RULE_B/executed/07_H3_H4_BRIDGE_EXPLORATORY_vFINAL_executed.ipynb,f937a8772cbf7127400bcad47cfd8b26adfeee37116b2e134e21e5bc996801db,92625,RULE_B_SENSITIVITY_EXECUTED_NOTEBOOK
results/sensitivity/rule_b/07_H3_H4_BRIDGE_EXPLORATORY_vFINAL/H3_POINT_PARITY.json,SWARABYANJAN_RULE_A_RULE_B_ISOLATED_EXECUTION_PACKAGE_2026-09-23.zip,RULE_B/03_results/07_H3_H4_BRIDGE_EXPLORATORY_vFINAL/H3_POINT_PARITY.json,630635e8e0faf224a6513074a9cfa4ea5e1c162856df7d2939a11678d15fec76,13308,RULE_B_SENSITIVITY_RESULT
results/sensitivity/rule_b/07_H3_H4_BRIDGE_EXPLORATORY_vFINAL/LEAVE_ONE_PLATFORM_OUT_ROBUSTNESS.json,SWARABYANJAN_RULE_A_RULE_B_ISOLATED_EXECUTION_PACKAGE_2026-09-23.zip,RULE_B/03_results/07_H3_H4_BRIDGE_EXPLORATORY_vFINAL/LEAVE_ONE_PLATFORM_OUT_ROBUSTNESS.json,f97fbdfc917e21c803fe030ab5cee3e5d91200f62c534d4f34a41cea9ede606e,9035,RULE_B_SENSITIVITY_RESULT
provenance/sensitivity/rule_b/07_H3_H4_BRIDGE_EXPLORATORY_vFINAL/STAGE07_SHA256SUMS.txt,SWARABYANJAN_RULE_A_RULE_B_ISOLATED_EXECUTION_PACKAGE_2026-09-23.zip,RULE_B/03_results/07_H3_H4_BRIDGE_EXPLORATORY_vFINAL/STAGE07_SHA256SUMS.txt,43e3e46f6b0d0c0bf07173a7fa221a5c2ab775f0e86e11b60ac4b6ec0b6b7ea4,1135,RULE_B_SENSITIVITY_PROVENANCE
results/sensitivity/rule_b/07_H3_H4_BRIDGE_EXPLORATORY_vFINAL/BRIDGE_32_CELL_POINT_TABLE.csv,SWARABYANJAN_RULE_A_RULE_B_ISOLATED_EXECUTION_PACKAGE_2026-09-23.zip,RULE_B/03_results/07_H3_H4_BRIDGE_EXPLORATORY_vFINAL/BRIDGE_32_CELL_POINT_TABLE.csv,f5ddf38886284fee0b9dea36d023e72118a6d483b228d260db2469d6072f6917,6371,RULE_B_SENSITIVITY_RESULT
provenance/sensitivity/rule_b/07_H3_H4_BRIDGE_EXPLORATORY_vFINAL/BOOTSTRAP_RUNTIME.json,SWARABYANJAN_RULE_A_RULE_B_ISOLATED_EXECUTION_PACKAGE_2026-09-23.zip,RULE_B/03_results/07_H3_H4_BRIDGE_EXPLORATORY_vFINAL/BOOTSTRAP_RUNTIME.json,9a25abe5ce302a89db56f5c3bb02e527a1f6a962bccb3236c4757ba376bdd735,60,RULE_B_SENSITIVITY_PROVENANCE
provenance/sensitivity/rule_b/07_H3_H4_BRIDGE_EXPLORATORY_vFINAL/FROZEN_INPUT_SUMMARY.json,SWARABYANJAN_RULE_A_RULE_B_ISOLATED_EXECUTION_PACKAGE_2026-09-23.zip,RULE_B/03_results/07_H3_H4_BRIDGE_EXPLORATORY_vFINAL/FROZEN_INPUT_SUMMARY.json,877f243bbbea5af2cd21fb5eb4099c2726f37f26c956a5a1242e7b83ea8b44cc,660,RULE_B_SENSITIVITY_PROVENANCE
provenance/sensitivity/rule_b/07_H3_H4_BRIDGE_EXPLORATORY_vFINAL/STAGE_STATUS.json,SWARABYANJAN_RULE_A_RULE_B_ISOLATED_EXECUTION_PACKAGE_2026-09-23.zip,RULE_B/03_results/07_H3_H4_BRIDGE_EXPLORATORY_vFINAL/STAGE_STATUS.json,45bb40d2d6466d4683530d1543c16e32b9983d099d31c6192317482eb3d533b1,416,RULE_B_SENSITIVITY_PROVENANCE
provenance/sensitivity/rule_b/07_H3_H4_BRIDGE_EXPLORATORY_vFINAL/STAGE07_SUMMARY.md,SWARABYANJAN_RULE_A_RULE_B_ISOLATED_EXECUTION_PACKAGE_2026-09-23.zip,RULE_B/03_results/07_H3_H4_BRIDGE_EXPLORATORY_vFINAL/STAGE07_SUMMARY.md,2cff0fbf14cf76ef6341d6c39abe003bfa41090923e6c539f98d3b9465733514,1403,RULE_B_SENSITIVITY_PROVENANCE
provenance/sensitivity/rule_b/07_H3_H4_BRIDGE_EXPLORATORY_vFINAL/REPRODUCIBILITY_MANIFEST.json,SWARABYANJAN_RULE_A_RULE_B_ISOLATED_EXECUTION_PACKAGE_2026-09-23.zip,RULE_B/03_results/07_H3_H4_BRIDGE_EXPLORATORY_vFINAL/REPRODUCIBILITY_MANIFEST.json,c3a5d2e6a279537487983b2ee5d14d268c310a7035f76344a20fd94df7262e5f,3678,RULE_B_SENSITIVITY_PROVENANCE
results/sensitivity/rule_b/07_H3_H4_BRIDGE_EXPLORATORY_vFINAL/BRIDGE_POINT_ASSOCIATIONS.json,SWARABYANJAN_RULE_A_RULE_B_ISOLATED_EXECUTION_PACKAGE_2026-09-23.zip,RULE_B/03_results/07_H3_H4_BRIDGE_EXPLORATORY_vFINAL/BRIDGE_POINT_ASSOCIATIONS.json,12b2fb8d037c390c6ceec34e76e07eb099fc731d1ebe736bf92d8f25b2deb41d,850,RULE_B_SENSITIVITY_RESULT
results/sensitivity/rule_b/07_H3_H4_BRIDGE_EXPLORATORY_vFINAL/LEAVE_ONE_PLATFORM_OUT_POINT_TABLE.csv,SWARABYANJAN_RULE_A_RULE_B_ISOLATED_EXECUTION_PACKAGE_2026-09-23.zip,RULE_B/03_results/07_H3_H4_BRIDGE_EXPLORATORY_vFINAL/LEAVE_ONE_PLATFORM_OUT_POINT_TABLE.csv,33c708e1c0b893c4ed6402767681d25f6d6168fe1d1a3afd71c597febee478f9,1755,RULE_B_SENSITIVITY_RESULT
provenance/sensitivity/rule_b/07_H3_H4_BRIDGE_EXPLORATORY_vFINAL/UPSTREAM_PROVENANCE_GATE.json,SWARABYANJAN_RULE_A_RULE_B_ISOLATED_EXECUTION_PACKAGE_2026-09-23.zip,RULE_B/03_results/07_H3_H4_BRIDGE_EXPLORATORY_vFINAL/UPSTREAM_PROVENANCE_GATE.json,a528a597c00c2581cbb21a7eb3da6f125856d1b93e020a2cc6114add3389403e,1909,RULE_B_SENSITIVITY_PROVENANCE
results/sensitivity/rule_b/07_H3_H4_BRIDGE_EXPLORATORY_vFINAL/H4_POLICY_POINT_PARITY.json,SWARABYANJAN_RULE_A_RULE_B_ISOLATED_EXECUTION_PACKAGE_2026-09-23.zip,RULE_B/03_results/07_H3_H4_BRIDGE_EXPLORATORY_vFINAL/H4_POLICY_POINT_PARITY.json,5e00798ee4cc0a1a9d56d4540242dc32345bb99210e790282ec25a3a0555332e,28887,RULE_B_SENSITIVITY_RESULT
results/sensitivity/rule_b/07_H3_H4_BRIDGE_EXPLORATORY_vFINAL/H3_H4_BRIDGE_RESULTS.json,SWARABYANJAN_RULE_A_RULE_B_ISOLATED_EXECUTION_PACKAGE_2026-09-23.zip,RULE_B/03_results/07_H3_H4_BRIDGE_EXPLORATORY_vFINAL/H3_H4_BRIDGE_RESULTS.json,c5f5a7f3d8536bb93e11e0dd3215dd34bce79649c5e05ffb4198e75121b7a513,6752,RULE_B_SENSITIVITY_RESULT
results/sensitivity/rule_b/06_fixed_budget_reliability_evaluation/H4_RESULTS.json,SWARABYANJAN_RULE_A_RULE_B_ISOLATED_EXECUTION_PACKAGE_2026-09-23.zip,RULE_B/03_results/06_fixed_budget_reliability_evaluation/H4_RESULTS.json,d6c1ab53287c7d21f8741316f8aff20d1cb572789a51bc14991ddcc23b381655,714756,RULE_B_SENSITIVITY_RESULT
provenance/sensitivity/rule_b/06_fixed_budget_reliability_evaluation/RUN_METADATA.json,SWARABYANJAN_RULE_A_RULE_B_ISOLATED_EXECUTION_PACKAGE_2026-09-23.zip,RULE_B/03_results/06_fixed_budget_reliability_evaluation/RUN_METADATA.json,2d805a8898131fb581875ef41eaae6dc0d331e681c50e23f894777f7a7d04129,2461,RULE_B_SENSITIVITY_PROVENANCE
provenance/sensitivity/rule_b/06_fixed_budget_reliability_evaluation/STAGE06_SUMMARY.md,SWARABYANJAN_RULE_A_RULE_B_ISOLATED_EXECUTION_PACKAGE_2026-09-23.zip,RULE_B/03_results/06_fixed_budget_reliability_evaluation/STAGE06_SUMMARY.md,72e39552cf17beaabb8cd0eba9c374c8bbd7e09a632ecd12e88134931b67844d,610,RULE_B_SENSITIVITY_PROVENANCE
provenance/sensitivity/rule_b/06_fixed_budget_reliability_evaluation/BOOTSTRAP_RUNTIME.json,SWARABYANJAN_RULE_A_RULE_B_ISOLATED_EXECUTION_PACKAGE_2026-09-23.zip,RULE_B/03_results/06_fixed_budget_reliability_evaluation/BOOTSTRAP_RUNTIME.json,16c158f4ed3fa8ee1f7ee4e78a6f5622db6fca727353eff4aa827acc034ede0d,17926,RULE_B_SENSITIVITY_PROVENANCE
provenance/sensitivity/rule_b/06_fixed_budget_reliability_evaluation/STAGE06_SHA256SUMS.txt,SWARABYANJAN_RULE_A_RULE_B_ISOLATED_EXECUTION_PACKAGE_2026-09-23.zip,RULE_B/03_results/06_fixed_budget_reliability_evaluation/STAGE06_SHA256SUMS.txt,9303bf4322d0d12dfab337ea43f377e1d6bdbf996f88b4e8259f422078f9d22e,1517,RULE_B_SENSITIVITY_PROVENANCE
provenance/sensitivity/rule_b/06_fixed_budget_reliability_evaluation/tables/H4_PRIMARY_10_PERCENT_SEED_SUMMARY.csv,SWARABYANJAN_RULE_A_RULE_B_ISOLATED_EXECUTION_PACKAGE_2026-09-23.zip,RULE_B/03_results/06_fixed_budget_reliability_evaluation/tables/H4_PRIMARY_10_PERCENT_SEED_SUMMARY.csv,61eed220f9f089c47b85511ad4a7470e6caf06d78bddd137b9a9d7277423c609,5040,RULE_B_SENSITIVITY_PROVENANCE
results/sensitivity/rule_b/06_fixed_budget_reliability_evaluation/tables/H4_PRIMARY_10_PERCENT_BY_SEED.csv,SWARABYANJAN_RULE_A_RULE_B_ISOLATED_EXECUTION_PACKAGE_2026-09-23.zip,RULE_B/03_results/06_fixed_budget_reliability_evaluation/tables/H4_PRIMARY_10_PERCENT_BY_SEED.csv,0048dc055525b33333cfbc47c1908b322a4202c6371396b0959b983401064648,21831,RULE_B_SENSITIVITY_RESULT
provenance/sensitivity/rule_b/06_fixed_budget_reliability_evaluation/ENVIRONMENT_PREFLIGHT.json,SWARABYANJAN_RULE_A_RULE_B_ISOLATED_EXECUTION_PACKAGE_2026-09-23.zip,RULE_B/03_results/06_fixed_budget_reliability_evaluation/ENVIRONMENT_PREFLIGHT.json,4e05f1657ebca24afcf5b2da0d6449394767ec76451153dc56c7103318913188,643,RULE_B_SENSITIVITY_PROVENANCE
results/sensitivity/rule_b/06_fixed_budget_reliability_evaluation/FIXED_BUDGET_TABLES.csv,SWARABYANJAN_RULE_A_RULE_B_ISOLATED_EXECUTION_PACKAGE_2026-09-23.zip,RULE_B/03_results/06_fixed_budget_reliability_evaluation/FIXED_BUDGET_TABLES.csv,298f85781a629e9127cabd01601af8a605dbe59e93bb5891fb5d2e7d7f331291,65390,RULE_B_SENSITIVITY_RESULT
provenance/sensitivity/rule_b/06_fixed_budget_reliability_evaluation/STAGE_STATUS.json,SWARABYANJAN_RULE_A_RULE_B_ISOLATED_EXECUTION_PACKAGE_2026-09-23.zip,RULE_B/03_results/06_fixed_budget_reliability_evaluation/STAGE_STATUS.json,e5d8670944f2854f72d145e13dfeeaa0dbf2cd910cc16589f12d0c0fb6b33da9,490,RULE_B_SENSITIVITY_PROVENANCE
provenance/sensitivity/rule_b/06_fixed_budget_reliability_evaluation/REPRODUCIBILITY_MANIFEST.json,SWARABYANJAN_RULE_A_RULE_B_ISOLATED_EXECUTION_PACKAGE_2026-09-23.zip,RULE_B/03_results/06_fixed_budget_reliability_evaluation/REPRODUCIBILITY_MANIFEST.json,fbb36fbc59c8590b2df1359bfeac90eef300af2c2db624bb11a8a76dde678efa,2852,RULE_B_SENSITIVITY_PROVENANCE
results/sensitivity/rule_b/06_fixed_budget_reliability_evaluation/figures/risk_coverage_ebm.png,SWARABYANJAN_RULE_A_RULE_B_ISOLATED_EXECUTION_PACKAGE_2026-09-23.zip,RULE_B/03_results/06_fixed_budget_reliability_evaluation/figures/risk_coverage_ebm.png,e989c9d848f3ae94ea58f07b1e9164a3a7c29b2cad5cc0c871f291649f837932,129951,RULE_B_SENSITIVITY_RESULT
results/sensitivity/rule_b/06_fixed_budget_reliability_evaluation/figures/risk_coverage_xlmr.png,SWARABYANJAN_RULE_A_RULE_B_ISOLATED_EXECUTION_PACKAGE_2026-09-23.zip,RULE_B/03_results/06_fixed_budget_reliability_evaluation/figures/risk_coverage_xlmr.png,be950036d407a953a4518bc7a9354514b4a0f72c802101a2dfdd94f24ae5344d,134080,RULE_B_SENSITIVITY_RESULT
results/sensitivity/rule_b/06_fixed_budget_reliability_evaluation/figures/risk_coverage_tfidf_lr.png,SWARABYANJAN_RULE_A_RULE_B_ISOLATED_EXECUTION_PACKAGE_2026-09-23.zip,RULE_B/03_results/06_fixed_budget_reliability_evaluation/figures/risk_coverage_tfidf_lr.png,b901593c9d0d33071a1378e1ca507a27d7da510f4ee22e8c23d1da9576130cc4,136792,RULE_B_SENSITIVITY_RESULT
results/sensitivity/rule_b/06_fixed_budget_reliability_evaluation/figures/risk_coverage_banglabert.png,SWARABYANJAN_RULE_A_RULE_B_ISOLATED_EXECUTION_PACKAGE_2026-09-23.zip,RULE_B/03_results/06_fixed_budget_reliability_evaluation/figures/risk_coverage_banglabert.png,fa1823fc0d626e0a3850b8c9a71d9326aa14cb99016b70212859ee63eaabb76d,134137,RULE_B_SENSITIVITY_RESULT
provenance/sensitivity/rule_b/06_fixed_budget_reliability_evaluation/UPSTREAM_PROVENANCE_GATE.json,SWARABYANJAN_RULE_A_RULE_B_ISOLATED_EXECUTION_PACKAGE_2026-09-23.zip,RULE_B/03_results/06_fixed_budget_reliability_evaluation/UPSTREAM_PROVENANCE_GATE.json,6500bfcd1f29a71df3258024277e5ee9183168e2c37807c436d9b695351c061e,1508,RULE_B_SENSITIVITY_PROVENANCE
provenance/sensitivity/rule_b/06_fixed_budget_reliability_evaluation/FINAL_STATISTICAL_SUMMARY.json,SWARABYANJAN_RULE_A_RULE_B_ISOLATED_EXECUTION_PACKAGE_2026-09-23.zip,RULE_B/03_results/06_fixed_budget_reliability_evaluation/FINAL_STATISTICAL_SUMMARY.json,b9959c88c9cbe231e604b52870e588f43011f8ae348b10e2430deb5128509564,515951,RULE_B_SENSITIVITY_PROVENANCE
results/sensitivity/rule_b/06_fixed_budget_reliability_evaluation/RISK_COVERAGE_DATA.csv,SWARABYANJAN_RULE_A_RULE_B_ISOLATED_EXECUTION_PACKAGE_2026-09-23.zip,RULE_B/03_results/06_fixed_budget_reliability_evaluation/RISK_COVERAGE_DATA.csv,5fffca636e9592952a0837702760d2948877da32034799f78d89cf4e80a19299,1481214,RULE_B_SENSITIVITY_RESULT
provenance/sensitivity/rule_b/05_external_validation_and_H3_vFINAL/STAGE05_SUMMARY.md,SWARABYANJAN_RULE_A_RULE_B_ISOLATED_EXECUTION_PACKAGE_2026-09-23.zip,RULE_B/03_results/05_external_validation_and_H3_vFINAL/STAGE05_SUMMARY.md,bdf5b77a3b748e1a1437bcf7be31fa20fe7db4d7922f6e308d77d4843eb8e896,664,RULE_B_SENSITIVITY_PROVENANCE
provenance/sensitivity/rule_b/05_external_validation_and_H3_vFINAL/CACHE_SCHEMA_VALIDATION.json,SWARABYANJAN_RULE_A_RULE_B_ISOLATED_EXECUTION_PACKAGE_2026-09-23.zip,RULE_B/03_results/05_external_validation_and_H3_vFINAL/CACHE_SCHEMA_VALIDATION.json,02703c3ab888cefaadeff72867479b73f58be3e66e8d638f5f99eaea432d7021,747,RULE_B_SENSITIVITY_PROVENANCE
provenance/sensitivity/rule_b/05_external_validation_and_H3_vFINAL/RUN_METADATA.json,SWARABYANJAN_RULE_A_RULE_B_ISOLATED_EXECUTION_PACKAGE_2026-09-23.zip,RULE_B/03_results/05_external_validation_and_H3_vFINAL/RUN_METADATA.json,9a74397f8fdcfd5a485c7eebea2b7b67ede2af36f45651dd877b5cca817d384b,1465,RULE_B_SENSITIVITY_PROVENANCE
results/sensitivity/rule_b/05_external_validation_and_H3_vFINAL/H1_H2_PARITY_REPORT.json,SWARABYANJAN_RULE_A_RULE_B_ISOLATED_EXECUTION_PACKAGE_2026-09-23.zip,RULE_B/03_results/05_external_validation_and_H3_vFINAL/H1_H2_PARITY_REPORT.json,f74df77cfd54fe9295fb9539b46e713d72a8c4858e3d0f0308e632bd84f1488c,23480,RULE_B_SENSITIVITY_RESULT
results/sensitivity/rule_b/05_external_validation_and_H3_vFINAL/SENSITIVITY_RESULTS.json,SWARABYANJAN_RULE_A_RULE_B_ISOLATED_EXECUTION_PACKAGE_2026-09-23.zip,RULE_B/03_results/05_external_validation_and_H3_vFINAL/SENSITIVITY_RESULTS.json,5344d688bfb598a4022114f52b624d385fc405095d1688c93008afd9ec7420fb,269193,RULE_B_SENSITIVITY_RESULT
results/sensitivity/rule_b/05_external_validation_and_H3_vFINAL/H3_CUE_PLATFORM_CONTRASTS_CORRECTED.csv,SWARABYANJAN_RULE_A_RULE_B_ISOLATED_EXECUTION_PACKAGE_2026-09-23.zip,RULE_B/03_results/05_external_validation_and_H3_vFINAL/H3_CUE_PLATFORM_CONTRASTS_CORRECTED.csv,17770980e52662c8201c926a01c83e7f106503b30a5f9b300d2d7406a8a28e50,34151,RULE_B_SENSITIVITY_RESULT
results/sensitivity/rule_b/05_external_validation_and_H3_vFINAL/H3_RESULTS.json,SWARABYANJAN_RULE_A_RULE_B_ISOLATED_EXECUTION_PACKAGE_2026-09-23.zip,RULE_B/03_results/05_external_validation_and_H3_vFINAL/H3_RESULTS.json,f78201c14e91a3169afa03e03c17a2c80dea419b9a2ce9fcd6e4b40af9443787,106035,RULE_B_SENSITIVITY_RESULT
provenance/sensitivity/rule_b/05_external_validation_and_H3_vFINAL/ENVIRONMENT_PREFLIGHT.json,SWARABYANJAN_RULE_A_RULE_B_ISOLATED_EXECUTION_PACKAGE_2026-09-23.zip,RULE_B/03_results/05_external_validation_and_H3_vFINAL/ENVIRONMENT_PREFLIGHT.json,5e29febe6816c4f3c26afbb2ef8a5dae6b473592c63f14ef1db41ec6ae4001e8,500,RULE_B_SENSITIVITY_PROVENANCE
data/derived/sensitivity/rule_b/05_external_validation_and_H3_vFINAL/BANGLACLICK_PLATFORM_PREDICTIONS.parquet,SWARABYANJAN_RULE_A_RULE_B_ISOLATED_EXECUTION_PACKAGE_2026-09-23.zip,RULE_B/03_results/05_external_validation_and_H3_vFINAL/BANGLACLICK_PLATFORM_PREDICTIONS.parquet,a93e45a8fd37a8ee1938dc606c08fa450b2cb73d520a78e8e81595b1c26b587f,11036020,RULE_B_SENSITIVITY_DERIVED_DATA
provenance/sensitivity/rule_b/05_external_validation_and_H3_vFINAL/STAGE_STATUS.json,SWARABYANJAN_RULE_A_RULE_B_ISOLATED_EXECUTION_PACKAGE_2026-09-23.zip,RULE_B/03_results/05_external_validation_and_H3_vFINAL/STAGE_STATUS.json,96f569cb1cbfb45216d621f120e3a07e10c9dfa9dbec65b1f6b390d1d6240490,776,RULE_B_SENSITIVITY_PROVENANCE
results/sensitivity/rule_b/05_external_validation_and_H3_vFINAL/H1_RESULTS.json,SWARABYANJAN_RULE_A_RULE_B_ISOLATED_EXECUTION_PACKAGE_2026-09-23.zip,RULE_B/03_results/05_external_validation_and_H3_vFINAL/H1_RESULTS.json,4837b80fc4bab2ff82ee1c075c1f79e2a7a15f1e6804ee13619bc7b97f7f6285,385109,RULE_B_SENSITIVITY_RESULT
results/sensitivity/rule_b/05_external_validation_and_H3_vFINAL/H3P_POINT_PARITY.json,SWARABYANJAN_RULE_A_RULE_B_ISOLATED_EXECUTION_PACKAGE_2026-09-23.zip,RULE_B/03_results/05_external_validation_and_H3_vFINAL/H3P_POINT_PARITY.json,765491b32f02d49927031a1f7574eb4446cd93a3734bc119f2d7dc475d367746,31714,RULE_B_SENSITIVITY_RESULT
provenance/sensitivity/rule_b/05_external_validation_and_H3_vFINAL/STAGE05_ARTIFACT_MANIFEST.json,SWARABYANJAN_RULE_A_RULE_B_ISOLATED_EXECUTION_PACKAGE_2026-09-23.zip,RULE_B/03_results/05_external_validation_and_H3_vFINAL/STAGE05_ARTIFACT_MANIFEST.json,5e4297489d242470aee56b89d881584c2cefe5a04bf41c06aa48dab1eebfe4d7,4118,RULE_B_SENSITIVITY_PROVENANCE
results/sensitivity/rule_b/05_external_validation_and_H3_vFINAL/H2_RESULTS.json,SWARABYANJAN_RULE_A_RULE_B_ISOLATED_EXECUTION_PACKAGE_2026-09-23.zip,RULE_B/03_results/05_external_validation_and_H3_vFINAL/H2_RESULTS.json,122358b55c7c99a69948d8b6ea811685698120ba466a4c7b37e8596a6c1cb8d4,91517,RULE_B_SENSITIVITY_RESULT
provenance/sensitivity/rule_b/05_external_validation_and_H3_vFINAL/INFERENCE_CACHE_PROVENANCE.json,SWARABYANJAN_RULE_A_RULE_B_ISOLATED_EXECUTION_PACKAGE_2026-09-23.zip,RULE_B/03_results/05_external_validation_and_H3_vFINAL/INFERENCE_CACHE_PROVENANCE.json,f751a91678566e09ba681566dbe615ca3f79649f99dc479c5bd41ec6b655cf4f,1435,RULE_B_SENSITIVITY_PROVENANCE
provenance/sensitivity/rule_b/05_external_validation_and_H3_vFINAL/STAGE05_SHA256SUMS.txt,SWARABYANJAN_RULE_A_RULE_B_ISOLATED_EXECUTION_PACKAGE_2026-09-23.zip,RULE_B/03_results/05_external_validation_and_H3_vFINAL/STAGE05_SHA256SUMS.txt,7310912a39636805fb2221edf47de55880c4cf71c344132e8d08c7578019c775,2157,RULE_B_SENSITIVITY_PROVENANCE
data/derived/sensitivity/rule_b/05_external_validation_and_H3_vFINAL/H3_PERTURBATION_PAIRS.parquet,SWARABYANJAN_RULE_A_RULE_B_ISOLATED_EXECUTION_PACKAGE_2026-09-23.zip,RULE_B/03_results/05_external_validation_and_H3_vFINAL/H3_PERTURBATION_PAIRS.parquet,87b551728737d6db302bba9d4b6df6144cdadb2eb7925aa82bcaca35130f7f15,4255538,RULE_B_SENSITIVITY_DERIVED_DATA
results/sensitivity/rule_b/05_external_validation_and_H3_vFINAL/H3_SPARSITY_REPORT.csv,SWARABYANJAN_RULE_A_RULE_B_ISOLATED_EXECUTION_PACKAGE_2026-09-23.zip,RULE_B/03_results/05_external_validation_and_H3_vFINAL/H3_SPARSITY_REPORT.csv,7a6a9a4da14a172b1ad00c948553253e4f4c3c1b9f7dbd9eb9c5f36d8f1137cc,4872,RULE_B_SENSITIVITY_RESULT
results/sensitivity/rule_b/05_external_validation_and_H3_vFINAL/H3_PERTURBATION_RESULTS.json,SWARABYANJAN_RULE_A_RULE_B_ISOLATED_EXECUTION_PACKAGE_2026-09-23.zip,RULE_B/03_results/05_external_validation_and_H3_vFINAL/H3_PERTURBATION_RESULTS.json,e37eb2a5a150d44498b257ed73c589346cc1b24175d74e81aa7c13dd9b3dccfd,81134,RULE_B_SENSITIVITY_RESULT
provenance/sensitivity/rule_b/05_external_validation_and_H3_vFINAL/STATISTICAL_SUMMARY.json,SWARABYANJAN_RULE_A_RULE_B_ISOLATED_EXECUTION_PACKAGE_2026-09-23.zip,RULE_B/03_results/05_external_validation_and_H3_vFINAL/STATISTICAL_SUMMARY.json,5d5916e2c8eaf37d526121aa4cc66708616ceda2602b5616e1de87b8bdb0a667,192230,RULE_B_SENSITIVITY_PROVENANCE
results/sensitivity/rule_b/05_external_validation_and_H3_vFINAL/H3P_STATISTICAL_PARITY.json,SWARABYANJAN_RULE_A_RULE_B_ISOLATED_EXECUTION_PACKAGE_2026-09-23.zip,RULE_B/03_results/05_external_validation_and_H3_vFINAL/H3P_STATISTICAL_PARITY.json,1941cdfc518eaf7a60abd7802ed70f3e08ffca34f1c6f2d267234341feae83c3,27994,RULE_B_SENSITIVITY_RESULT
results/sensitivity/comparison/Rule A_family_simes_reliability.csv,SWARABYANJAN_RULE_A_RULE_B_COMPARISON_2026-09-23.zip,COMPARISON_REPORT/Rule A_family_simes_reliability.csv,fc86ba12c31bca597989b4cf58036a7c21a46d908a74fa5dd019c656474f15ad,1241,RULE_A_RULE_B_COMPARISON
results/sensitivity/comparison/Rule A_H3_global.csv,SWARABYANJAN_RULE_A_RULE_B_COMPARISON_2026-09-23.zip,COMPARISON_REPORT/Rule A_H3_global.csv,e59f503a1bee981bb2bf673d198b3b360735900ec323749ffedaf5d55e2593b4,380,RULE_A_RULE_B_COMPARISON
results/sensitivity/comparison/Rule A_H1_News.csv,SWARABYANJAN_RULE_A_RULE_B_COMPARISON_2026-09-23.zip,COMPARISON_REPORT/Rule A_H1_News.csv,525252085c28ab83c4976b066415ef52c671166782b706e7fffaae679f45f077,10093,RULE_A_RULE_B_COMPARISON
results/sensitivity/comparison/Rule B_H2_News.csv,SWARABYANJAN_RULE_A_RULE_B_COMPARISON_2026-09-23.zip,COMPARISON_REPORT/Rule B_H2_News.csv,a809475a9cd788097855d15b66dd2325f3dd15acdfdc6400bf565fce712ad776,6365,RULE_A_RULE_B_COMPARISON
results/sensitivity/comparison/FINAL_VALIDATION_SUMMARY.json,SWARABYANJAN_RULE_A_RULE_B_COMPARISON_2026-09-23.zip,COMPARISON_REPORT/FINAL_VALIDATION_SUMMARY.json,64db2ff36fcdeca0698acc4825e0601580f01b222fbc739c88731021fa567f87,19126,RULE_A_RULE_B_COMPARISON
results/sensitivity/comparison/Rule B_H3_32.csv,SWARABYANJAN_RULE_A_RULE_B_COMPARISON_2026-09-23.zip,COMPARISON_REPORT/Rule B_H3_32.csv,fb260dfc348c263342673bb896284d1e04edb25a7427722fb1d2b3e2b22d3042,11208,RULE_A_RULE_B_COMPARISON
results/sensitivity/comparison/Rule B_H1_News.csv,SWARABYANJAN_RULE_A_RULE_B_COMPARISON_2026-09-23.zip,COMPARISON_REPORT/Rule B_H1_News.csv,cb7fc5d22fcfee9086fb300ab7723ca9163b37d119adedeb56d669adcb194de4,10115,RULE_A_RULE_B_COMPARISON
results/sensitivity/comparison/Rule A_family_simes_outcome.csv,SWARABYANJAN_RULE_A_RULE_B_COMPARISON_2026-09-23.zip,COMPARISON_REPORT/Rule A_family_simes_outcome.csv,137a2b9ecbf000c75fbd936d6ee8321258a4fab08e94abe6b96c898d42abd7bb,1193,RULE_A_RULE_B_COMPARISON
results/sensitivity/comparison/Rule B_family_simes_reliability.csv,SWARABYANJAN_RULE_A_RULE_B_COMPARISON_2026-09-23.zip,COMPARISON_REPORT/Rule B_family_simes_reliability.csv,53324f26fab0c66a13358d93029c45a988fc80b6a2637a9172be730702fa853d,1241,RULE_A_RULE_B_COMPARISON
results/sensitivity/comparison/VALIDATION_SUMMARY.json,SWARABYANJAN_RULE_A_RULE_B_COMPARISON_2026-09-23.zip,COMPARISON_REPORT/VALIDATION_SUMMARY.json,977709e33437291236c27bba8cabd50ff2e50ca9d1b11385da9f24241f1d18ed,2866,RULE_A_RULE_B_COMPARISON
results/sensitivity/comparison/A_vs_B_BRIDGE.csv,SWARABYANJAN_RULE_A_RULE_B_COMPARISON_2026-09-23.zip,COMPARISON_REPORT/A_vs_B_BRIDGE.csv,3be264850d753653550df037399ff707f0980328e65bdc29c5b8ab61f66f29d2,6546,RULE_A_RULE_B_COMPARISON
results/sensitivity/comparison/Rule B_family_simes_outcome.csv,SWARABYANJAN_RULE_A_RULE_B_COMPARISON_2026-09-23.zip,COMPARISON_REPORT/Rule B_family_simes_outcome.csv,73c22d13a7bf3a5a259f217da7c445556cf7a487a08af30658ed990a8c902c80,1207,RULE_A_RULE_B_COMPARISON
results/sensitivity/comparison/Rule B_H4_10_news.csv,SWARABYANJAN_RULE_A_RULE_B_COMPARISON_2026-09-23.zip,COMPARISON_REPORT/Rule B_H4_10_news.csv,06e88fc8aad34d6ff2008477b2678fbabf9c3d8742c6701cc742b77af14eb66c,12247,RULE_A_RULE_B_COMPARISON
results/sensitivity/comparison/Rule A_BRIDGE.csv,SWARABYANJAN_RULE_A_RULE_B_COMPARISON_2026-09-23.zip,COMPARISON_REPORT/Rule A_BRIDGE.csv,308650fb830164cb1fe4573da12df23e60aff7e1a7590f24963d800c23db1714,3369,RULE_A_RULE_B_COMPARISON
results/sensitivity/comparison/A_vs_B_H4_10_news.csv,SWARABYANJAN_RULE_A_RULE_B_COMPARISON_2026-09-23.zip,COMPARISON_REPORT/A_vs_B_H4_10_news.csv,e8979246350f53815bb01363863af636453a7681d722a3ab8c83cc62ba2f22ec,25918,RULE_A_RULE_B_COMPARISON
results/sensitivity/comparison/Rule B_H3_global.csv,SWARABYANJAN_RULE_A_RULE_B_COMPARISON_2026-09-23.zip,COMPARISON_REPORT/Rule B_H3_global.csv,057fb2968a20233e1e0ff0216ce165b44005ec6528d50f40433156f4b728c9db,382,RULE_A_RULE_B_COMPARISON
results/sensitivity/comparison/A_vs_B_H1_News.csv,SWARABYANJAN_RULE_A_RULE_B_COMPARISON_2026-09-23.zip,COMPARISON_REPORT/A_vs_B_H1_News.csv,9f2cc47f320865a28e7bc384408e7b4fea3d35e6de8bc8b8c80a70f525b0a59e,21577,RULE_A_RULE_B_COMPARISON
results/sensitivity/comparison/Rule A_H2_News.csv,SWARABYANJAN_RULE_A_RULE_B_COMPARISON_2026-09-23.zip,COMPARISON_REPORT/Rule A_H2_News.csv,fd23a300e633be29cd7158e81e16a6170425d6ab3400245064a48181884adb9f,6371,RULE_A_RULE_B_COMPARISON
results/sensitivity/comparison/Rule B_BRIDGE.csv,SWARABYANJAN_RULE_A_RULE_B_COMPARISON_2026-09-23.zip,COMPARISON_REPORT/Rule B_BRIDGE.csv,c697c1cfcdd84f901097de91a3e0de3e16b321c9c40b4d1f9ed751d9ab6f805a,3377,RULE_A_RULE_B_COMPARISON
results/sensitivity/comparison/A_vs_B_H2_News.csv,SWARABYANJAN_RULE_A_RULE_B_COMPARISON_2026-09-23.zip,COMPARISON_REPORT/A_vs_B_H2_News.csv,be8994b20503aa53a5ab58d017cacd553100ff563320c6ee030966b1c3b49ba5,13146,RULE_A_RULE_B_COMPARISON
results/sensitivity/comparison/Rule A_H3_32.csv,SWARABYANJAN_RULE_A_RULE_B_COMPARISON_2026-09-23.zip,COMPARISON_REPORT/Rule A_H3_32.csv,a91529e044d21ef109a76425746c828f7b43e4af90a47c68e89ca548580d69e0,11352,RULE_A_RULE_B_COMPARISON
results/sensitivity/comparison/A_vs_B_H3_32.csv,SWARABYANJAN_RULE_A_RULE_B_COMPARISON_2026-09-23.zip,COMPARISON_REPORT/A_vs_B_H3_32.csv,692c47a627de74a751dcd0ac3459558dcfbdccc620c8a223635bb501966455f1,22863,RULE_A_RULE_B_COMPARISON
results/sensitivity/comparison/Rule A_H4_10_news.csv,SWARABYANJAN_RULE_A_RULE_B_COMPARISON_2026-09-23.zip,COMPARISON_REPORT/Rule A_H4_10_news.csv,5e7408e3131bf25100ec6cc3e7006b5ec1d95c2ae36188e7a08a4ad02c54b103,12238,RULE_A_RULE_B_COMPARISON
results/sensitivity/comparison/FINAL_VALIDATION_REPORT.md,SWARABYANJAN_RULE_A_RULE_B_COMPARISON_2026-09-23.zip,COMPARISON_REPORT/FINAL_VALIDATION_REPORT.md,55f2383052dcac92196344faeca5b558a0f498ee2562beffa8e6b5955ed1e2be,4990,RULE_A_RULE_B_COMPARISON
docs/discovery/MASTER_PROJECT_FILE_INVENTORY.csv,/mnt/data/SWARABYANJAN_DISCOVERY_REPORTS/docs/MASTER_PROJECT_FILE_INVENTORY.csv,MASTER_PROJECT_FILE_INVENTORY.csv,57e957a925564507dee5346e9f48f89eded8ce8c979b035e5d49bfef986f1c34,2368892,FORENSIC_DISCOVERY_REPORT
docs/discovery/MASTER_PROJECT_FILE_INVENTORY.md,/mnt/data/SWARABYANJAN_DISCOVERY_REPORTS/docs/MASTER_PROJECT_FILE_INVENTORY.md,MASTER_PROJECT_FILE_INVENTORY.md,0650f65a1ce8c2bac9544d605820b633b5b9e958611622cdfb462fb57f97a567,3475,FORENSIC_DISCOVERY_REPORT
docs/discovery/COMPLETE_NOTEBOOK_INVENTORY.csv,/mnt/data/SWARABYANJAN_DISCOVERY_REPORTS/docs/COMPLETE_NOTEBOOK_INVENTORY.csv,COMPLETE_NOTEBOOK_INVENTORY.csv,07e4c5bba052f9f39fde484f53fdde5c8c383d0de081b06c8761caf44d6c6050,116145,FORENSIC_DISCOVERY_REPORT
docs/discovery/COMPLETE_NOTEBOOK_INVENTORY.md,/mnt/data/SWARABYANJAN_DISCOVERY_REPORTS/docs/COMPLETE_NOTEBOOK_INVENTORY.md,COMPLETE_NOTEBOOK_INVENTORY.md,d682a5f4f9999857214feb6b37db3953577445092b3b66b285838c9709c7456d,4655,FORENSIC_DISCOVERY_REPORT
docs/discovery/PROJECT_ARTIFACT_LINEAGE.md,/mnt/data/SWARABYANJAN_DISCOVERY_REPORTS/docs/PROJECT_ARTIFACT_LINEAGE.md,PROJECT_ARTIFACT_LINEAGE.md,9a68b30fa8f9e5975adf95781064e990fb5137a8f63030c10c22f3241908f093,5721,FORENSIC_DISCOVERY_REPORT
docs/discovery/COMPLETE_PROJECT_ARTIFACT_MAP.md,/mnt/data/SWARABYANJAN_DISCOVERY_REPORTS/docs/COMPLETE_PROJECT_ARTIFACT_MAP.md,COMPLETE_PROJECT_ARTIFACT_MAP.md,f949b89c5d335b3f1fc5620dc66e232e1325e161b1a7a3a02b1d4ac81eca07e2,3315,FORENSIC_DISCOVERY_REPORT
docs/discovery/INACCESSIBLE_REFERENCED_ARTIFACTS.md,/mnt/data/SWARABYANJAN_DISCOVERY_REPORTS/docs/INACCESSIBLE_REFERENCED_ARTIFACTS.md,INACCESSIBLE_REFERENCED_ARTIFACTS.md,32b156d09066c8be72550900aad15270964f15632aed334e2919311fb3b3f4d2,1876,FORENSIC_DISCOVERY_REPORT
docs/discovery/SOURCE_CODE_RECONCILIATION.md,/mnt/data/SWARABYANJAN_DISCOVERY_REPORTS/docs/SOURCE_CODE_RECONCILIATION.md,SOURCE_CODE_RECONCILIATION.md,650d7f3dd36c0e227f47da327204ca774d48434f92992fe3137604f10b1c04a6,3093,FORENSIC_DISCOVERY_REPORT
docs/discovery/FINAL_DISCOVERY_COUNTS.json,/mnt/data/SWARABYANJAN_DISCOVERY_REPORTS/docs/FINAL_DISCOVERY_COUNTS.json,FINAL_DISCOVERY_COUNTS.json,a1f2e531d89c146b14f50ddf7d62558610c58cd81832e79355fabb500987fc55,1706,FORENSIC_DISCOVERY_REPORT
docs/CANONICAL_NOTEBOOK_MAP.md,GENERATED_FROM_VERIFIED_INVENTORY,docs/CANONICAL_NOTEBOOK_MAP.md,fb828f4808a433920d779ff3fe88af07d0c009737e94060795517e8425269542,3919,DOCUMENTATION
docs/NOTEBOOK_AUDIT.md,GENERATED_FROM_VERIFIED_INVENTORY,docs/NOTEBOOK_AUDIT.md,2da14600efefc2250c300b20a3add839afb7c255e870fee12c7327eb81c854d5,6943,DOCUMENTATION
experiments/sensitivity/rule_a/README.md,GENERATED_FROM_VERIFIED_INVENTORY,experiments/sensitivity/rule_a/README.md,609b28a8d510009400726b166362d89ff5823962f2ac0941621dc45793bcc1a3,1174,DOCUMENTATION
experiments/sensitivity/rule_b/README.md,GENERATED_FROM_VERIFIED_INVENTORY,experiments/sensitivity/rule_b/README.md,3ad667c8621f01bf34563870a64972fc75e44e994623a759f151693f11b0371b,1174,DOCUMENTATION
experiments/README.md,GENERATED_FROM_VERIFIED_INVENTORY,experiments/README.md,001a44416fcd427156765c67aa411aa023fbe277a597eacd3e22a959a80cea19,456,DOCUMENTATION
experiments/sensitivity/README.md,GENERATED_FROM_VERIFIED_INVENTORY,experiments/sensitivity/README.md,7b3434ae810cc752ab8330ae16552d5797048b999fe5dc5a99279d9501cac40e,259,DOCUMENTATION
results/README.md,GENERATED_FROM_VERIFIED_INVENTORY,results/README.md,3cdcc6881b8487fa12fe621fd092476fd378f309f0cc0f07b4188267334b4171,471,DOCUMENTATION
results/primary/README.md,GENERATED_FROM_VERIFIED_INVENTORY,results/primary/README.md,5091dd1cf8f81c00478f0c57506c9ae3d6add71ee4bd69ba6386848b68962952,514,DOCUMENTATION
results/sensitivity/README.md,GENERATED_FROM_VERIFIED_INVENTORY,results/sensitivity/README.md,524346c933e5590ed8cc987dbf3b7af6aa7f68cd7950a91858930771f3463bff,379,DOCUMENTATION
results/sensitivity/rule_a/README.md,GENERATED_FROM_VERIFIED_INVENTORY,results/sensitivity/rule_a/README.md,d9e1338b1a8b02bd0436dc85ed0e0ebd75c62fe87a961c559cde8f793619bfab,201,DOCUMENTATION
results/sensitivity/rule_b/README.md,GENERATED_FROM_VERIFIED_INVENTORY,results/sensitivity/rule_b/README.md,e3eb400e16edb1a82e63c39349e1e74ca12305cf252a475bfd15dc41bd28aeea,201,DOCUMENTATION
results/sensitivity/comparison/README.md,GENERATED_FROM_VERIFIED_INVENTORY,results/sensitivity/comparison/README.md,2fe1801f78b909118af088c833b97581cfa411e53ee648badc866f576ca0c387,290,DOCUMENTATION
results/sensitivity/TABLE_S10_S11_TRACEABILITY.md,GENERATED_FROM_VERIFIED_INVENTORY,results/sensitivity/TABLE_S10_S11_TRACEABILITY.md,4c927cd1cc236157151b77c26f042a652442d875976a2cb93e714ebeab8c7982,1554,DOCUMENTATION
provenance/README.md,GENERATED_FROM_VERIFIED_INVENTORY,provenance/README.md,6ba72e2616d4d996e2d657469b35f0b6bec5b270c2057262095c264a3694e52d,616,DOCUMENTATION
provenance/canonical/README.md,GENERATED_FROM_VERIFIED_INVENTORY,provenance/canonical/README.md,0950e612fa20a283d3142fc697223f69a0c9696aeabc0fc4a52fcb431cf64aa9,384,DOCUMENTATION
provenance/feasibility_audit/README.md,GENERATED_FROM_VERIFIED_INVENTORY,provenance/feasibility_audit/README.md,48de74899e253ee0a38da60e90e4169bad93c702139caf8417c8239574984040,234,DOCUMENTATION
provenance/rowlevel_audit/README.md,GENERATED_FROM_VERIFIED_INVENTORY,provenance/rowlevel_audit/README.md,0bbbba94be94526daab4d2cd458d77b6ac6672006ad6a4298e0684bb39c7b3dc,368,DOCUMENTATION
provenance/release/README.md,GENERATED_FROM_VERIFIED_INVENTORY,provenance/release/README.md,e69099cb62019fdc888c44554cc681d00c5f33183b7e372cb303988d647c3344,265,DOCUMENTATION
provenance/archive/README.md,GENERATED_FROM_VERIFIED_INVENTORY,provenance/archive/README.md,41f8430276c2b8f7bcbd287cd0fd53181963e8710d67a150b830d5170d518d45,265,DOCUMENTATION
provenance/archive/notebooks/README.md,GENERATED_FROM_VERIFIED_INVENTORY,provenance/archive/notebooks/README.md,85fa5949ad65b63d34a82c75f00cd382f5af4080edd258f2f99dd0b20c8b3537,233,DOCUMENTATION
provenance/sensitivity/README.md,GENERATED_FROM_VERIFIED_INVENTORY,provenance/sensitivity/README.md,e51ad7d6993de2b22064142279693d8daaf8b6e53017f740f3990f610ecc949a,253,DOCUMENTATION
provenance/sensitivity/rule_a/README.md,GENERATED_FROM_VERIFIED_INVENTORY,provenance/sensitivity/rule_a/README.md,cfefce2d364706efff3c9af612160b04d1b259466b457a1a68816bfe8ee7dc34,107,DOCUMENTATION
provenance/sensitivity/rule_b/README.md,GENERATED_FROM_VERIFIED_INVENTORY,provenance/sensitivity/rule_b/README.md,712336fb5adf991c687a67f167fc850240cb84c87f7dd5d908cc920ffb8eb538,107,DOCUMENTATION
data/README.md,GENERATED_FROM_VERIFIED_INVENTORY,data/README.md,e0ee91d8f084a5b2ba65b3adfa3d7781c063b1a6392227d95c4a7df1f50ce087,545,DOCUMENTATION
data/access/README.md,GENERATED_FROM_VERIFIED_INVENTORY,data/access/README.md,af7bd193b08cc0b319d9b978a3946ef37d9e5a30caef433110179e2730d9eebe,230,DOCUMENTATION
configs/README.md,GENERATED_FROM_VERIFIED_INVENTORY,configs/README.md,6dbb4a6b842aa6fb8dac6c3507af8603f516e49c05629ca66189bb314aab17b1,225,DOCUMENTATION
scripts/README.md,GENERATED_FROM_VERIFIED_INVENTORY,scripts/README.md,628996446b1350b5236a5e908af533e6b0a09026990f4c9825316ce6fecfc347,266,DOCUMENTATION
scripts/release/README.md,GENERATED_FROM_VERIFIED_INVENTORY,scripts/release/README.md,ddbf8a32c78e5b98b418239aee39f5a55519ed0a573fcf5297e8683e8bd9358b,224,DOCUMENTATION
notebooks/README.md,GENERATED_FROM_VERIFIED_INVENTORY,notebooks/README.md,931a42dc995217149b0843ccd2a43b385147d1750289807402fff3fe76dbe34c,340,DOCUMENTATION
docs/README.md,GENERATED_FROM_VERIFIED_INVENTORY,docs/README.md,c444b574cc514d4f6483d3900d437111f23c6d21f5068b572791d445130cd5ec,331,DOCUMENTATION
docs/REPRODUCIBILITY.md,GENERATED_FROM_VERIFIED_INVENTORY,docs/REPRODUCIBILITY.md,daa879080f7244cf60304cfe2b984e4284208d093ea0a8772c787da6ab178f5c,2210,DOCUMENTATION
docs/EVIDENCE_TRACEABILITY.md,GENERATED_FROM_VERIFIED_INVENTORY,docs/EVIDENCE_TRACEABILITY.md,815848869d981384d1f68a4b74a44dc52b6a5eed3e113a0486e2d123e391f21e,2206,DOCUMENTATION
docs/RELEASE_NOTES.md,GENERATED_FROM_VERIFIED_INVENTORY,docs/RELEASE_NOTES.md,f58869f71585ee11ac71d28ec444016d568e64c83ddfe8e151bc890129cc32fd,1219,DOCUMENTATION
docs/INACCESSIBLE_REFERENCED_ARTIFACTS.md,GENERATED_FROM_VERIFIED_INVENTORY,docs/INACCESSIBLE_REFERENCED_ARTIFACTS.md,d3b6d80c4c05270511d4cd5df34e820a17a5e6cde0b32a50fa454e9078c34e69,811,DOCUMENTATION
docs/LICENSE_STATUS.md,GENERATED_FROM_VERIFIED_INVENTORY,docs/LICENSE_STATUS.md,756575fb220b0fb9c1cdb358c0bc3a1586669217a8e4e1c08297dc815ccd7946,420,DOCUMENTATION
README.md,GENERATED_FROM_VERIFIED_INVENTORY,README.md,87293350ef08234026240c2b7ba4662d98698bcf38ff1ced690f9548f8b0c0b2,4511,DOCUMENTATION
.gitignore,GENERATED_FROM_VERIFIED_INVENTORY,.gitignore,110465c83a41f4b17091b7e54ad00bcd7a06d33450c1fd8fee5824a6e9df9426,401,GITHUB_HYGIENE
.gitattributes,GENERATED_FROM_VERIFIED_INVENTORY,.gitattributes,dce0c7a6d3599a3fb91c13b1ce3e65f6640bc4ca6c128cc3a7ca685235adf19c,260,GITHUB_HYGIENE
docs/REPOSITORY_README_AUDIT.md,GENERATED_FROM_VERIFIED_INVENTORY,docs/REPOSITORY_README_AUDIT.md,a93fa4d5559e7af168c2fbd3ba122bbb42d1aa6fe0d42262c71faa0cb8bce1c9,2706,DOCUMENTATION
