claim,canonical_status,sensitivity_status,canonical_point_estimate,sensitivity_point_estimate,canonical_CI,sensitivity_CI,canonical_p,sensitivity_p,canonical_estimability,sensitivity_estimability,interpretation_class,notes
H1|AUROC_DROP|banglaclick:news|banglabert|42,ESTIMABLE,ESTIMABLE,0.1477601587832852,0.1477601587832852,"[0.1198854056355906, 0.18694283182057558]","[0.10612847398618358, 0.19883726338999905]",,,True,True,UNCERTAINTY_WIDENED_INTERPRETATION_UNCHANGED,sensitivity CI is wider; interpretation otherwise unchanged
H1|NLL_RELATIVE_CHANGE|banglaclick:news|banglabert|42,ESTIMABLE,ESTIMABLE,2.0323921346711713,2.0323921346711713,"[1.8001805652421319, 2.2698497016653323]","[1.6328007008024419, 2.723376785174594]",,,True,True,UNCERTAINTY_WIDENED_INTERPRETATION_UNCHANGED,sensitivity CI is wider; interpretation otherwise unchanged
H1|BALANCED_BRIER_RELATIVE_CHANGE|banglaclick:news|banglabert|42,ESTIMABLE,ESTIMABLE,0.8279653044437159,0.8279653044437159,"[0.6823547866619226, 0.9804478895350021]","[0.6110988743440318, 1.1059431073754575]",,,True,True,UNCERTAINTY_WIDENED_INTERPRETATION_UNCHANGED,sensitivity CI is wider; interpretation otherwise unchanged
H1|LOCKED_SETTING_SUPPORT|banglaclick:news|banglabert|42,ESTIMABLE,ESTIMABLE,,,,,,,True,True,CONCORDANT,canonical interpretation unchanged
H1|AUROC_DROP|banglaclick:news|banglabert|137,ESTIMABLE,ESTIMABLE,0.14286373575647737,0.14286373575647737,"[0.11267787635552905, 0.1810554158559846]","[0.10177471653532333, 0.1936321290288507]",,,True,True,UNCERTAINTY_WIDENED_INTERPRETATION_UNCHANGED,sensitivity CI is wider; interpretation otherwise unchanged
H1|NLL_RELATIVE_CHANGE|banglaclick:news|banglabert|137,ESTIMABLE,ESTIMABLE,2.0564634185384607,2.0564634185384607,"[1.8146012965590885, 2.3086389634092184]","[1.6682544990646295, 2.7338860892974255]",,,True,True,UNCERTAINTY_WIDENED_INTERPRETATION_UNCHANGED,sensitivity CI is wider; interpretation otherwise unchanged
H1|BALANCED_BRIER_RELATIVE_CHANGE|banglaclick:news|banglabert|137,ESTIMABLE,ESTIMABLE,0.8003199896736356,0.8003199896736356,"[0.6601616002855049, 0.9445582346445969]","[0.6104132733209372, 1.039377818405289]",,,True,True,UNCERTAINTY_WIDENED_INTERPRETATION_UNCHANGED,sensitivity CI is wider; interpretation otherwise unchanged
H1|LOCKED_SETTING_SUPPORT|banglaclick:news|banglabert|137,ESTIMABLE,ESTIMABLE,,,,,,,True,True,CONCORDANT,canonical interpretation unchanged
H1|AUROC_DROP|banglaclick:news|banglabert|2718,ESTIMABLE,ESTIMABLE,0.14255353830410022,0.14255353830410022,"[0.11272106610637835, 0.18172624687476271]","[0.10264666224928204, 0.1938971352116433]",,,True,True,UNCERTAINTY_WIDENED_INTERPRETATION_UNCHANGED,sensitivity CI is wider; interpretation otherwise unchanged
H1|NLL_RELATIVE_CHANGE|banglaclick:news|banglabert|2718,ESTIMABLE,ESTIMABLE,2.092245449543341,2.092245449543341,"[1.8505154736815739, 2.3489627446325994]","[1.7085227392515494, 2.7764206462486483]",,,True,True,UNCERTAINTY_WIDENED_INTERPRETATION_UNCHANGED,sensitivity CI is wider; interpretation otherwise unchanged
H1|BALANCED_BRIER_RELATIVE_CHANGE|banglaclick:news|banglabert|2718,ESTIMABLE,ESTIMABLE,0.7745288233260018,0.7745288233260018,"[0.6380704254503711, 0.9235384262745155]","[0.569376371623378, 1.0276202950756295]",,,True,True,UNCERTAINTY_WIDENED_INTERPRETATION_UNCHANGED,sensitivity CI is wider; interpretation otherwise unchanged
H1|LOCKED_SETTING_SUPPORT|banglaclick:news|banglabert|2718,ESTIMABLE,ESTIMABLE,,,,,,,True,True,CONCORDANT,canonical interpretation unchanged
H1|AUROC_DROP|banglaclick:news|banglabert|31415,ESTIMABLE,ESTIMABLE,0.13835975265683853,0.13835975265683853,"[0.10948429018562915, 0.17607143061527544]","[0.09725893117139502, 0.18835846102411222]",,,True,True,UNCERTAINTY_WIDENED_INTERPRETATION_UNCHANGED,sensitivity CI is wider; interpretation otherwise unchanged
H1|NLL_RELATIVE_CHANGE|banglaclick:news|banglabert|31415,ESTIMABLE,ESTIMABLE,1.9510479724182774,1.9510479724182774,"[1.722827391188288, 2.179768829302602]","[1.5689136327071902, 2.6361488641166453]",,,True,True,UNCERTAINTY_WIDENED_INTERPRETATION_UNCHANGED,sensitivity CI is wider; interpretation otherwise unchanged
H1|BALANCED_BRIER_RELATIVE_CHANGE|banglaclick:news|banglabert|31415,ESTIMABLE,ESTIMABLE,0.7779692734498844,0.7779692734498844,"[0.6397091902452489, 0.9295494732877712]","[0.5690678737272339, 1.0606328702166257]",,,True,True,UNCERTAINTY_WIDENED_INTERPRETATION_UNCHANGED,sensitivity CI is wider; interpretation otherwise unchanged
H1|LOCKED_SETTING_SUPPORT|banglaclick:news|banglabert|31415,ESTIMABLE,ESTIMABLE,,,,,,,True,True,CONCORDANT,canonical interpretation unchanged
H1|AUROC_DROP|banglaclick:news|banglabert|65537,ESTIMABLE,ESTIMABLE,0.14735738723377945,0.14735738723377945,"[0.11592219498296823, 0.18779747564022534]","[0.10409094213514346, 0.19942451611096937]",,,True,True,UNCERTAINTY_WIDENED_INTERPRETATION_UNCHANGED,sensitivity CI is wider; interpretation otherwise unchanged
H1|NLL_RELATIVE_CHANGE|banglaclick:news|banglabert|65537,ESTIMABLE,ESTIMABLE,2.110057984992352,2.110057984992352,"[1.8675359221308299, 2.365336655747579]","[1.703548623258401, 2.8097457917928863]",,,True,True,UNCERTAINTY_WIDENED_INTERPRETATION_UNCHANGED,sensitivity CI is wider; interpretation otherwise unchanged
H1|BALANCED_BRIER_RELATIVE_CHANGE|banglaclick:news|banglabert|65537,ESTIMABLE,ESTIMABLE,0.8122960207026375,0.8122960207026375,"[0.6705554740840254, 0.964354771271166]","[0.6039565478722426, 1.0608111494321442]",,,True,True,UNCERTAINTY_WIDENED_INTERPRETATION_UNCHANGED,sensitivity CI is wider; interpretation otherwise unchanged
H1|LOCKED_SETTING_SUPPORT|banglaclick:news|banglabert|65537,ESTIMABLE,ESTIMABLE,,,,,,,True,True,CONCORDANT,canonical interpretation unchanged
H1|AUROC_DROP|banglaclick:news|ebm|42,ESTIMABLE,ESTIMABLE,0.053131846770635316,0.053131846770635316,"[0.017395746230276888, 0.09459258754336669]","[0.005627578048135087, 0.1089000744455147]",,,True,True,UNCERTAINTY_WIDENED_INTERPRETATION_UNCHANGED,sensitivity CI is wider; interpretation otherwise unchanged
H1|NLL_RELATIVE_CHANGE|banglaclick:news|ebm|42,ESTIMABLE,ESTIMABLE,0.8850579774603036,0.8850579774603036,"[0.7856404533186523, 0.9922698572707203]","[0.682829830695427, 1.225827535142846]",,,True,True,UNCERTAINTY_WIDENED_INTERPRETATION_UNCHANGED,sensitivity CI is wider; interpretation otherwise unchanged
H1|BALANCED_BRIER_RELATIVE_CHANGE|banglaclick:news|ebm|42,ESTIMABLE,ESTIMABLE,0.20149339679476538,0.20149339679476538,"[0.14613291774640175, 0.2664967892130871]","[0.11835702022006092, 0.3339371612024944]",,,True,True,UNCERTAINTY_WIDENED_INTERPRETATION_UNCHANGED,sensitivity CI is wider; interpretation otherwise unchanged
H1|LOCKED_SETTING_SUPPORT|banglaclick:news|ebm|42,ESTIMABLE,ESTIMABLE,,,,,,,True,True,CONCORDANT,canonical interpretation unchanged
H1|AUROC_DROP|banglaclick:news|ebm|137,ESTIMABLE,ESTIMABLE,0.05350183143920684,0.05350183143920684,"[0.01812796657020887, 0.09348918172266281]","[0.005138094809045541, 0.10852995183723953]",,,True,True,UNCERTAINTY_WIDENED_INTERPRETATION_UNCHANGED,sensitivity CI is wider; interpretation otherwise unchanged
H1|NLL_RELATIVE_CHANGE|banglaclick:news|ebm|137,ESTIMABLE,ESTIMABLE,0.8853238320009355,0.8853238320009355,"[0.7836425286716502, 0.9932416281051377]","[0.6849148822003219, 1.2357754408302164]",,,True,True,UNCERTAINTY_WIDENED_INTERPRETATION_UNCHANGED,sensitivity CI is wider; interpretation otherwise unchanged
H1|BALANCED_BRIER_RELATIVE_CHANGE|banglaclick:news|ebm|137,ESTIMABLE,ESTIMABLE,0.20168097816853564,0.20168097816853564,"[0.14245857659192457, 0.26710337331291795]","[0.11528574427968777, 0.33124530396089585]",,,True,True,UNCERTAINTY_WIDENED_INTERPRETATION_UNCHANGED,sensitivity CI is wider; interpretation otherwise unchanged
H1|LOCKED_SETTING_SUPPORT|banglaclick:news|ebm|137,ESTIMABLE,ESTIMABLE,,,,,,,True,True,CONCORDANT,canonical interpretation unchanged
H1|AUROC_DROP|banglaclick:news|ebm|2718,ESTIMABLE,ESTIMABLE,0.053231068964373796,0.053231068964373796,"[0.018521899279328086, 0.09377550903175028]","[0.007292366844806844, 0.11157758755611581]",,,True,True,UNCERTAINTY_WIDENED_INTERPRETATION_UNCHANGED,sensitivity CI is wider; interpretation otherwise unchanged
H1|NLL_RELATIVE_CHANGE|banglaclick:news|ebm|2718,ESTIMABLE,ESTIMABLE,0.8855610509104616,0.8855610509104616,"[0.7849540695933873, 0.99325051551137]","[0.6916385495623414, 1.2634736642071633]",,,True,True,UNCERTAINTY_WIDENED_INTERPRETATION_UNCHANGED,sensitivity CI is wider; interpretation otherwise unchanged
H1|BALANCED_BRIER_RELATIVE_CHANGE|banglaclick:news|ebm|2718,ESTIMABLE,ESTIMABLE,0.20163825771504731,0.20163825771504731,"[0.14488970399482662, 0.265278279878498]","[0.11759909555036029, 0.33875055915048835]",,,True,True,UNCERTAINTY_WIDENED_INTERPRETATION_UNCHANGED,sensitivity CI is wider; interpretation otherwise unchanged
H1|LOCKED_SETTING_SUPPORT|banglaclick:news|ebm|2718,ESTIMABLE,ESTIMABLE,,,,,,,True,True,CONCORDANT,canonical interpretation unchanged
H1|AUROC_DROP|banglaclick:news|ebm|31415,ESTIMABLE,ESTIMABLE,0.053100386615769324,0.053100386615769324,"[0.017533301057589778, 0.09332814530971127]","[0.004236038209112711, 0.10804682633522683]",,,True,True,UNCERTAINTY_WIDENED_INTERPRETATION_UNCHANGED,sensitivity CI is wider; interpretation otherwise unchanged
H1|NLL_RELATIVE_CHANGE|banglaclick:news|ebm|31415,ESTIMABLE,ESTIMABLE,0.8853155906085287,0.8853155906085287,"[0.7871511631030932, 0.9927025938051957]","[0.6800067387076262, 1.25325935124349]",,,True,True,UNCERTAINTY_WIDENED_INTERPRETATION_UNCHANGED,sensitivity CI is wider; interpretation otherwise unchanged
H1|BALANCED_BRIER_RELATIVE_CHANGE|banglaclick:news|ebm|31415,ESTIMABLE,ESTIMABLE,0.2015765926228303,0.2015765926228303,"[0.14338865554405483, 0.2665416994525909]","[0.114340998712567, 0.3347114429096267]",,,True,True,UNCERTAINTY_WIDENED_INTERPRETATION_UNCHANGED,sensitivity CI is wider; interpretation otherwise unchanged
H1|LOCKED_SETTING_SUPPORT|banglaclick:news|ebm|31415,ESTIMABLE,ESTIMABLE,,,,,,,True,True,CONCORDANT,canonical interpretation unchanged
H1|AUROC_DROP|banglaclick:news|ebm|65537,ESTIMABLE,ESTIMABLE,0.05314712845005265,0.05314712845005265,"[0.01825829470040372, 0.094973417991179]","[0.005410080914952206, 0.10764905795748786]",,,True,True,UNCERTAINTY_WIDENED_INTERPRETATION_UNCHANGED,sensitivity CI is wider; interpretation otherwise unchanged
H1|NLL_RELATIVE_CHANGE|banglaclick:news|ebm|65537,ESTIMABLE,ESTIMABLE,0.8850613322837823,0.8850613322837823,"[0.7846393698845605, 0.9933841656147332]","[0.686476910590599, 1.2451087683124327]",,,True,True,UNCERTAINTY_WIDENED_INTERPRETATION_UNCHANGED,sensitivity CI is wider; interpretation otherwise unchanged
H1|BALANCED_BRIER_RELATIVE_CHANGE|banglaclick:news|ebm|65537,ESTIMABLE,ESTIMABLE,0.201648222520625,0.201648222520625,"[0.142362089423939, 0.26524146446413516]","[0.11633245815751898, 0.337831973626426]",,,True,True,UNCERTAINTY_WIDENED_INTERPRETATION_UNCHANGED,sensitivity CI is wider; interpretation otherwise unchanged
H1|LOCKED_SETTING_SUPPORT|banglaclick:news|ebm|65537,ESTIMABLE,ESTIMABLE,,,,,,,True,True,CONCORDANT,canonical interpretation unchanged
H1|AUROC_DROP|banglaclick:news|tfidf_lr|42,ESTIMABLE,ESTIMABLE,0.08966055986532473,0.08966055986532473,"[0.05802957459943079, 0.128162381462323]","[0.031984296511194284, 0.15423639180331777]",,,True,True,UNCERTAINTY_WIDENED_INTERPRETATION_UNCHANGED,sensitivity CI is wider; interpretation otherwise unchanged
H1|NLL_RELATIVE_CHANGE|banglaclick:news|tfidf_lr|42,ESTIMABLE,ESTIMABLE,1.541049385859983,1.541049385859983,"[1.3618219874622826, 1.7214915427795627]","[1.214249912924541, 2.160124665188696]",,,True,True,UNCERTAINTY_WIDENED_INTERPRETATION_UNCHANGED,sensitivity CI is wider; interpretation otherwise unchanged
H1|BALANCED_BRIER_RELATIVE_CHANGE|banglaclick:news|tfidf_lr|42,ESTIMABLE,ESTIMABLE,0.4129728849774081,0.4129728849774081,"[0.3214378177212507, 0.5104696089914107]","[0.24289285717364953, 0.6224478943355197]",,,True,True,UNCERTAINTY_WIDENED_INTERPRETATION_UNCHANGED,sensitivity CI is wider; interpretation otherwise unchanged
H1|LOCKED_SETTING_SUPPORT|banglaclick:news|tfidf_lr|42,ESTIMABLE,ESTIMABLE,,,,,,,True,True,CONCORDANT,canonical interpretation unchanged
H1|AUROC_DROP|banglaclick:news|tfidf_lr|137,ESTIMABLE,ESTIMABLE,0.08966055986532473,0.08966055986532473,"[0.05735307871560139, 0.12728900407571722]","[0.031958942718168785, 0.15311724492869636]",,,True,True,UNCERTAINTY_WIDENED_INTERPRETATION_UNCHANGED,sensitivity CI is wider; interpretation otherwise unchanged
H1|NLL_RELATIVE_CHANGE|banglaclick:news|tfidf_lr|137,ESTIMABLE,ESTIMABLE,1.541049385859983,1.541049385859983,"[1.3597827861208704, 1.7234851886095521]","[1.212357756811536, 2.1385590831203225]",,,True,True,UNCERTAINTY_WIDENED_INTERPRETATION_UNCHANGED,sensitivity CI is wider; interpretation otherwise unchanged
H1|BALANCED_BRIER_RELATIVE_CHANGE|banglaclick:news|tfidf_lr|137,ESTIMABLE,ESTIMABLE,0.4129728849774081,0.4129728849774081,"[0.318375456005248, 0.5090473528804912]","[0.24156947301373233, 0.6206112745967782]",,,True,True,UNCERTAINTY_WIDENED_INTERPRETATION_UNCHANGED,sensitivity CI is wider; interpretation otherwise unchanged
H1|LOCKED_SETTING_SUPPORT|banglaclick:news|tfidf_lr|137,ESTIMABLE,ESTIMABLE,,,,,,,True,True,CONCORDANT,canonical interpretation unchanged
H1|AUROC_DROP|banglaclick:news|tfidf_lr|2718,ESTIMABLE,ESTIMABLE,0.08966055986532473,0.08966055986532473,"[0.05801358369820633, 0.12879385805005655]","[0.03176079961869901, 0.15330896588257129]",,,True,True,UNCERTAINTY_WIDENED_INTERPRETATION_UNCHANGED,sensitivity CI is wider; interpretation otherwise unchanged
H1|NLL_RELATIVE_CHANGE|banglaclick:news|tfidf_lr|2718,ESTIMABLE,ESTIMABLE,1.541049385859983,1.541049385859983,"[1.3690993564295935, 1.7281592139829385]","[1.2143005063823895, 2.1341713333228762]",,,True,True,UNCERTAINTY_WIDENED_INTERPRETATION_UNCHANGED,sensitivity CI is wider; interpretation otherwise unchanged
H1|BALANCED_BRIER_RELATIVE_CHANGE|banglaclick:news|tfidf_lr|2718,ESTIMABLE,ESTIMABLE,0.4129728849774081,0.4129728849774081,"[0.32394785290509875, 0.5135142185127604]","[0.24265018896552554, 0.6176962306698133]",,,True,True,UNCERTAINTY_WIDENED_INTERPRETATION_UNCHANGED,sensitivity CI is wider; interpretation otherwise unchanged
H1|LOCKED_SETTING_SUPPORT|banglaclick:news|tfidf_lr|2718,ESTIMABLE,ESTIMABLE,,,,,,,True,True,CONCORDANT,canonical interpretation unchanged
H1|AUROC_DROP|banglaclick:news|tfidf_lr|31415,ESTIMABLE,ESTIMABLE,0.08966055986532473,0.08966055986532473,"[0.05737762502441643, 0.12759271359182067]","[0.030501921323417926, 0.1540091905578098]",,,True,True,UNCERTAINTY_WIDENED_INTERPRETATION_UNCHANGED,sensitivity CI is wider; interpretation otherwise unchanged
H1|NLL_RELATIVE_CHANGE|banglaclick:news|tfidf_lr|31415,ESTIMABLE,ESTIMABLE,1.541049385859983,1.541049385859983,"[1.3570074133091636, 1.7217141641843983]","[1.2073812853546637, 2.1447329274265083]",,,True,True,UNCERTAINTY_WIDENED_INTERPRETATION_UNCHANGED,sensitivity CI is wider; interpretation otherwise unchanged
H1|BALANCED_BRIER_RELATIVE_CHANGE|banglaclick:news|tfidf_lr|31415,ESTIMABLE,ESTIMABLE,0.4129728849774081,0.4129728849774081,"[0.32004965918891737, 0.5097402973689095]","[0.2466141581352305, 0.6271441651884468]",,,True,True,UNCERTAINTY_WIDENED_INTERPRETATION_UNCHANGED,sensitivity CI is wider; interpretation otherwise unchanged
H1|LOCKED_SETTING_SUPPORT|banglaclick:news|tfidf_lr|31415,ESTIMABLE,ESTIMABLE,,,,,,,True,True,CONCORDANT,canonical interpretation unchanged
H1|AUROC_DROP|banglaclick:news|tfidf_lr|65537,ESTIMABLE,ESTIMABLE,0.08966055986532473,0.08966055986532473,"[0.056858710925397724, 0.1293181593476382]","[0.031295749537864556, 0.15459066087789636]",,,True,True,UNCERTAINTY_WIDENED_INTERPRETATION_UNCHANGED,sensitivity CI is wider; interpretation otherwise unchanged
H1|NLL_RELATIVE_CHANGE|banglaclick:news|tfidf_lr|65537,ESTIMABLE,ESTIMABLE,1.541049385859983,1.541049385859983,"[1.3610883116301407, 1.727689397778029]","[1.2025911376685547, 2.123164957275131]",,,True,True,UNCERTAINTY_WIDENED_INTERPRETATION_UNCHANGED,sensitivity CI is wider; interpretation otherwise unchanged
H1|BALANCED_BRIER_RELATIVE_CHANGE|banglaclick:news|tfidf_lr|65537,ESTIMABLE,ESTIMABLE,0.4129728849774081,0.4129728849774081,"[0.31843139426656764, 0.5106231498568493]","[0.25001108406492, 0.6246910114053554]",,,True,True,UNCERTAINTY_WIDENED_INTERPRETATION_UNCHANGED,sensitivity CI is wider; interpretation otherwise unchanged
H1|LOCKED_SETTING_SUPPORT|banglaclick:news|tfidf_lr|65537,ESTIMABLE,ESTIMABLE,,,,,,,True,True,CONCORDANT,canonical interpretation unchanged
H1|AUROC_DROP|banglaclick:news|xlmr|42,ESTIMABLE,ESTIMABLE,0.1144887397464438,0.1144887397464438,"[0.08286196805628185, 0.15134067805251517]","[0.07090864511513131, 0.1656872818420611]",,,True,True,UNCERTAINTY_WIDENED_INTERPRETATION_UNCHANGED,sensitivity CI is wider; interpretation otherwise unchanged
H1|NLL_RELATIVE_CHANGE|banglaclick:news|xlmr|42,ESTIMABLE,ESTIMABLE,1.7771111466226346,1.7771111466226346,"[1.560950995172888, 1.9946804265096365]","[1.429509753361864, 2.382947846955663]",,,True,True,UNCERTAINTY_WIDENED_INTERPRETATION_UNCHANGED,sensitivity CI is wider; interpretation otherwise unchanged
H1|BALANCED_BRIER_RELATIVE_CHANGE|banglaclick:news|xlmr|42,ESTIMABLE,ESTIMABLE,0.6581420490707952,0.6581420490707952,"[0.5245944438511493, 0.7970748396106373]","[0.46759323194307895, 0.8929539124626]",,,True,True,UNCERTAINTY_WIDENED_INTERPRETATION_UNCHANGED,sensitivity CI is wider; interpretation otherwise unchanged
H1|LOCKED_SETTING_SUPPORT|banglaclick:news|xlmr|42,ESTIMABLE,ESTIMABLE,,,,,,,True,True,CONCORDANT,canonical interpretation unchanged
H1|AUROC_DROP|banglaclick:news|xlmr|137,ESTIMABLE,ESTIMABLE,0.1356946034706087,0.1356946034706087,"[0.10622241223294006, 0.17588874378583058]","[0.09444124796757099, 0.1865689538021964]",,,True,True,UNCERTAINTY_WIDENED_INTERPRETATION_UNCHANGED,sensitivity CI is wider; interpretation otherwise unchanged
H1|NLL_RELATIVE_CHANGE|banglaclick:news|xlmr|137,ESTIMABLE,ESTIMABLE,1.9228530134699713,1.9228530134699713,"[1.6855594643303402, 2.165513607002131]","[1.5365087723390192, 2.58458785708651]",,,True,True,UNCERTAINTY_WIDENED_INTERPRETATION_UNCHANGED,sensitivity CI is wider; interpretation otherwise unchanged
H1|BALANCED_BRIER_RELATIVE_CHANGE|banglaclick:news|xlmr|137,ESTIMABLE,ESTIMABLE,0.7191496927495841,0.7191496927495841,"[0.5864583249271268, 0.8707349405157029]","[0.5248764288305421, 0.9633380423967169]",,,True,True,UNCERTAINTY_WIDENED_INTERPRETATION_UNCHANGED,sensitivity CI is wider; interpretation otherwise unchanged
H1|LOCKED_SETTING_SUPPORT|banglaclick:news|xlmr|137,ESTIMABLE,ESTIMABLE,,,,,,,True,True,CONCORDANT,canonical interpretation unchanged
H1|AUROC_DROP|banglaclick:news|xlmr|2718,ESTIMABLE,ESTIMABLE,0.14402383695649212,0.14402383695649212,"[0.11358821199618928, 0.18140418005703027]","[0.09974721985970686, 0.19815037723401716]",,,True,True,UNCERTAINTY_WIDENED_INTERPRETATION_UNCHANGED,sensitivity CI is wider; interpretation otherwise unchanged
H1|NLL_RELATIVE_CHANGE|banglaclick:news|xlmr|2718,ESTIMABLE,ESTIMABLE,1.8757722268066854,1.8757722268066854,"[1.6591797837787643, 2.1067518853934333]","[1.5010092698213173, 2.537782091503647]",,,True,True,UNCERTAINTY_WIDENED_INTERPRETATION_UNCHANGED,sensitivity CI is wider; interpretation otherwise unchanged
H1|BALANCED_BRIER_RELATIVE_CHANGE|banglaclick:news|xlmr|2718,ESTIMABLE,ESTIMABLE,0.7366029116065306,0.7366029116065306,"[0.6030535303110178, 0.8846552926817259]","[0.5373386276648054, 0.9918815823855928]",,,True,True,UNCERTAINTY_WIDENED_INTERPRETATION_UNCHANGED,sensitivity CI is wider; interpretation otherwise unchanged
H1|LOCKED_SETTING_SUPPORT|banglaclick:news|xlmr|2718,ESTIMABLE,ESTIMABLE,,,,,,,True,True,CONCORDANT,canonical interpretation unchanged
H1|AUROC_DROP|banglaclick:news|xlmr|31415,ESTIMABLE,ESTIMABLE,0.13593435281711364,0.13593435281711364,"[0.1060461840772398, 0.17240561755697864]","[0.09047310170407642, 0.19090590308310476]",,,True,True,UNCERTAINTY_WIDENED_INTERPRETATION_UNCHANGED,sensitivity CI is wider; interpretation otherwise unchanged
H1|NLL_RELATIVE_CHANGE|banglaclick:news|xlmr|31415,ESTIMABLE,ESTIMABLE,1.7304688445468945,1.7304688445468945,"[1.5230160638506656, 1.9463525663153944]","[1.3792581664002301, 2.336326974888678]",,,True,True,UNCERTAINTY_WIDENED_INTERPRETATION_UNCHANGED,sensitivity CI is wider; interpretation otherwise unchanged
H1|BALANCED_BRIER_RELATIVE_CHANGE|banglaclick:news|xlmr|31415,ESTIMABLE,ESTIMABLE,0.6687160836872512,0.6687160836872512,"[0.5390067357393727, 0.8082843097374413]","[0.47164356647610645, 0.9141167648524519]",,,True,True,UNCERTAINTY_WIDENED_INTERPRETATION_UNCHANGED,sensitivity CI is wider; interpretation otherwise unchanged
H1|LOCKED_SETTING_SUPPORT|banglaclick:news|xlmr|31415,ESTIMABLE,ESTIMABLE,,,,,,,True,True,CONCORDANT,canonical interpretation unchanged
H1|AUROC_DROP|banglaclick:news|xlmr|65537,ESTIMABLE,ESTIMABLE,0.11822185088788628,0.11822185088788628,"[0.08964066281906938, 0.15577886658458337]","[0.07557531202520155, 0.16954204531993075]",,,True,True,UNCERTAINTY_WIDENED_INTERPRETATION_UNCHANGED,sensitivity CI is wider; interpretation otherwise unchanged
H1|NLL_RELATIVE_CHANGE|banglaclick:news|xlmr|65537,ESTIMABLE,ESTIMABLE,1.8498175068157259,1.8498175068157259,"[1.629716376767667, 2.0691346903278833]","[1.4867729959727276, 2.490145044784569]",,,True,True,UNCERTAINTY_WIDENED_INTERPRETATION_UNCHANGED,sensitivity CI is wider; interpretation otherwise unchanged
H1|BALANCED_BRIER_RELATIVE_CHANGE|banglaclick:news|xlmr|65537,ESTIMABLE,ESTIMABLE,0.7518496395239868,0.7518496395239868,"[0.6163493305156637, 0.9017426816765297]","[0.5484538302440133, 1.020260364081147]",,,True,True,UNCERTAINTY_WIDENED_INTERPRETATION_UNCHANGED,sensitivity CI is wider; interpretation otherwise unchanged
H1|LOCKED_SETTING_SUPPORT|banglaclick:news|xlmr|65537,ESTIMABLE,ESTIMABLE,,,,,,,True,True,CONCORDANT,canonical interpretation unchanged
H1|AUROC_DROP|banglaclick:facebook|banglabert|42,ESTIMABLE,ESTIMABLE,0.2460649202408416,0.2460649202408416,"[0.15887584657186682, 0.3367591671342822]","[0.15393257924767656, 0.3444994411316982]",,,True,True,UNCERTAINTY_WIDENED_INTERPRETATION_UNCHANGED,sensitivity CI is wider; interpretation otherwise unchanged
H1|NLL_RELATIVE_CHANGE|banglaclick:facebook|banglabert|42,ESTIMABLE,ESTIMABLE,1.36570633996726,1.36570633996726,"[0.9841755348725469, 1.7880740579856105]","[0.9051774564797157, 2.072533571603598]",,,True,True,UNCERTAINTY_WIDENED_INTERPRETATION_UNCHANGED,sensitivity CI is wider; interpretation otherwise unchanged
H1|BALANCED_BRIER_RELATIVE_CHANGE|banglaclick:facebook|banglabert|42,ESTIMABLE,ESTIMABLE,0.825813329369167,0.825813329369167,"[0.5220664645278164, 1.1529404190279495]","[0.4780071106679812, 1.2279400177865278]",,,True,True,UNCERTAINTY_WIDENED_INTERPRETATION_UNCHANGED,sensitivity CI is wider; interpretation otherwise unchanged
H1|LOCKED_SETTING_SUPPORT|banglaclick:facebook|banglabert|42,ESTIMABLE,ESTIMABLE,,,,,,,True,True,CONCORDANT,canonical interpretation unchanged
H1|AUROC_DROP|banglaclick:facebook|banglabert|137,ESTIMABLE,ESTIMABLE,0.23692450908788432,0.23692450908788432,"[0.15042562732401257, 0.3344172387419032]","[0.14437791324955365, 0.34030080900282506]",,,True,True,UNCERTAINTY_WIDENED_INTERPRETATION_UNCHANGED,sensitivity CI is wider; interpretation otherwise unchanged
H1|NLL_RELATIVE_CHANGE|banglaclick:facebook|banglabert|137,ESTIMABLE,ESTIMABLE,1.2783811406581005,1.2783811406581005,"[0.9098310456041876, 1.692861069675671]","[0.8495695651560727, 1.9354380154239565]",,,True,True,UNCERTAINTY_WIDENED_INTERPRETATION_UNCHANGED,sensitivity CI is wider; interpretation otherwise unchanged
H1|BALANCED_BRIER_RELATIVE_CHANGE|banglaclick:facebook|banglabert|137,ESTIMABLE,ESTIMABLE,0.7384733648824973,0.7384733648824973,"[0.448711307141857, 1.0786728736895632]","[0.41524527868383265, 1.1231684583912886]",,,True,True,UNCERTAINTY_WIDENED_INTERPRETATION_UNCHANGED,sensitivity CI is wider; interpretation otherwise unchanged
H1|LOCKED_SETTING_SUPPORT|banglaclick:facebook|banglabert|137,ESTIMABLE,ESTIMABLE,,,,,,,True,True,CONCORDANT,canonical interpretation unchanged
H1|AUROC_DROP|banglaclick:facebook|banglabert|2718,ESTIMABLE,ESTIMABLE,0.25679153319401804,0.25679153319401804,"[0.16618832729915933, 0.3475991855706375]","[0.16424582886574596, 0.35604589540111764]",,,True,True,UNCERTAINTY_WIDENED_INTERPRETATION_UNCHANGED,sensitivity CI is wider; interpretation otherwise unchanged
H1|NLL_RELATIVE_CHANGE|banglaclick:facebook|banglabert|2718,ESTIMABLE,ESTIMABLE,1.4621991887948294,1.4621991887948294,"[1.0674063838487011, 1.9088990570389102]","[1.0039255952767239, 2.1586139922097938]",,,True,True,UNCERTAINTY_WIDENED_INTERPRETATION_UNCHANGED,sensitivity CI is wider; interpretation otherwise unchanged
H1|BALANCED_BRIER_RELATIVE_CHANGE|banglaclick:facebook|banglabert|2718,ESTIMABLE,ESTIMABLE,0.8040235620174793,0.8040235620174793,"[0.5054243063103779, 1.1361203528693984]","[0.4736075228671251, 1.1943355091675472]",,,True,True,UNCERTAINTY_WIDENED_INTERPRETATION_UNCHANGED,sensitivity CI is wider; interpretation otherwise unchanged
H1|LOCKED_SETTING_SUPPORT|banglaclick:facebook|banglabert|2718,ESTIMABLE,ESTIMABLE,,,,,,,True,True,CONCORDANT,canonical interpretation unchanged
H1|AUROC_DROP|banglaclick:facebook|banglabert|31415,ESTIMABLE,ESTIMABLE,0.24358543268233612,0.24358543268233612,"[0.15497964079844026, 0.3383483485417746]","[0.15141551945788506, 0.3460009339188795]",,,True,True,UNCERTAINTY_WIDENED_INTERPRETATION_UNCHANGED,sensitivity CI is wider; interpretation otherwise unchanged
H1|NLL_RELATIVE_CHANGE|banglaclick:facebook|banglabert|31415,ESTIMABLE,ESTIMABLE,1.2366278079885509,1.2366278079885509,"[0.874570235746387, 1.6502944050554507]","[0.8168357435208612, 1.8700852473886933]",,,True,True,UNCERTAINTY_WIDENED_INTERPRETATION_UNCHANGED,sensitivity CI is wider; interpretation otherwise unchanged
H1|BALANCED_BRIER_RELATIVE_CHANGE|banglaclick:facebook|banglabert|31415,ESTIMABLE,ESTIMABLE,0.7868363376313411,0.7868363376313411,"[0.49332166263031096, 1.122366156670141]","[0.45578364651626313, 1.2008778751668554]",,,True,True,UNCERTAINTY_WIDENED_INTERPRETATION_UNCHANGED,sensitivity CI is wider; interpretation otherwise unchanged
H1|LOCKED_SETTING_SUPPORT|banglaclick:facebook|banglabert|31415,ESTIMABLE,ESTIMABLE,,,,,,,True,True,CONCORDANT,canonical interpretation unchanged
H1|AUROC_DROP|banglaclick:facebook|banglabert|65537,ESTIMABLE,ESTIMABLE,0.24311202360849138,0.24311202360849138,"[0.15542721492229533, 0.3381932885792515]","[0.1484831900969692, 0.3400374084084073]",,,True,True,UNCERTAINTY_WIDENED_INTERPRETATION_UNCHANGED,sensitivity CI is wider; interpretation otherwise unchanged
H1|NLL_RELATIVE_CHANGE|banglaclick:facebook|banglabert|65537,ESTIMABLE,ESTIMABLE,1.2336365835530168,1.2336365835530168,"[0.8668279427276213, 1.6519385910044988]","[0.7866975525232235, 1.8874102267541144]",,,True,True,UNCERTAINTY_WIDENED_INTERPRETATION_UNCHANGED,sensitivity CI is wider; interpretation otherwise unchanged
H1|BALANCED_BRIER_RELATIVE_CHANGE|banglaclick:facebook|banglabert|65537,ESTIMABLE,ESTIMABLE,0.7284339556698999,0.7284339556698999,"[0.44216709460746856, 1.06140956124624]","[0.4061708300884395, 1.110887802303892]",,,True,True,UNCERTAINTY_WIDENED_INTERPRETATION_UNCHANGED,sensitivity CI is wider; interpretation otherwise unchanged
H1|LOCKED_SETTING_SUPPORT|banglaclick:facebook|banglabert|65537,ESTIMABLE,ESTIMABLE,,,,,,,True,True,CONCORDANT,canonical interpretation unchanged
H1|AUROC_DROP|banglaclick:facebook|ebm|42,ESTIMABLE,ESTIMABLE,0.2691833607916586,0.2691833607916586,"[0.15439871172703287, 0.37915514131633493]","[0.14400650349300312, 0.3828001388128462]",,,True,True,UNCERTAINTY_WIDENED_INTERPRETATION_UNCHANGED,sensitivity CI is wider; interpretation otherwise unchanged
H1|NLL_RELATIVE_CHANGE|banglaclick:facebook|ebm|42,ESTIMABLE,ESTIMABLE,1.1732386987683339,1.1732386987683339,"[0.809798765058721, 1.6377421728769885]","[0.7564232977221685, 1.7973284062328632]",,,True,True,UNCERTAINTY_WIDENED_INTERPRETATION_UNCHANGED,sensitivity CI is wider; interpretation otherwise unchanged
H1|BALANCED_BRIER_RELATIVE_CHANGE|banglaclick:facebook|ebm|42,ESTIMABLE,ESTIMABLE,0.6551164749373289,0.6551164749373289,"[0.3579830263251282, 0.9620410283478724]","[0.3339925641196897, 0.9999394988754422]",,,True,True,UNCERTAINTY_WIDENED_INTERPRETATION_UNCHANGED,sensitivity CI is wider; interpretation otherwise unchanged
H1|LOCKED_SETTING_SUPPORT|banglaclick:facebook|ebm|42,ESTIMABLE,ESTIMABLE,,,,,,,True,True,CONCORDANT,canonical interpretation unchanged
H1|AUROC_DROP|banglaclick:facebook|ebm|137,ESTIMABLE,ESTIMABLE,0.26923801377079737,0.26923801377079737,"[0.15181111678961204, 0.3766446826449325]","[0.14371695764121822, 0.3853701439062639]",,,True,True,UNCERTAINTY_WIDENED_INTERPRETATION_UNCHANGED,sensitivity CI is wider; interpretation otherwise unchanged
H1|NLL_RELATIVE_CHANGE|banglaclick:facebook|ebm|137,ESTIMABLE,ESTIMABLE,1.1767765725093842,1.1767765725093842,"[0.8097297695255662, 1.6335713823043105]","[0.7598467620872964, 1.8213852351839772]",,,True,True,UNCERTAINTY_WIDENED_INTERPRETATION_UNCHANGED,sensitivity CI is wider; interpretation otherwise unchanged
H1|BALANCED_BRIER_RELATIVE_CHANGE|banglaclick:facebook|ebm|137,ESTIMABLE,ESTIMABLE,0.6550915793770352,0.6550915793770352,"[0.35476818273899974, 0.9545012170702004]","[0.33182073298892895, 1.0131776316962013]",,,True,True,UNCERTAINTY_WIDENED_INTERPRETATION_UNCHANGED,sensitivity CI is wider; interpretation otherwise unchanged
H1|LOCKED_SETTING_SUPPORT|banglaclick:facebook|ebm|137,ESTIMABLE,ESTIMABLE,,,,,,,True,True,CONCORDANT,canonical interpretation unchanged
H1|AUROC_DROP|banglaclick:facebook|ebm|2718,ESTIMABLE,ESTIMABLE,0.2690396371962381,0.2690396371962381,"[0.1556828521017575, 0.3799406917667756]","[0.14517533100136787, 0.38751474717529777]",,,True,True,UNCERTAINTY_WIDENED_INTERPRETATION_UNCHANGED,sensitivity CI is wider; interpretation otherwise unchanged
H1|NLL_RELATIVE_CHANGE|banglaclick:facebook|ebm|2718,ESTIMABLE,ESTIMABLE,1.1741614887448826,1.1741614887448826,"[0.8178993148634087, 1.648738509404135]","[0.763700867077679, 1.7997178124456474]",,,True,True,UNCERTAINTY_WIDENED_INTERPRETATION_UNCHANGED,sensitivity CI is wider; interpretation otherwise unchanged
H1|BALANCED_BRIER_RELATIVE_CHANGE|banglaclick:facebook|ebm|2718,ESTIMABLE,ESTIMABLE,0.6547878301420991,0.6547878301420991,"[0.3623314837634607, 0.9626851983544876]","[0.34096712328571516, 1.0085037407332937]",,,True,True,UNCERTAINTY_WIDENED_INTERPRETATION_UNCHANGED,sensitivity CI is wider; interpretation otherwise unchanged
H1|LOCKED_SETTING_SUPPORT|banglaclick:facebook|ebm|2718,ESTIMABLE,ESTIMABLE,,,,,,,True,True,CONCORDANT,canonical interpretation unchanged
H1|AUROC_DROP|banglaclick:facebook|ebm|31415,ESTIMABLE,ESTIMABLE,0.26888824843587134,0.26888824843587134,"[0.15208506514430684, 0.3757690674292049]","[0.14957917669157178, 0.3829921839551651]",,,True,True,UNCERTAINTY_WIDENED_INTERPRETATION_UNCHANGED,sensitivity CI is wider; interpretation otherwise unchanged
H1|NLL_RELATIVE_CHANGE|banglaclick:facebook|ebm|31415,ESTIMABLE,ESTIMABLE,1.1720653550732913,1.1720653550732913,"[0.8069446773285124, 1.6268469557327878]","[0.7513911144534648, 1.7609121776608543]",,,True,True,UNCERTAINTY_WIDENED_INTERPRETATION_UNCHANGED,sensitivity CI is wider; interpretation otherwise unchanged
H1|BALANCED_BRIER_RELATIVE_CHANGE|banglaclick:facebook|ebm|31415,ESTIMABLE,ESTIMABLE,0.654738282259406,0.654738282259406,"[0.3544264812764294, 0.9595303055741905]","[0.34985613863001347, 1.0075080891824426]",,,True,True,UNCERTAINTY_WIDENED_INTERPRETATION_UNCHANGED,sensitivity CI is wider; interpretation otherwise unchanged
H1|LOCKED_SETTING_SUPPORT|banglaclick:facebook|ebm|31415,ESTIMABLE,ESTIMABLE,,,,,,,True,True,CONCORDANT,canonical interpretation unchanged
H1|AUROC_DROP|banglaclick:facebook|ebm|65537,ESTIMABLE,ESTIMABLE,0.2689834613179308,0.2689834613179308,"[0.14923958479706956, 0.3794285948871137]","[0.14813221590516956, 0.3855602124524604]",,,True,True,UNCERTAINTY_WIDENED_INTERPRETATION_UNCHANGED,sensitivity CI is wider; interpretation otherwise unchanged
H1|NLL_RELATIVE_CHANGE|banglaclick:facebook|ebm|65537,ESTIMABLE,ESTIMABLE,1.1674251510047917,1.1674251510047917,"[0.8078169659220155, 1.6274663641204445]","[0.7568785529955794, 1.782277611929327]",,,True,True,UNCERTAINTY_WIDENED_INTERPRETATION_UNCHANGED,sensitivity CI is wider; interpretation otherwise unchanged
H1|BALANCED_BRIER_RELATIVE_CHANGE|banglaclick:facebook|ebm|65537,ESTIMABLE,ESTIMABLE,0.654390642508471,0.654390642508471,"[0.3472725572325955, 0.9592200052050907]","[0.3442559139170353, 1.0022573239020487]",,,True,True,UNCERTAINTY_WIDENED_INTERPRETATION_UNCHANGED,sensitivity CI is wider; interpretation otherwise unchanged
H1|LOCKED_SETTING_SUPPORT|banglaclick:facebook|ebm|65537,ESTIMABLE,ESTIMABLE,,,,,,,True,True,CONCORDANT,canonical interpretation unchanged
H1|AUROC_DROP|banglaclick:facebook|tfidf_lr|42,ESTIMABLE,ESTIMABLE,0.24105876241383328,0.24105876241383328,"[0.16505836488868375, 0.31698630422116564]","[0.14869525404449951, 0.3326422730978581]",,,True,True,UNCERTAINTY_WIDENED_INTERPRETATION_UNCHANGED,sensitivity CI is wider; interpretation otherwise unchanged
H1|NLL_RELATIVE_CHANGE|banglaclick:facebook|tfidf_lr|42,ESTIMABLE,ESTIMABLE,1.4233312293010296,1.4233312293010296,"[1.1429835277154632, 1.7138284161793316]","[1.045607847839736, 2.0618684010552895]",,,True,True,UNCERTAINTY_WIDENED_INTERPRETATION_UNCHANGED,sensitivity CI is wider; interpretation otherwise unchanged
H1|BALANCED_BRIER_RELATIVE_CHANGE|banglaclick:facebook|tfidf_lr|42,ESTIMABLE,ESTIMABLE,0.6459252540185182,0.6459252540185182,"[0.4608671962868948, 0.838953117610362]","[0.40134716802411946, 0.9407157179449605]",,,True,True,UNCERTAINTY_WIDENED_INTERPRETATION_UNCHANGED,sensitivity CI is wider; interpretation otherwise unchanged
H1|LOCKED_SETTING_SUPPORT|banglaclick:facebook|tfidf_lr|42,ESTIMABLE,ESTIMABLE,,,,,,,True,True,CONCORDANT,canonical interpretation unchanged
H1|AUROC_DROP|banglaclick:facebook|tfidf_lr|137,ESTIMABLE,ESTIMABLE,0.24105876241383328,0.24105876241383328,"[0.1645821802569761, 0.3187611321035397]","[0.14730689813708941, 0.333248575842372]",,,True,True,UNCERTAINTY_WIDENED_INTERPRETATION_UNCHANGED,sensitivity CI is wider; interpretation otherwise unchanged
H1|NLL_RELATIVE_CHANGE|banglaclick:facebook|tfidf_lr|137,ESTIMABLE,ESTIMABLE,1.4233312293010296,1.4233312293010296,"[1.1458108720091846, 1.7230593418161435]","[1.0515984004639276, 2.0660971124746736]",,,True,True,UNCERTAINTY_WIDENED_INTERPRETATION_UNCHANGED,sensitivity CI is wider; interpretation otherwise unchanged
H1|BALANCED_BRIER_RELATIVE_CHANGE|banglaclick:facebook|tfidf_lr|137,ESTIMABLE,ESTIMABLE,0.6459252540185182,0.6459252540185182,"[0.45410576671324915, 0.8409957651151417]","[0.3952861546195557, 0.9369330317593655]",,,True,True,UNCERTAINTY_WIDENED_INTERPRETATION_UNCHANGED,sensitivity CI is wider; interpretation otherwise unchanged
H1|LOCKED_SETTING_SUPPORT|banglaclick:facebook|tfidf_lr|137,ESTIMABLE,ESTIMABLE,,,,,,,True,True,CONCORDANT,canonical interpretation unchanged
H1|AUROC_DROP|banglaclick:facebook|tfidf_lr|2718,ESTIMABLE,ESTIMABLE,0.24105876241383328,0.24105876241383328,"[0.1627060784932554, 0.3168720556606614]","[0.15326621119188727, 0.3350429840958055]",,,True,True,UNCERTAINTY_WIDENED_INTERPRETATION_UNCHANGED,sensitivity CI is wider; interpretation otherwise unchanged
H1|NLL_RELATIVE_CHANGE|banglaclick:facebook|tfidf_lr|2718,ESTIMABLE,ESTIMABLE,1.4233312293010296,1.4233312293010296,"[1.151820610084427, 1.7256776378406824]","[1.0451906935099233, 2.0613313973059557]",,,True,True,UNCERTAINTY_WIDENED_INTERPRETATION_UNCHANGED,sensitivity CI is wider; interpretation otherwise unchanged
H1|BALANCED_BRIER_RELATIVE_CHANGE|banglaclick:facebook|tfidf_lr|2718,ESTIMABLE,ESTIMABLE,0.6459252540185182,0.6459252540185182,"[0.4571523890344768, 0.8460718845481601]","[0.40364212113457176, 0.9460189371495026]",,,True,True,UNCERTAINTY_WIDENED_INTERPRETATION_UNCHANGED,sensitivity CI is wider; interpretation otherwise unchanged
H1|LOCKED_SETTING_SUPPORT|banglaclick:facebook|tfidf_lr|2718,ESTIMABLE,ESTIMABLE,,,,,,,True,True,CONCORDANT,canonical interpretation unchanged
H1|AUROC_DROP|banglaclick:facebook|tfidf_lr|31415,ESTIMABLE,ESTIMABLE,0.24105876241383328,0.24105876241383328,"[0.16527094083394395, 0.31751513018316624]","[0.153547677676239, 0.331657378132446]",,,True,True,UNCERTAINTY_WIDENED_INTERPRETATION_UNCHANGED,sensitivity CI is wider; interpretation otherwise unchanged
H1|NLL_RELATIVE_CHANGE|banglaclick:facebook|tfidf_lr|31415,ESTIMABLE,ESTIMABLE,1.4233312293010296,1.4233312293010296,"[1.15688284802188, 1.7193586196292365]","[1.0412672300117438, 2.0031578992678103]",,,True,True,UNCERTAINTY_WIDENED_INTERPRETATION_UNCHANGED,sensitivity CI is wider; interpretation otherwise unchanged
H1|BALANCED_BRIER_RELATIVE_CHANGE|banglaclick:facebook|tfidf_lr|31415,ESTIMABLE,ESTIMABLE,0.6459252540185182,0.6459252540185182,"[0.4593924545374144, 0.8415490493458084]","[0.4049021735918345, 0.9352026476037555]",,,True,True,UNCERTAINTY_WIDENED_INTERPRETATION_UNCHANGED,sensitivity CI is wider; interpretation otherwise unchanged
H1|LOCKED_SETTING_SUPPORT|banglaclick:facebook|tfidf_lr|31415,ESTIMABLE,ESTIMABLE,,,,,,,True,True,CONCORDANT,canonical interpretation unchanged
H1|AUROC_DROP|banglaclick:facebook|tfidf_lr|65537,ESTIMABLE,ESTIMABLE,0.24105876241383328,0.24105876241383328,"[0.1661445857214579, 0.31534963462707577]","[0.14971347774801946, 0.33265963408589755]",,,True,True,UNCERTAINTY_WIDENED_INTERPRETATION_UNCHANGED,sensitivity CI is wider; interpretation otherwise unchanged
H1|NLL_RELATIVE_CHANGE|banglaclick:facebook|tfidf_lr|65537,ESTIMABLE,ESTIMABLE,1.4233312293010296,1.4233312293010296,"[1.1463278423276761, 1.7302622159441472]","[1.0474883600170473, 2.027952153864262]",,,True,True,UNCERTAINTY_WIDENED_INTERPRETATION_UNCHANGED,sensitivity CI is wider; interpretation otherwise unchanged
H1|BALANCED_BRIER_RELATIVE_CHANGE|banglaclick:facebook|tfidf_lr|65537,ESTIMABLE,ESTIMABLE,0.6459252540185182,0.6459252540185182,"[0.45996303158907886, 0.8387760686215872]","[0.395477120620102, 0.93259828854121]",,,True,True,UNCERTAINTY_WIDENED_INTERPRETATION_UNCHANGED,sensitivity CI is wider; interpretation otherwise unchanged
H1|LOCKED_SETTING_SUPPORT|banglaclick:facebook|tfidf_lr|65537,ESTIMABLE,ESTIMABLE,,,,,,,True,True,CONCORDANT,canonical interpretation unchanged
H1|AUROC_DROP|banglaclick:facebook|xlmr|42,ESTIMABLE,ESTIMABLE,0.20433302295291056,0.20433302295291056,"[0.12227353721552701, 0.28548579138208585]","[0.12098205145502273, 0.2945263718669265]",,,True,True,UNCERTAINTY_WIDENED_INTERPRETATION_UNCHANGED,sensitivity CI is wider; interpretation otherwise unchanged
H1|NLL_RELATIVE_CHANGE|banglaclick:facebook|xlmr|42,ESTIMABLE,ESTIMABLE,1.3469039732510801,1.3469039732510801,"[0.9746600013237048, 1.7282507269962368]","[0.9189728244065836, 1.9854863671150498]",,,True,True,UNCERTAINTY_WIDENED_INTERPRETATION_UNCHANGED,sensitivity CI is wider; interpretation otherwise unchanged
H1|BALANCED_BRIER_RELATIVE_CHANGE|banglaclick:facebook|xlmr|42,ESTIMABLE,ESTIMABLE,0.7423469357125901,0.7423469357125901,"[0.4246570992841892, 1.0759961720975864]","[0.4002629401813085, 1.143283244720634]",,,True,True,UNCERTAINTY_WIDENED_INTERPRETATION_UNCHANGED,sensitivity CI is wider; interpretation otherwise unchanged
H1|LOCKED_SETTING_SUPPORT|banglaclick:facebook|xlmr|42,ESTIMABLE,ESTIMABLE,,,,,,,True,True,CONCORDANT,canonical interpretation unchanged
H1|AUROC_DROP|banglaclick:facebook|xlmr|137,ESTIMABLE,ESTIMABLE,0.1871710684305754,0.1871710684305754,"[0.10738211901463778, 0.2676386410894756]","[0.10398663104374059, 0.27465047333196296]",,,True,True,UNCERTAINTY_WIDENED_INTERPRETATION_UNCHANGED,sensitivity CI is wider; interpretation otherwise unchanged
H1|NLL_RELATIVE_CHANGE|banglaclick:facebook|xlmr|137,ESTIMABLE,ESTIMABLE,1.4630524103952207,1.4630524103952207,"[1.0357965947355126, 1.9138179321853566]","[0.9812404309115834, 2.1419524716731826]",,,True,True,UNCERTAINTY_WIDENED_INTERPRETATION_UNCHANGED,sensitivity CI is wider; interpretation otherwise unchanged
H1|BALANCED_BRIER_RELATIVE_CHANGE|banglaclick:facebook|xlmr|137,ESTIMABLE,ESTIMABLE,0.7890418370614846,0.7890418370614846,"[0.4399156128911612, 1.151756096044781]","[0.41138158207814673, 1.205979578896605]",,,True,True,UNCERTAINTY_WIDENED_INTERPRETATION_UNCHANGED,sensitivity CI is wider; interpretation otherwise unchanged
H1|LOCKED_SETTING_SUPPORT|banglaclick:facebook|xlmr|137,ESTIMABLE,ESTIMABLE,,,,,,,True,True,CONCORDANT,canonical interpretation unchanged
H1|AUROC_DROP|banglaclick:facebook|xlmr|2718,ESTIMABLE,ESTIMABLE,0.21032866067449163,0.21032866067449163,"[0.1296170735364552, 0.2954100429643278]","[0.12138295088496172, 0.30674358444108457]",,,True,True,UNCERTAINTY_WIDENED_INTERPRETATION_UNCHANGED,sensitivity CI is wider; interpretation otherwise unchanged
H1|NLL_RELATIVE_CHANGE|banglaclick:facebook|xlmr|2718,ESTIMABLE,ESTIMABLE,1.3691476582229625,1.3691476582229625,"[0.9799183648191865, 1.7835281291708192]","[0.9140305990015137, 2.0434952969878175]",,,True,True,UNCERTAINTY_WIDENED_INTERPRETATION_UNCHANGED,sensitivity CI is wider; interpretation otherwise unchanged
H1|BALANCED_BRIER_RELATIVE_CHANGE|banglaclick:facebook|xlmr|2718,ESTIMABLE,ESTIMABLE,0.8134385394528013,0.8134385394528013,"[0.4854256490406797, 1.1628843536451983]","[0.4457590532517439, 1.247044010825401]",,,True,True,UNCERTAINTY_WIDENED_INTERPRETATION_UNCHANGED,sensitivity CI is wider; interpretation otherwise unchanged
H1|LOCKED_SETTING_SUPPORT|banglaclick:facebook|xlmr|2718,ESTIMABLE,ESTIMABLE,,,,,,,True,True,CONCORDANT,canonical interpretation unchanged
H1|AUROC_DROP|banglaclick:facebook|xlmr|31415,ESTIMABLE,ESTIMABLE,0.19744813597284927,0.19744813597284927,"[0.12134239067778989, 0.2782952388799718]","[0.11054063946848927, 0.2875348410600256]",,,True,True,UNCERTAINTY_WIDENED_INTERPRETATION_UNCHANGED,sensitivity CI is wider; interpretation otherwise unchanged
H1|NLL_RELATIVE_CHANGE|banglaclick:facebook|xlmr|31415,ESTIMABLE,ESTIMABLE,1.2642313300427228,1.2642313300427228,"[0.9125688243877246, 1.6321211280390961]","[0.8313042971546213, 1.854880480536177]",,,True,True,UNCERTAINTY_WIDENED_INTERPRETATION_UNCHANGED,sensitivity CI is wider; interpretation otherwise unchanged
H1|BALANCED_BRIER_RELATIVE_CHANGE|banglaclick:facebook|xlmr|31415,ESTIMABLE,ESTIMABLE,0.7188521825274656,0.7188521825274656,"[0.41219909359322854, 1.0431217172719294]","[0.3649744702841657, 1.1200618318872055]",,,True,True,UNCERTAINTY_WIDENED_INTERPRETATION_UNCHANGED,sensitivity CI is wider; interpretation otherwise unchanged
H1|LOCKED_SETTING_SUPPORT|banglaclick:facebook|xlmr|31415,ESTIMABLE,ESTIMABLE,,,,,,,True,True,CONCORDANT,canonical interpretation unchanged
H1|AUROC_DROP|banglaclick:facebook|xlmr|65537,ESTIMABLE,ESTIMABLE,0.21486668947627818,0.21486668947627818,"[0.13884722655136217, 0.2965701603242179]","[0.13252641329663084, 0.30082182673452335]",,,True,True,UNCERTAINTY_WIDENED_INTERPRETATION_UNCHANGED,sensitivity CI is wider; interpretation otherwise unchanged
H1|NLL_RELATIVE_CHANGE|banglaclick:facebook|xlmr|65537,ESTIMABLE,ESTIMABLE,1.2913117725541976,1.2913117725541976,"[0.9485815031290442, 1.655860854239909]","[0.8789553813691382, 1.894777233084669]",,,True,True,UNCERTAINTY_WIDENED_INTERPRETATION_UNCHANGED,sensitivity CI is wider; interpretation otherwise unchanged
H1|BALANCED_BRIER_RELATIVE_CHANGE|banglaclick:facebook|xlmr|65537,ESTIMABLE,ESTIMABLE,0.792994545210848,0.792994545210848,"[0.5006316537396305, 1.1130993621329928]","[0.46472482347432914, 1.1827137612575958]",,,True,True,UNCERTAINTY_WIDENED_INTERPRETATION_UNCHANGED,sensitivity CI is wider; interpretation otherwise unchanged
H1|LOCKED_SETTING_SUPPORT|banglaclick:facebook|xlmr|65537,ESTIMABLE,ESTIMABLE,,,,,,,True,True,CONCORDANT,canonical interpretation unchanged
H1|AUROC_DROP|banglaclick:youtube|banglabert|42,ESTIMABLE,ESTIMABLE,0.057194009019424064,0.057194009019424064,"[0.03682700629996171, 0.20327184732997072]","[0.02454111205590042, 0.20847141867730462]",,,True,True,UNCERTAINTY_WIDENED_INTERPRETATION_UNCHANGED,sensitivity CI is wider; interpretation otherwise unchanged
H1|NLL_RELATIVE_CHANGE|banglaclick:youtube|banglabert|42,ESTIMABLE,ESTIMABLE,1.3505821224126007,1.3505821224126007,"[0.7509708081692491, 2.664028120767361]","[0.708270196288755, 2.8560148926638638]",,,True,True,UNCERTAINTY_WIDENED_INTERPRETATION_UNCHANGED,sensitivity CI is wider; interpretation otherwise unchanged
H1|BALANCED_BRIER_RELATIVE_CHANGE|banglaclick:youtube|banglabert|42,ESTIMABLE,ESTIMABLE,0.3280328167390222,0.3280328167390222,"[0.16015764347825168, 1.0325284554532095]","[0.13936592999217048, 1.0913085981772646]",,,True,True,UNCERTAINTY_WIDENED_INTERPRETATION_UNCHANGED,sensitivity CI is wider; interpretation otherwise unchanged
H1|LOCKED_SETTING_SUPPORT|banglaclick:youtube|banglabert|42,ESTIMABLE,ESTIMABLE,,,,,,,True,True,CONCORDANT,canonical interpretation unchanged
H1|AUROC_DROP|banglaclick:youtube|banglabert|137,ESTIMABLE,ESTIMABLE,0.07462746564639977,0.07462746564639977,"[0.051097935690972776, 0.23393444803444544]","[0.037190714317250476, 0.2345488948451064]",,,True,True,UNCERTAINTY_WIDENED_INTERPRETATION_UNCHANGED,sensitivity CI is wider; interpretation otherwise unchanged
H1|NLL_RELATIVE_CHANGE|banglaclick:youtube|banglabert|137,ESTIMABLE,ESTIMABLE,1.5028258024609518,1.5028258024609518,"[0.8996801112969213, 2.6564078794798682]","[0.8369102779586693, 2.84708466731799]",,,True,True,UNCERTAINTY_WIDENED_INTERPRETATION_UNCHANGED,sensitivity CI is wider; interpretation otherwise unchanged
H1|BALANCED_BRIER_RELATIVE_CHANGE|banglaclick:youtube|banglabert|137,ESTIMABLE,ESTIMABLE,0.3620297467422636,0.3620297467422636,"[0.20763466365692634, 0.9866681493887491]","[0.15780727949855355, 1.020077093930456]",,,True,True,UNCERTAINTY_WIDENED_INTERPRETATION_UNCHANGED,sensitivity CI is wider; interpretation otherwise unchanged
H1|LOCKED_SETTING_SUPPORT|banglaclick:youtube|banglabert|137,ESTIMABLE,ESTIMABLE,,,,,,,True,True,CONCORDANT,canonical interpretation unchanged
H1|AUROC_DROP|banglaclick:youtube|banglabert|2718,ESTIMABLE,ESTIMABLE,0.06144610155339403,0.06144610155339403,"[0.04242499691892048, 0.21390715201526012]","[0.03051609084210358, 0.2168702203108021]",,,True,True,UNCERTAINTY_WIDENED_INTERPRETATION_UNCHANGED,sensitivity CI is wider; interpretation otherwise unchanged
H1|NLL_RELATIVE_CHANGE|banglaclick:youtube|banglabert|2718,ESTIMABLE,ESTIMABLE,1.493714728044641,1.493714728044641,"[0.955644442644185, 2.7284110727322437]","[0.8819200245788257, 2.8512277289878476]",,,True,True,UNCERTAINTY_WIDENED_INTERPRETATION_UNCHANGED,sensitivity CI is wider; interpretation otherwise unchanged
H1|BALANCED_BRIER_RELATIVE_CHANGE|banglaclick:youtube|banglabert|2718,ESTIMABLE,ESTIMABLE,0.3251883753121483,0.3251883753121483,"[0.19585765055167612, 1.0091437479017065]","[0.15595478553834433, 1.0155232709378867]",,,True,True,UNCERTAINTY_WIDENED_INTERPRETATION_UNCHANGED,sensitivity CI is wider; interpretation otherwise unchanged
H1|LOCKED_SETTING_SUPPORT|banglaclick:youtube|banglabert|2718,ESTIMABLE,ESTIMABLE,,,,,,,True,True,CONCORDANT,canonical interpretation unchanged
H1|AUROC_DROP|banglaclick:youtube|banglabert|31415,ESTIMABLE,ESTIMABLE,0.06056239247504558,0.06056239247504558,"[0.03794791806937618, 0.21477965501562102]","[0.02718620780850858, 0.2248995440505923]",,,True,True,UNCERTAINTY_WIDENED_INTERPRETATION_UNCHANGED,sensitivity CI is wider; interpretation otherwise unchanged
H1|NLL_RELATIVE_CHANGE|banglaclick:youtube|banglabert|31415,ESTIMABLE,ESTIMABLE,1.312754357826957,1.312754357826957,"[0.7406339809882116, 2.6504698529919604]","[0.673578568468268, 2.8247618001433437]",,,True,True,UNCERTAINTY_WIDENED_INTERPRETATION_UNCHANGED,sensitivity CI is wider; interpretation otherwise unchanged
H1|BALANCED_BRIER_RELATIVE_CHANGE|banglaclick:youtube|banglabert|31415,ESTIMABLE,ESTIMABLE,0.3181596890447231,0.3181596890447231,"[0.19658120656255612, 1.0169066919569167]","[0.15712032380246624, 1.0874341871428062]",,,True,True,UNCERTAINTY_WIDENED_INTERPRETATION_UNCHANGED,sensitivity CI is wider; interpretation otherwise unchanged
H1|LOCKED_SETTING_SUPPORT|banglaclick:youtube|banglabert|31415,ESTIMABLE,ESTIMABLE,,,,,,,True,True,CONCORDANT,canonical interpretation unchanged
H1|AUROC_DROP|banglaclick:youtube|banglabert|65537,ESTIMABLE,ESTIMABLE,0.0641509011007072,0.0641509011007072,"[0.04296762054060382, 0.20795301545107958]","[0.02932515530340885, 0.21022007390407138]",,,True,True,UNCERTAINTY_WIDENED_INTERPRETATION_UNCHANGED,sensitivity CI is wider; interpretation otherwise unchanged
H1|NLL_RELATIVE_CHANGE|banglaclick:youtube|banglabert|65537,ESTIMABLE,ESTIMABLE,1.1955293649589533,1.1955293649589533,"[0.5952938091701719, 2.454232440006448]","[0.5655501400969976, 2.5773532369221583]",,,True,True,UNCERTAINTY_WIDENED_INTERPRETATION_UNCHANGED,sensitivity CI is wider; interpretation otherwise unchanged
H1|BALANCED_BRIER_RELATIVE_CHANGE|banglaclick:youtube|banglabert|65537,ESTIMABLE,ESTIMABLE,0.24075443397756296,0.24075443397756296,"[0.10425454465624043, 0.9202504048742881]","[0.08145130237566392, 0.9161770940561692]",,,True,True,UNCERTAINTY_WIDENED_INTERPRETATION_UNCHANGED,sensitivity CI is wider; interpretation otherwise unchanged
H1|LOCKED_SETTING_SUPPORT|banglaclick:youtube|banglabert|65537,ESTIMABLE,ESTIMABLE,,,,,,,True,True,CONCORDANT,canonical interpretation unchanged
H1|AUROC_DROP|banglaclick:youtube|ebm|42,ESTIMABLE,ESTIMABLE,-0.08549431406139207,-0.08549431406139207,"[-0.11372586208942315, 0.07175985118434516]","[-0.12198623857702781, 0.0735814568424357]",,,True,True,UNCERTAINTY_WIDENED_INTERPRETATION_UNCHANGED,sensitivity CI is wider; interpretation otherwise unchanged
H1|NLL_RELATIVE_CHANGE|banglaclick:youtube|ebm|42,ESTIMABLE,ESTIMABLE,0.38601927730854946,0.38601927730854946,"[-0.10579918598769524, 1.4828816342198472]","[-0.1107810615295561, 1.530869481390983]",,,True,True,UNCERTAINTY_WIDENED_INTERPRETATION_UNCHANGED,sensitivity CI is wider; interpretation otherwise unchanged
H1|BALANCED_BRIER_RELATIVE_CHANGE|banglaclick:youtube|ebm|42,ESTIMABLE,ESTIMABLE,-0.17920759890947868,-0.17920759890947868,"[-0.269380774194384, 0.322175505706938]","[-0.2717103515136024, 0.3219878185763837]",,,True,True,UNCERTAINTY_WIDENED_INTERPRETATION_UNCHANGED,sensitivity CI is wider; interpretation otherwise unchanged
H1|LOCKED_SETTING_SUPPORT|banglaclick:youtube|ebm|42,ESTIMABLE,ESTIMABLE,,,,,,,True,True,CONCORDANT,canonical interpretation unchanged
H1|AUROC_DROP|banglaclick:youtube|ebm|137,ESTIMABLE,ESTIMABLE,-0.08554816368963736,-0.08554816368963736,"[-0.11098913961566001, 0.06871007135937635]","[-0.12287280755736808, 0.0807898386489662]",,,True,True,UNCERTAINTY_WIDENED_INTERPRETATION_UNCHANGED,sensitivity CI is wider; interpretation otherwise unchanged
H1|NLL_RELATIVE_CHANGE|banglaclick:youtube|ebm|137,ESTIMABLE,ESTIMABLE,0.38538864698148795,0.38538864698148795,"[-0.08838179530989185, 1.4633000565225018]","[-0.12188971456902424, 1.5747314814354791]",,,True,True,UNCERTAINTY_WIDENED_INTERPRETATION_UNCHANGED,sensitivity CI is wider; interpretation otherwise unchanged
H1|BALANCED_BRIER_RELATIVE_CHANGE|banglaclick:youtube|ebm|137,ESTIMABLE,ESTIMABLE,-0.17958384398475907,-0.17958384398475907,"[-0.2637217958856793, 0.31485513602508175]","[-0.27306099551651936, 0.32796297686936027]",,,True,True,UNCERTAINTY_WIDENED_INTERPRETATION_UNCHANGED,sensitivity CI is wider; interpretation otherwise unchanged
H1|LOCKED_SETTING_SUPPORT|banglaclick:youtube|ebm|137,ESTIMABLE,ESTIMABLE,,,,,,,True,True,CONCORDANT,canonical interpretation unchanged
H1|AUROC_DROP|banglaclick:youtube|ebm|2718,ESTIMABLE,ESTIMABLE,-0.08538376152529636,-0.08538376152529636,"[-0.11201030977578388, 0.07517579586800821]","[-0.125124197786943, 0.07474088659164484]",,,True,True,UNCERTAINTY_WIDENED_INTERPRETATION_UNCHANGED,sensitivity CI is wider; interpretation otherwise unchanged
H1|NLL_RELATIVE_CHANGE|banglaclick:youtube|ebm|2718,ESTIMABLE,ESTIMABLE,0.3869619560931682,0.3869619560931682,"[-0.10489894881362581, 1.4892697344938104]","[-0.1178389154728892, 1.5289943852681915]",,,True,True,UNCERTAINTY_WIDENED_INTERPRETATION_UNCHANGED,sensitivity CI is wider; interpretation otherwise unchanged
H1|BALANCED_BRIER_RELATIVE_CHANGE|banglaclick:youtube|ebm|2718,ESTIMABLE,ESTIMABLE,-0.1789710766128057,-0.1789710766128057,"[-0.26765786702339744, 0.32041790923446817]","[-0.27095635525811146, 0.3067252779416516]",,,True,True,CONCORDANT,canonical interpretation unchanged
H1|LOCKED_SETTING_SUPPORT|banglaclick:youtube|ebm|2718,ESTIMABLE,ESTIMABLE,,,,,,,True,True,CONCORDANT,canonical interpretation unchanged
H1|AUROC_DROP|banglaclick:youtube|ebm|31415,ESTIMABLE,ESTIMABLE,-0.085734359614557,-0.085734359614557,"[-0.11221758011753735, 0.07195607155273494]","[-0.12580027090156481, 0.07290701483444785]",,,True,True,UNCERTAINTY_WIDENED_INTERPRETATION_UNCHANGED,sensitivity CI is wider; interpretation otherwise unchanged
H1|NLL_RELATIVE_CHANGE|banglaclick:youtube|ebm|31415,ESTIMABLE,ESTIMABLE,0.38599585833646766,0.38599585833646766,"[-0.10207570787360672, 1.4933097374963376]","[-0.11993129714458911, 1.54410859400168]",,,True,True,UNCERTAINTY_WIDENED_INTERPRETATION_UNCHANGED,sensitivity CI is wider; interpretation otherwise unchanged
H1|BALANCED_BRIER_RELATIVE_CHANGE|banglaclick:youtube|ebm|31415,ESTIMABLE,ESTIMABLE,-0.1793694983330852,-0.1793694983330852,"[-0.2669999460705184, 0.32039593074818157]","[-0.2738923573229046, 0.31929132118470016]",,,True,True,UNCERTAINTY_WIDENED_INTERPRETATION_UNCHANGED,sensitivity CI is wider; interpretation otherwise unchanged
H1|LOCKED_SETTING_SUPPORT|banglaclick:youtube|ebm|31415,ESTIMABLE,ESTIMABLE,,,,,,,True,True,CONCORDANT,canonical interpretation unchanged
H1|AUROC_DROP|banglaclick:youtube|ebm|65537,ESTIMABLE,ESTIMABLE,-0.08553340219881156,-0.08553340219881156,"[-0.11162216046064799, 0.06636181584110172]","[-0.12501673952597636, 0.07434578572842794]",,,True,True,UNCERTAINTY_WIDENED_INTERPRETATION_UNCHANGED,sensitivity CI is wider; interpretation otherwise unchanged
H1|NLL_RELATIVE_CHANGE|banglaclick:youtube|ebm|65537,ESTIMABLE,ESTIMABLE,0.3860289240856132,0.3860289240856132,"[-0.09466353725255384, 1.4439852988659632]","[-0.12204876510255969, 1.52217494517783]",,,True,True,UNCERTAINTY_WIDENED_INTERPRETATION_UNCHANGED,sensitivity CI is wider; interpretation otherwise unchanged
H1|BALANCED_BRIER_RELATIVE_CHANGE|banglaclick:youtube|ebm|65537,ESTIMABLE,ESTIMABLE,-0.17926647383908823,-0.17926647383908823,"[-0.26486726399210514, 0.2906856108976743]","[-0.2760741477469583, 0.3182548714004827]",,,True,True,UNCERTAINTY_WIDENED_INTERPRETATION_UNCHANGED,sensitivity CI is wider; interpretation otherwise unchanged
H1|LOCKED_SETTING_SUPPORT|banglaclick:youtube|ebm|65537,ESTIMABLE,ESTIMABLE,,,,,,,True,True,CONCORDANT,canonical interpretation unchanged
H1|AUROC_DROP|banglaclick:youtube|tfidf_lr|42,ESTIMABLE,ESTIMABLE,0.042344472125244836,0.042344472125244836,"[0.0036615111251700363, 0.20942793886912806]","[-0.01585789254766387, 0.21460685018009568]",,,True,True,UNCERTAINTY_WIDENED_INTERPRETATION_UNCHANGED,sensitivity CI is wider; interpretation otherwise unchanged
H1|NLL_RELATIVE_CHANGE|banglaclick:youtube|tfidf_lr|42,ESTIMABLE,ESTIMABLE,1.2905292221225768,1.2905292221225768,"[0.8258726320771161, 2.1080066379155897]","[0.7636460345286786, 2.2983227144112086]",,,True,True,UNCERTAINTY_WIDENED_INTERPRETATION_UNCHANGED,sensitivity CI is wider; interpretation otherwise unchanged
H1|BALANCED_BRIER_RELATIVE_CHANGE|banglaclick:youtube|tfidf_lr|42,ESTIMABLE,ESTIMABLE,0.160629415719637,0.160629415719637,"[0.04462835295371776, 0.5947064003083871]","[-3.151188849965149e-05, 0.6413683759088815]",,,True,True,UNCERTAINTY_WIDENED_INTERPRETATION_UNCHANGED,sensitivity CI is wider; interpretation otherwise unchanged
H1|LOCKED_SETTING_SUPPORT|banglaclick:youtube|tfidf_lr|42,ESTIMABLE,ESTIMABLE,,,,,,,True,True,CONCORDANT,canonical interpretation unchanged
H1|AUROC_DROP|banglaclick:youtube|tfidf_lr|137,ESTIMABLE,ESTIMABLE,0.042344472125244836,0.042344472125244836,"[0.0031421476016155274, 0.20528781126373039]","[-0.018799084048360584, 0.22006046635678836]",,,True,True,UNCERTAINTY_WIDENED_INTERPRETATION_UNCHANGED,sensitivity CI is wider; interpretation otherwise unchanged
H1|NLL_RELATIVE_CHANGE|banglaclick:youtube|tfidf_lr|137,ESTIMABLE,ESTIMABLE,1.2905292221225768,1.2905292221225768,"[0.8250277909575515, 2.1127245579153673]","[0.7946952173901687, 2.296329830539373]",,,True,True,UNCERTAINTY_WIDENED_INTERPRETATION_UNCHANGED,sensitivity CI is wider; interpretation otherwise unchanged
H1|BALANCED_BRIER_RELATIVE_CHANGE|banglaclick:youtube|tfidf_lr|137,ESTIMABLE,ESTIMABLE,0.160629415719637,0.160629415719637,"[0.044507204417715586, 0.5996700254390882]","[0.004321965905465514, 0.6393918684907078]",,,True,True,UNCERTAINTY_WIDENED_INTERPRETATION_UNCHANGED,sensitivity CI is wider; interpretation otherwise unchanged
H1|LOCKED_SETTING_SUPPORT|banglaclick:youtube|tfidf_lr|137,ESTIMABLE,ESTIMABLE,,,,,,,True,True,CONCORDANT,canonical interpretation unchanged
H1|AUROC_DROP|banglaclick:youtube|tfidf_lr|2718,ESTIMABLE,ESTIMABLE,0.042344472125244836,0.042344472125244836,"[0.0033752185491712334, 0.2122845898593341]","[-0.014195590424237814, 0.2159292945835423]",,,True,True,UNCERTAINTY_WIDENED_INTERPRETATION_UNCHANGED,sensitivity CI is wider; interpretation otherwise unchanged
H1|NLL_RELATIVE_CHANGE|banglaclick:youtube|tfidf_lr|2718,ESTIMABLE,ESTIMABLE,1.2905292221225768,1.2905292221225768,"[0.8561771706478895, 2.1222505364969626]","[0.7932109415859834, 2.2598026387721717]",,,True,True,UNCERTAINTY_WIDENED_INTERPRETATION_UNCHANGED,sensitivity CI is wider; interpretation otherwise unchanged
H1|BALANCED_BRIER_RELATIVE_CHANGE|banglaclick:youtube|tfidf_lr|2718,ESTIMABLE,ESTIMABLE,0.160629415719637,0.160629415719637,"[0.04804566233572186, 0.6060436168473924]","[0.002675234314947024, 0.6130898533750158]",,,True,True,UNCERTAINTY_WIDENED_INTERPRETATION_UNCHANGED,sensitivity CI is wider; interpretation otherwise unchanged
H1|LOCKED_SETTING_SUPPORT|banglaclick:youtube|tfidf_lr|2718,ESTIMABLE,ESTIMABLE,,,,,,,True,True,CONCORDANT,canonical interpretation unchanged
H1|AUROC_DROP|banglaclick:youtube|tfidf_lr|31415,ESTIMABLE,ESTIMABLE,0.042344472125244836,0.042344472125244836,"[0.003485565838082933, 0.20977484964547025]","[-0.01596414468775233, 0.21720513571731706]",,,True,True,UNCERTAINTY_WIDENED_INTERPRETATION_UNCHANGED,sensitivity CI is wider; interpretation otherwise unchanged
H1|NLL_RELATIVE_CHANGE|banglaclick:youtube|tfidf_lr|31415,ESTIMABLE,ESTIMABLE,1.2905292221225768,1.2905292221225768,"[0.8431837522229296, 2.117470948334663]","[0.771618239145386, 2.3048642275520526]",,,True,True,UNCERTAINTY_WIDENED_INTERPRETATION_UNCHANGED,sensitivity CI is wider; interpretation otherwise unchanged
H1|BALANCED_BRIER_RELATIVE_CHANGE|banglaclick:youtube|tfidf_lr|31415,ESTIMABLE,ESTIMABLE,0.160629415719637,0.160629415719637,"[0.0474604565143345, 0.6038409382820087]","[-0.0003746875658220141, 0.6339108226225614]",,,True,True,UNCERTAINTY_WIDENED_INTERPRETATION_UNCHANGED,sensitivity CI is wider; interpretation otherwise unchanged
H1|LOCKED_SETTING_SUPPORT|banglaclick:youtube|tfidf_lr|31415,ESTIMABLE,ESTIMABLE,,,,,,,True,True,CONCORDANT,canonical interpretation unchanged
H1|AUROC_DROP|banglaclick:youtube|tfidf_lr|65537,ESTIMABLE,ESTIMABLE,0.042344472125244836,0.042344472125244836,"[0.005817053460525129, 0.2177155459473385]","[-0.018705554992958985, 0.2140464220713963]",,,True,True,UNCERTAINTY_WIDENED_INTERPRETATION_UNCHANGED,sensitivity CI is wider; interpretation otherwise unchanged
H1|NLL_RELATIVE_CHANGE|banglaclick:youtube|tfidf_lr|65537,ESTIMABLE,ESTIMABLE,1.2905292221225768,1.2905292221225768,"[0.8459440184813286, 2.130710004839763]","[0.7845238600842086, 2.320992778729503]",,,True,True,UNCERTAINTY_WIDENED_INTERPRETATION_UNCHANGED,sensitivity CI is wider; interpretation otherwise unchanged
H1|BALANCED_BRIER_RELATIVE_CHANGE|banglaclick:youtube|tfidf_lr|65537,ESTIMABLE,ESTIMABLE,0.160629415719637,0.160629415719637,"[0.04479563650028826, 0.623647420573693]","[0.0035679168175063083, 0.6402273998075746]",,,True,True,UNCERTAINTY_WIDENED_INTERPRETATION_UNCHANGED,sensitivity CI is wider; interpretation otherwise unchanged
H1|LOCKED_SETTING_SUPPORT|banglaclick:youtube|tfidf_lr|65537,ESTIMABLE,ESTIMABLE,,,,,,,True,True,CONCORDANT,canonical interpretation unchanged
H1|AUROC_DROP|banglaclick:youtube|xlmr|42,ESTIMABLE,ESTIMABLE,0.06772436887473521,0.06772436887473521,"[0.05040636952009048, 0.16626370858793063]","[0.0347766708334352, 0.1770621190815242]",,,True,True,UNCERTAINTY_WIDENED_INTERPRETATION_UNCHANGED,sensitivity CI is wider; interpretation otherwise unchanged
H1|NLL_RELATIVE_CHANGE|banglaclick:youtube|xlmr|42,ESTIMABLE,ESTIMABLE,1.4924291068598636,1.4924291068598636,"[0.8669923706289415, 2.32430237853404]","[0.8333524233601084, 2.485546067968333]",,,True,True,UNCERTAINTY_WIDENED_INTERPRETATION_UNCHANGED,sensitivity CI is wider; interpretation otherwise unchanged
H1|BALANCED_BRIER_RELATIVE_CHANGE|banglaclick:youtube|xlmr|42,ESTIMABLE,ESTIMABLE,0.3438824365884426,0.3438824365884426,"[0.16660951038995397, 0.8383461240879542]","[0.14357672663731622, 0.8699108259921168]",,,True,True,UNCERTAINTY_WIDENED_INTERPRETATION_UNCHANGED,sensitivity CI is wider; interpretation otherwise unchanged
H1|LOCKED_SETTING_SUPPORT|banglaclick:youtube|xlmr|42,ESTIMABLE,ESTIMABLE,,,,,,,True,True,CONCORDANT,canonical interpretation unchanged
H1|AUROC_DROP|banglaclick:youtube|xlmr|137,ESTIMABLE,ESTIMABLE,0.07085905635472411,0.07085905635472411,"[0.052296987198083636, 0.19249716735163505]","[0.03895394264360386, 0.19666882858798063]",,,True,True,UNCERTAINTY_WIDENED_INTERPRETATION_UNCHANGED,sensitivity CI is wider; interpretation otherwise unchanged
H1|NLL_RELATIVE_CHANGE|banglaclick:youtube|xlmr|137,ESTIMABLE,ESTIMABLE,1.5037157083400885,1.5037157083400885,"[0.8102309349245442, 2.571763362513573]","[0.7814303315734705, 2.713591003406279]",,,True,True,UNCERTAINTY_WIDENED_INTERPRETATION_UNCHANGED,sensitivity CI is wider; interpretation otherwise unchanged
H1|BALANCED_BRIER_RELATIVE_CHANGE|banglaclick:youtube|xlmr|137,ESTIMABLE,ESTIMABLE,0.3585919525988566,0.3585919525988566,"[0.1706048475062322, 0.9390052803676509]","[0.15786512536208516, 0.9468318889919795]",,,True,True,UNCERTAINTY_WIDENED_INTERPRETATION_UNCHANGED,sensitivity CI is wider; interpretation otherwise unchanged
H1|LOCKED_SETTING_SUPPORT|banglaclick:youtube|xlmr|137,ESTIMABLE,ESTIMABLE,,,,,,,True,True,CONCORDANT,canonical interpretation unchanged
H1|AUROC_DROP|banglaclick:youtube|xlmr|2718,ESTIMABLE,ESTIMABLE,0.06819728376144207,0.06819728376144207,"[0.04579766879793613, 0.18931265126258848]","[0.03197887187504425, 0.1999431105651157]",,,True,True,UNCERTAINTY_WIDENED_INTERPRETATION_UNCHANGED,sensitivity CI is wider; interpretation otherwise unchanged
H1|NLL_RELATIVE_CHANGE|banglaclick:youtube|xlmr|2718,ESTIMABLE,ESTIMABLE,1.4069949696453068,1.4069949696453068,"[0.7719094952212722, 2.573688171607454]","[0.7480801773691179, 2.7358518628553847]",,,True,True,UNCERTAINTY_WIDENED_INTERPRETATION_UNCHANGED,sensitivity CI is wider; interpretation otherwise unchanged
H1|BALANCED_BRIER_RELATIVE_CHANGE|banglaclick:youtube|xlmr|2718,ESTIMABLE,ESTIMABLE,0.3116340075889688,0.3116340075889688,"[0.191901581148481, 0.9668046845215605]","[0.1481503862942815, 0.9798188756836674]",,,True,True,UNCERTAINTY_WIDENED_INTERPRETATION_UNCHANGED,sensitivity CI is wider; interpretation otherwise unchanged
H1|LOCKED_SETTING_SUPPORT|banglaclick:youtube|xlmr|2718,ESTIMABLE,ESTIMABLE,,,,,,,True,True,CONCORDANT,canonical interpretation unchanged
H1|AUROC_DROP|banglaclick:youtube|xlmr|31415,ESTIMABLE,ESTIMABLE,0.05097547937916602,0.05097547937916602,"[0.03767253684551758, 0.1650271063495453]","[0.0206764251764229, 0.1792738951842075]",,,True,True,UNCERTAINTY_WIDENED_INTERPRETATION_UNCHANGED,sensitivity CI is wider; interpretation otherwise unchanged
H1|NLL_RELATIVE_CHANGE|banglaclick:youtube|xlmr|31415,ESTIMABLE,ESTIMABLE,1.3423075165992984,1.3423075165992984,"[0.7292891581423918, 2.206308529136242]","[0.7028871122397086, 2.3471828129100984]",,,True,True,UNCERTAINTY_WIDENED_INTERPRETATION_UNCHANGED,sensitivity CI is wider; interpretation otherwise unchanged
H1|BALANCED_BRIER_RELATIVE_CHANGE|banglaclick:youtube|xlmr|31415,ESTIMABLE,ESTIMABLE,0.28298384250729647,0.28298384250729647,"[0.12287316937877675, 0.816670866171225]","[0.09468348178514908, 0.827023623648105]",,,True,True,UNCERTAINTY_WIDENED_INTERPRETATION_UNCHANGED,sensitivity CI is wider; interpretation otherwise unchanged
H1|LOCKED_SETTING_SUPPORT|banglaclick:youtube|xlmr|31415,ESTIMABLE,ESTIMABLE,,,,,,,True,True,CONCORDANT,canonical interpretation unchanged
H1|AUROC_DROP|banglaclick:youtube|xlmr|65537,ESTIMABLE,ESTIMABLE,0.05462179866008976,0.05462179866008976,"[0.030748412250613533, 0.1771088056686932]","[0.022218682233138793, 0.1877553728910817]",,,True,True,UNCERTAINTY_WIDENED_INTERPRETATION_UNCHANGED,sensitivity CI is wider; interpretation otherwise unchanged
H1|NLL_RELATIVE_CHANGE|banglaclick:youtube|xlmr|65537,ESTIMABLE,ESTIMABLE,1.211562356775024,1.211562356775024,"[0.5061516110811968, 2.385745786558189]","[0.500951871809963, 2.533036216742065]",,,True,True,UNCERTAINTY_WIDENED_INTERPRETATION_UNCHANGED,sensitivity CI is wider; interpretation otherwise unchanged
H1|BALANCED_BRIER_RELATIVE_CHANGE|banglaclick:youtube|xlmr|65537,ESTIMABLE,ESTIMABLE,0.30334656602821297,0.30334656602821297,"[0.19302112920280165, 0.9075191848898616]","[0.16115550452710134, 0.9589748249433955]",,,True,True,UNCERTAINTY_WIDENED_INTERPRETATION_UNCHANGED,sensitivity CI is wider; interpretation otherwise unchanged
H1|LOCKED_SETTING_SUPPORT|banglaclick:youtube|xlmr|65537,ESTIMABLE,ESTIMABLE,,,,,,,True,True,CONCORDANT,canonical interpretation unchanged
H1|AUROC_DROP|banglaclick:twitter|banglabert|42,ESTIMABLE,ESTIMABLE,0.195703212379724,0.195703212379724,"[0.14323400305590703, 0.2523037176980442]","[0.13200731881671204, 0.2615978253693257]",,,True,True,UNCERTAINTY_WIDENED_INTERPRETATION_UNCHANGED,sensitivity CI is wider; interpretation otherwise unchanged
H1|NLL_RELATIVE_CHANGE|banglaclick:twitter|banglabert|42,ESTIMABLE,ESTIMABLE,1.4506592241873504,1.4506592241873504,"[1.1948131121453878, 1.704989072806667]","[1.09742701468329, 2.0236204740265027]",,,True,True,UNCERTAINTY_WIDENED_INTERPRETATION_UNCHANGED,sensitivity CI is wider; interpretation otherwise unchanged
H1|BALANCED_BRIER_RELATIVE_CHANGE|banglaclick:twitter|banglabert|42,ESTIMABLE,ESTIMABLE,0.7408395973903614,0.7408395973903614,"[0.5908264898590122, 0.9086250960905231]","[0.5295713530573335, 1.0094552027978194]",,,True,True,UNCERTAINTY_WIDENED_INTERPRETATION_UNCHANGED,sensitivity CI is wider; interpretation otherwise unchanged
H1|LOCKED_SETTING_SUPPORT|banglaclick:twitter|banglabert|42,ESTIMABLE,ESTIMABLE,,,,,,,True,True,CONCORDANT,canonical interpretation unchanged
H1|AUROC_DROP|banglaclick:twitter|banglabert|137,ESTIMABLE,ESTIMABLE,0.2192646280514231,0.2192646280514231,"[0.1633608112088325, 0.27909939301156494]","[0.15832285962696604, 0.28991015069496795]",,,True,True,UNCERTAINTY_WIDENED_INTERPRETATION_UNCHANGED,sensitivity CI is wider; interpretation otherwise unchanged
H1|NLL_RELATIVE_CHANGE|banglaclick:twitter|banglabert|137,ESTIMABLE,ESTIMABLE,1.5377367094337648,1.5377367094337648,"[1.2838006767476562, 1.8078508845178292]","[1.181886793316295, 2.1749378899288563]",,,True,True,UNCERTAINTY_WIDENED_INTERPRETATION_UNCHANGED,sensitivity CI is wider; interpretation otherwise unchanged
H1|BALANCED_BRIER_RELATIVE_CHANGE|banglaclick:twitter|banglabert|137,ESTIMABLE,ESTIMABLE,0.7350321001836839,0.7350321001836839,"[0.593169443056527, 0.8927015353520802]","[0.5444897682969532, 0.9865759612788567]",,,True,True,UNCERTAINTY_WIDENED_INTERPRETATION_UNCHANGED,sensitivity CI is wider; interpretation otherwise unchanged
H1|LOCKED_SETTING_SUPPORT|banglaclick:twitter|banglabert|137,ESTIMABLE,ESTIMABLE,,,,,,,True,True,CONCORDANT,canonical interpretation unchanged
H1|AUROC_DROP|banglaclick:twitter|banglabert|2718,ESTIMABLE,ESTIMABLE,0.1942340149636167,0.1942340149636167,"[0.14139243821663847, 0.25215851908215764]","[0.13256897377334906, 0.2638324525601608]",,,True,True,UNCERTAINTY_WIDENED_INTERPRETATION_UNCHANGED,sensitivity CI is wider; interpretation otherwise unchanged
H1|NLL_RELATIVE_CHANGE|banglaclick:twitter|banglabert|2718,ESTIMABLE,ESTIMABLE,1.3808802374763434,1.3808802374763434,"[1.1469819906175545, 1.6228882488649854]","[1.0598892988073634, 1.92913151142361]",,,True,True,UNCERTAINTY_WIDENED_INTERPRETATION_UNCHANGED,sensitivity CI is wider; interpretation otherwise unchanged
H1|BALANCED_BRIER_RELATIVE_CHANGE|banglaclick:twitter|banglabert|2718,ESTIMABLE,ESTIMABLE,0.6464592973054949,0.6464592973054949,"[0.5056022130116273, 0.7982736541936237]","[0.4525529825078987, 0.8795625655678744]",,,True,True,UNCERTAINTY_WIDENED_INTERPRETATION_UNCHANGED,sensitivity CI is wider; interpretation otherwise unchanged
H1|LOCKED_SETTING_SUPPORT|banglaclick:twitter|banglabert|2718,ESTIMABLE,ESTIMABLE,,,,,,,True,True,CONCORDANT,canonical interpretation unchanged
H1|AUROC_DROP|banglaclick:twitter|banglabert|31415,ESTIMABLE,ESTIMABLE,0.1803535669457107,0.1803535669457107,"[0.1286937451208717, 0.2359643884087284]","[0.1237255401965097, 0.24573182579826405]",,,True,True,UNCERTAINTY_WIDENED_INTERPRETATION_UNCHANGED,sensitivity CI is wider; interpretation otherwise unchanged
H1|NLL_RELATIVE_CHANGE|banglaclick:twitter|banglabert|31415,ESTIMABLE,ESTIMABLE,1.2107989869870872,1.2107989869870872,"[0.9893578695957529, 1.4396292461167424]","[0.8984362215843846, 1.752934658941646]",,,True,True,UNCERTAINTY_WIDENED_INTERPRETATION_UNCHANGED,sensitivity CI is wider; interpretation otherwise unchanged
H1|BALANCED_BRIER_RELATIVE_CHANGE|banglaclick:twitter|banglabert|31415,ESTIMABLE,ESTIMABLE,0.5972467600483876,0.5972467600483876,"[0.45510593700168134, 0.7533930405375217]","[0.4031843795385724, 0.8586294283153607]",,,True,True,UNCERTAINTY_WIDENED_INTERPRETATION_UNCHANGED,sensitivity CI is wider; interpretation otherwise unchanged
H1|LOCKED_SETTING_SUPPORT|banglaclick:twitter|banglabert|31415,ESTIMABLE,ESTIMABLE,,,,,,,True,True,CONCORDANT,canonical interpretation unchanged
H1|AUROC_DROP|banglaclick:twitter|banglabert|65537,ESTIMABLE,ESTIMABLE,0.18808804023580317,0.18808804023580317,"[0.1352205024992006, 0.24522360528368214]","[0.12460027452391846, 0.25483889279429106]",,,True,True,UNCERTAINTY_WIDENED_INTERPRETATION_UNCHANGED,sensitivity CI is wider; interpretation otherwise unchanged
H1|NLL_RELATIVE_CHANGE|banglaclick:twitter|banglabert|65537,ESTIMABLE,ESTIMABLE,1.1155364176663678,1.1155364176663678,"[0.8950517354527647, 1.3482890799536371]","[0.8077702265803864, 1.616756931269525]",,,True,True,UNCERTAINTY_WIDENED_INTERPRETATION_UNCHANGED,sensitivity CI is wider; interpretation otherwise unchanged
H1|BALANCED_BRIER_RELATIVE_CHANGE|banglaclick:twitter|banglabert|65537,ESTIMABLE,ESTIMABLE,0.5180320110853911,0.5180320110853911,"[0.37350261477852936, 0.6734802997056748]","[0.3214475935814878, 0.7452270399023012]",,,True,True,UNCERTAINTY_WIDENED_INTERPRETATION_UNCHANGED,sensitivity CI is wider; interpretation otherwise unchanged
H1|LOCKED_SETTING_SUPPORT|banglaclick:twitter|banglabert|65537,ESTIMABLE,ESTIMABLE,,,,,,,True,True,CONCORDANT,canonical interpretation unchanged
H1|AUROC_DROP|banglaclick:twitter|ebm|42,ESTIMABLE,ESTIMABLE,0.11897819850735891,0.11897819850735891,"[0.05713999246219738, 0.17569771331015943]","[0.047270697386961644, 0.1882286321058245]",,,True,True,UNCERTAINTY_WIDENED_INTERPRETATION_UNCHANGED,sensitivity CI is wider; interpretation otherwise unchanged
H1|NLL_RELATIVE_CHANGE|banglaclick:twitter|ebm|42,ESTIMABLE,ESTIMABLE,0.8542393312627377,0.8542393312627377,"[0.6712541474378674, 1.0482315511514664]","[0.6042713440506491, 1.2514080658136955]",,,True,True,UNCERTAINTY_WIDENED_INTERPRETATION_UNCHANGED,sensitivity CI is wider; interpretation otherwise unchanged
H1|BALANCED_BRIER_RELATIVE_CHANGE|banglaclick:twitter|ebm|42,ESTIMABLE,ESTIMABLE,0.20907799034737468,0.20907799034737468,"[0.09314790588115657, 0.32575299384793993]","[0.07383708606517439, 0.3738904959861081]",,,True,True,UNCERTAINTY_WIDENED_INTERPRETATION_UNCHANGED,sensitivity CI is wider; interpretation otherwise unchanged
H1|LOCKED_SETTING_SUPPORT|banglaclick:twitter|ebm|42,ESTIMABLE,ESTIMABLE,,,,,,,True,True,CONCORDANT,canonical interpretation unchanged
H1|AUROC_DROP|banglaclick:twitter|ebm|137,ESTIMABLE,ESTIMABLE,0.11927601563719215,0.11927601563719215,"[0.05543994783878416, 0.17446366025653834]","[0.0467821153534636, 0.18956110448465]",,,True,True,UNCERTAINTY_WIDENED_INTERPRETATION_UNCHANGED,sensitivity CI is wider; interpretation otherwise unchanged
H1|NLL_RELATIVE_CHANGE|banglaclick:twitter|ebm|137,ESTIMABLE,ESTIMABLE,0.8559588009640642,0.8559588009640642,"[0.666934888742398, 1.0378314493261023]","[0.5960037337161114, 1.2528923608143405]",,,True,True,UNCERTAINTY_WIDENED_INTERPRETATION_UNCHANGED,sensitivity CI is wider; interpretation otherwise unchanged
H1|BALANCED_BRIER_RELATIVE_CHANGE|banglaclick:twitter|ebm|137,ESTIMABLE,ESTIMABLE,0.2096032024361557,0.2096032024361557,"[0.08921170350101468, 0.31894144059962437]","[0.07257951956493593, 0.3763426325186643]",,,True,True,UNCERTAINTY_WIDENED_INTERPRETATION_UNCHANGED,sensitivity CI is wider; interpretation otherwise unchanged
H1|LOCKED_SETTING_SUPPORT|banglaclick:twitter|ebm|137,ESTIMABLE,ESTIMABLE,,,,,,,True,True,CONCORDANT,canonical interpretation unchanged
H1|AUROC_DROP|banglaclick:twitter|ebm|2718,ESTIMABLE,ESTIMABLE,0.1190208308345545,0.1190208308345545,"[0.056222513753627405, 0.1774753728229037]","[0.04961122286412003, 0.18770726367100013]",,,True,True,UNCERTAINTY_WIDENED_INTERPRETATION_UNCHANGED,sensitivity CI is wider; interpretation otherwise unchanged
H1|NLL_RELATIVE_CHANGE|banglaclick:twitter|ebm|2718,ESTIMABLE,ESTIMABLE,0.8565616003730915,0.8565616003730915,"[0.6774598004233586, 1.052349798786946]","[0.6110886661174042, 1.2649278968843056]",,,True,True,UNCERTAINTY_WIDENED_INTERPRETATION_UNCHANGED,sensitivity CI is wider; interpretation otherwise unchanged
H1|BALANCED_BRIER_RELATIVE_CHANGE|banglaclick:twitter|ebm|2718,ESTIMABLE,ESTIMABLE,0.2094047820787647,0.2094047820787647,"[0.09221353613989723, 0.32815887467849014]","[0.07561843223288632, 0.3698643650630865]",,,True,True,UNCERTAINTY_WIDENED_INTERPRETATION_UNCHANGED,sensitivity CI is wider; interpretation otherwise unchanged
H1|LOCKED_SETTING_SUPPORT|banglaclick:twitter|ebm|2718,ESTIMABLE,ESTIMABLE,,,,,,,True,True,CONCORDANT,canonical interpretation unchanged
H1|AUROC_DROP|banglaclick:twitter|ebm|31415,ESTIMABLE,ESTIMABLE,0.11879427875033988,0.11879427875033988,"[0.059082394370008465, 0.17763940095348968]","[0.04951604985048594, 0.18845941951783884]",,,True,True,UNCERTAINTY_WIDENED_INTERPRETATION_UNCHANGED,sensitivity CI is wider; interpretation otherwise unchanged
H1|NLL_RELATIVE_CHANGE|banglaclick:twitter|ebm|31415,ESTIMABLE,ESTIMABLE,0.8562602279712995,0.8562602279712995,"[0.6749021557691809, 1.0525059401598755]","[0.6046186924327828, 1.2569598239354343]",,,True,True,UNCERTAINTY_WIDENED_INTERPRETATION_UNCHANGED,sensitivity CI is wider; interpretation otherwise unchanged
H1|BALANCED_BRIER_RELATIVE_CHANGE|banglaclick:twitter|ebm|31415,ESTIMABLE,ESTIMABLE,0.2095904530024901,0.2095904530024901,"[0.09412309822926057, 0.32702728896262095]","[0.0773638693414533, 0.37829387188839414]",,,True,True,UNCERTAINTY_WIDENED_INTERPRETATION_UNCHANGED,sensitivity CI is wider; interpretation otherwise unchanged
H1|LOCKED_SETTING_SUPPORT|banglaclick:twitter|ebm|31415,ESTIMABLE,ESTIMABLE,,,,,,,True,True,CONCORDANT,canonical interpretation unchanged
H1|AUROC_DROP|banglaclick:twitter|ebm|65537,ESTIMABLE,ESTIMABLE,0.11917066259388986,0.11917066259388986,"[0.058143171584675954, 0.17844037510081487]","[0.04916303702756206, 0.18867598013901965]",,,True,True,UNCERTAINTY_WIDENED_INTERPRETATION_UNCHANGED,sensitivity CI is wider; interpretation otherwise unchanged
H1|NLL_RELATIVE_CHANGE|banglaclick:twitter|ebm|65537,ESTIMABLE,ESTIMABLE,0.8555826942841904,0.8555826942841904,"[0.6667024500155181, 1.0466287776343113]","[0.6051274982184622, 1.2411707993276575]",,,True,True,UNCERTAINTY_WIDENED_INTERPRETATION_UNCHANGED,sensitivity CI is wider; interpretation otherwise unchanged
H1|BALANCED_BRIER_RELATIVE_CHANGE|banglaclick:twitter|ebm|65537,ESTIMABLE,ESTIMABLE,0.20957752549053238,0.20957752549053238,"[0.09167835649627677, 0.3270723221566615]","[0.07438969169255222, 0.371734283100891]",,,True,True,UNCERTAINTY_WIDENED_INTERPRETATION_UNCHANGED,sensitivity CI is wider; interpretation otherwise unchanged
H1|LOCKED_SETTING_SUPPORT|banglaclick:twitter|ebm|65537,ESTIMABLE,ESTIMABLE,,,,,,,True,True,CONCORDANT,canonical interpretation unchanged
H1|AUROC_DROP|banglaclick:twitter|tfidf_lr|42,ESTIMABLE,ESTIMABLE,0.1976176294318901,0.1976176294318901,"[0.14385379403755677, 0.25716318212764583]","[0.12445255934300237, 0.2763308380259137]",,,True,True,UNCERTAINTY_WIDENED_INTERPRETATION_UNCHANGED,sensitivity CI is wider; interpretation otherwise unchanged
H1|NLL_RELATIVE_CHANGE|banglaclick:twitter|tfidf_lr|42,ESTIMABLE,ESTIMABLE,1.788695760345551,1.788695760345551,"[1.5132814057620225, 2.0699353504889912]","[1.384842232613402, 2.4500471739126186]",,,True,True,UNCERTAINTY_WIDENED_INTERPRETATION_UNCHANGED,sensitivity CI is wider; interpretation otherwise unchanged
H1|BALANCED_BRIER_RELATIVE_CHANGE|banglaclick:twitter|tfidf_lr|42,ESTIMABLE,ESTIMABLE,0.6550315304161868,0.6550315304161868,"[0.5536238849036125, 0.7631554666533696]","[0.45955666015653973, 0.9003382975815645]",,,True,True,UNCERTAINTY_WIDENED_INTERPRETATION_UNCHANGED,sensitivity CI is wider; interpretation otherwise unchanged
H1|LOCKED_SETTING_SUPPORT|banglaclick:twitter|tfidf_lr|42,ESTIMABLE,ESTIMABLE,,,,,,,True,True,CONCORDANT,canonical interpretation unchanged
H1|AUROC_DROP|banglaclick:twitter|tfidf_lr|137,ESTIMABLE,ESTIMABLE,0.1976176294318901,0.1976176294318901,"[0.1438959594667077, 0.25671248415591036]","[0.12514518412532036, 0.27664259070631747]",,,True,True,UNCERTAINTY_WIDENED_INTERPRETATION_UNCHANGED,sensitivity CI is wider; interpretation otherwise unchanged
H1|NLL_RELATIVE_CHANGE|banglaclick:twitter|tfidf_lr|137,ESTIMABLE,ESTIMABLE,1.788695760345551,1.788695760345551,"[1.504383805727797, 2.081156606403172]","[1.3803064081421414, 2.4882602943505248]",,,True,True,UNCERTAINTY_WIDENED_INTERPRETATION_UNCHANGED,sensitivity CI is wider; interpretation otherwise unchanged
H1|BALANCED_BRIER_RELATIVE_CHANGE|banglaclick:twitter|tfidf_lr|137,ESTIMABLE,ESTIMABLE,0.6550315304161868,0.6550315304161868,"[0.5552289020085085, 0.7633869181436354]","[0.46063412260622844, 0.9047125050843337]",,,True,True,UNCERTAINTY_WIDENED_INTERPRETATION_UNCHANGED,sensitivity CI is wider; interpretation otherwise unchanged
H1|LOCKED_SETTING_SUPPORT|banglaclick:twitter|tfidf_lr|137,ESTIMABLE,ESTIMABLE,,,,,,,True,True,CONCORDANT,canonical interpretation unchanged
H1|AUROC_DROP|banglaclick:twitter|tfidf_lr|2718,ESTIMABLE,ESTIMABLE,0.1976176294318901,0.1976176294318901,"[0.14382763915076283, 0.2563609230274619]","[0.1256561044659612, 0.27698105000833]",,,True,True,UNCERTAINTY_WIDENED_INTERPRETATION_UNCHANGED,sensitivity CI is wider; interpretation otherwise unchanged
H1|NLL_RELATIVE_CHANGE|banglaclick:twitter|tfidf_lr|2718,ESTIMABLE,ESTIMABLE,1.788695760345551,1.788695760345551,"[1.5080551041138766, 2.0824665214899145]","[1.3839847633821292, 2.4616632900853914]",,,True,True,UNCERTAINTY_WIDENED_INTERPRETATION_UNCHANGED,sensitivity CI is wider; interpretation otherwise unchanged
H1|BALANCED_BRIER_RELATIVE_CHANGE|banglaclick:twitter|tfidf_lr|2718,ESTIMABLE,ESTIMABLE,0.6550315304161868,0.6550315304161868,"[0.5492616865808114, 0.7678463801823]","[0.46232388298004684, 0.8974453057678057]",,,True,True,UNCERTAINTY_WIDENED_INTERPRETATION_UNCHANGED,sensitivity CI is wider; interpretation otherwise unchanged
H1|LOCKED_SETTING_SUPPORT|banglaclick:twitter|tfidf_lr|2718,ESTIMABLE,ESTIMABLE,,,,,,,True,True,CONCORDANT,canonical interpretation unchanged
H1|AUROC_DROP|banglaclick:twitter|tfidf_lr|31415,ESTIMABLE,ESTIMABLE,0.1976176294318901,0.1976176294318901,"[0.14060452630113826, 0.2563258265541166]","[0.12369761978082197, 0.2756283908486509]",,,True,True,UNCERTAINTY_WIDENED_INTERPRETATION_UNCHANGED,sensitivity CI is wider; interpretation otherwise unchanged
H1|NLL_RELATIVE_CHANGE|banglaclick:twitter|tfidf_lr|31415,ESTIMABLE,ESTIMABLE,1.788695760345551,1.788695760345551,"[1.5045424962539826, 2.076906388977966]","[1.3846753955397095, 2.512471215862208]",,,True,True,UNCERTAINTY_WIDENED_INTERPRETATION_UNCHANGED,sensitivity CI is wider; interpretation otherwise unchanged
H1|BALANCED_BRIER_RELATIVE_CHANGE|banglaclick:twitter|tfidf_lr|31415,ESTIMABLE,ESTIMABLE,0.6550315304161868,0.6550315304161868,"[0.5518486187821988, 0.7632495524637984]","[0.46263473413983947, 0.8919698455473909]",,,True,True,UNCERTAINTY_WIDENED_INTERPRETATION_UNCHANGED,sensitivity CI is wider; interpretation otherwise unchanged
H1|LOCKED_SETTING_SUPPORT|banglaclick:twitter|tfidf_lr|31415,ESTIMABLE,ESTIMABLE,,,,,,,True,True,CONCORDANT,canonical interpretation unchanged
H1|AUROC_DROP|banglaclick:twitter|tfidf_lr|65537,ESTIMABLE,ESTIMABLE,0.1976176294318901,0.1976176294318901,"[0.14332129627090304, 0.2580068241484666]","[0.1253350388006069, 0.2778427935195506]",,,True,True,UNCERTAINTY_WIDENED_INTERPRETATION_UNCHANGED,sensitivity CI is wider; interpretation otherwise unchanged
H1|NLL_RELATIVE_CHANGE|banglaclick:twitter|tfidf_lr|65537,ESTIMABLE,ESTIMABLE,1.788695760345551,1.788695760345551,"[1.4921828517792628, 2.0907607220479525]","[1.3669981676240541, 2.4758327966106246]",,,True,True,UNCERTAINTY_WIDENED_INTERPRETATION_UNCHANGED,sensitivity CI is wider; interpretation otherwise unchanged
H1|BALANCED_BRIER_RELATIVE_CHANGE|banglaclick:twitter|tfidf_lr|65537,ESTIMABLE,ESTIMABLE,0.6550315304161868,0.6550315304161868,"[0.551750096081108, 0.7625623174248035]","[0.46201124246850994, 0.8945304718288696]",,,True,True,UNCERTAINTY_WIDENED_INTERPRETATION_UNCHANGED,sensitivity CI is wider; interpretation otherwise unchanged
H1|LOCKED_SETTING_SUPPORT|banglaclick:twitter|tfidf_lr|65537,ESTIMABLE,ESTIMABLE,,,,,,,True,True,CONCORDANT,canonical interpretation unchanged
H1|AUROC_DROP|banglaclick:twitter|xlmr|42,ESTIMABLE,ESTIMABLE,0.2236560574430343,0.2236560574430343,"[0.17102991068243015, 0.27964274979572734]","[0.16191805027248315, 0.2884143662521738]",,,True,True,UNCERTAINTY_WIDENED_INTERPRETATION_UNCHANGED,sensitivity CI is wider; interpretation otherwise unchanged
H1|NLL_RELATIVE_CHANGE|banglaclick:twitter|xlmr|42,ESTIMABLE,ESTIMABLE,1.815831397397738,1.815831397397738,"[1.5188931416164375, 2.134694004514589]","[1.41169926737136, 2.4874296636153006]",,,True,True,UNCERTAINTY_WIDENED_INTERPRETATION_UNCHANGED,sensitivity CI is wider; interpretation otherwise unchanged
H1|BALANCED_BRIER_RELATIVE_CHANGE|banglaclick:twitter|xlmr|42,ESTIMABLE,ESTIMABLE,0.8308807209029505,0.8308807209029505,"[0.6767547551350667, 0.9933960436876001]","[0.6113489104300448, 1.0976024595190212]",,,True,True,UNCERTAINTY_WIDENED_INTERPRETATION_UNCHANGED,sensitivity CI is wider; interpretation otherwise unchanged
H1|LOCKED_SETTING_SUPPORT|banglaclick:twitter|xlmr|42,ESTIMABLE,ESTIMABLE,,,,,,,True,True,CONCORDANT,canonical interpretation unchanged
H1|AUROC_DROP|banglaclick:twitter|xlmr|137,ESTIMABLE,ESTIMABLE,0.23756713082758063,0.23756713082758063,"[0.18620898324508323, 0.29277261845159575]","[0.17850710007995843, 0.30437579680123106]",,,True,True,UNCERTAINTY_WIDENED_INTERPRETATION_UNCHANGED,sensitivity CI is wider; interpretation otherwise unchanged
H1|NLL_RELATIVE_CHANGE|banglaclick:twitter|xlmr|137,ESTIMABLE,ESTIMABLE,2.0709653360789853,2.0709653360789853,"[1.7480712907926217, 2.411029436470403]","[1.6231725081242006, 2.832977053530028]",,,True,True,UNCERTAINTY_WIDENED_INTERPRETATION_UNCHANGED,sensitivity CI is wider; interpretation otherwise unchanged
H1|BALANCED_BRIER_RELATIVE_CHANGE|banglaclick:twitter|xlmr|137,ESTIMABLE,ESTIMABLE,0.9722732619686214,0.9722732619686214,"[0.8126631051572014, 1.1430474203466443]","[0.7430490021922471, 1.2657780138444712]",,,True,True,UNCERTAINTY_WIDENED_INTERPRETATION_UNCHANGED,sensitivity CI is wider; interpretation otherwise unchanged
H1|LOCKED_SETTING_SUPPORT|banglaclick:twitter|xlmr|137,ESTIMABLE,ESTIMABLE,,,,,,,True,True,CONCORDANT,canonical interpretation unchanged
H1|AUROC_DROP|banglaclick:twitter|xlmr|2718,ESTIMABLE,ESTIMABLE,0.23801531846415136,0.23801531846415136,"[0.18030700444416473, 0.296781752603906]","[0.17218445921601036, 0.308633221158999]",,,True,True,UNCERTAINTY_WIDENED_INTERPRETATION_UNCHANGED,sensitivity CI is wider; interpretation otherwise unchanged
H1|NLL_RELATIVE_CHANGE|banglaclick:twitter|xlmr|2718,ESTIMABLE,ESTIMABLE,1.834187628388379,1.834187628388379,"[1.5290113739654245, 2.1477633050367677]","[1.4034483335696462, 2.5631296333283964]",,,True,True,UNCERTAINTY_WIDENED_INTERPRETATION_UNCHANGED,sensitivity CI is wider; interpretation otherwise unchanged
H1|BALANCED_BRIER_RELATIVE_CHANGE|banglaclick:twitter|xlmr|2718,ESTIMABLE,ESTIMABLE,0.9062583523209005,0.9062583523209005,"[0.7352510250956731, 1.080242868844531]","[0.6792691532717084, 1.2081573550820153]",,,True,True,UNCERTAINTY_WIDENED_INTERPRETATION_UNCHANGED,sensitivity CI is wider; interpretation otherwise unchanged
H1|LOCKED_SETTING_SUPPORT|banglaclick:twitter|xlmr|2718,ESTIMABLE,ESTIMABLE,,,,,,,True,True,CONCORDANT,canonical interpretation unchanged
H1|AUROC_DROP|banglaclick:twitter|xlmr|31415,ESTIMABLE,ESTIMABLE,0.2091374401996361,0.2091374401996361,"[0.1575757193726842, 0.26779884067812004]","[0.14601382392575002, 0.2794549228812512]",,,True,True,UNCERTAINTY_WIDENED_INTERPRETATION_UNCHANGED,sensitivity CI is wider; interpretation otherwise unchanged
H1|NLL_RELATIVE_CHANGE|banglaclick:twitter|xlmr|31415,ESTIMABLE,ESTIMABLE,1.7664943663981127,1.7664943663981127,"[1.4776099250826225, 2.0550298116948573]","[1.3633570603346759, 2.4327109409106]",,,True,True,UNCERTAINTY_WIDENED_INTERPRETATION_UNCHANGED,sensitivity CI is wider; interpretation otherwise unchanged
H1|BALANCED_BRIER_RELATIVE_CHANGE|banglaclick:twitter|xlmr|31415,ESTIMABLE,ESTIMABLE,0.8691122859491919,0.8691122859491919,"[0.7158138294153156, 1.0337899220114815]","[0.6481554443898896, 1.1593631300238938]",,,True,True,UNCERTAINTY_WIDENED_INTERPRETATION_UNCHANGED,sensitivity CI is wider; interpretation otherwise unchanged
H1|LOCKED_SETTING_SUPPORT|banglaclick:twitter|xlmr|31415,ESTIMABLE,ESTIMABLE,,,,,,,True,True,CONCORDANT,canonical interpretation unchanged
H1|AUROC_DROP|banglaclick:twitter|xlmr|65537,ESTIMABLE,ESTIMABLE,0.2223253969980492,0.2223253969980492,"[0.1672519749501805, 0.2820055062331561]","[0.15822662188205402, 0.29444714017583296]",,,True,True,UNCERTAINTY_WIDENED_INTERPRETATION_UNCHANGED,sensitivity CI is wider; interpretation otherwise unchanged
H1|NLL_RELATIVE_CHANGE|banglaclick:twitter|xlmr|65537,ESTIMABLE,ESTIMABLE,1.7223333243884626,1.7223333243884626,"[1.4308503546503182, 2.0213985307039195]","[1.3374685626010028, 2.3435200981922963]",,,True,True,UNCERTAINTY_WIDENED_INTERPRETATION_UNCHANGED,sensitivity CI is wider; interpretation otherwise unchanged
H1|BALANCED_BRIER_RELATIVE_CHANGE|banglaclick:twitter|xlmr|65537,ESTIMABLE,ESTIMABLE,0.8918756864781917,0.8918756864781917,"[0.7236331519394421, 1.0697429525179105]","[0.6489735378228366, 1.1909191963746868]",,,True,True,UNCERTAINTY_WIDENED_INTERPRETATION_UNCHANGED,sensitivity CI is wider; interpretation otherwise unchanged
H1|LOCKED_SETTING_SUPPORT|banglaclick:twitter|xlmr|65537,ESTIMABLE,ESTIMABLE,,,,,,,True,True,CONCORDANT,canonical interpretation unchanged
H1|AUROC_DROP|baitbuster:youtube_human|banglabert|42,NON_ESTIMABLE,NON_ESTIMABLE,-0.07248877095661244,-0.07248877095661244,,,,,False,False,CONCORDANT,canonical interpretation unchanged
H1|NLL_RELATIVE_CHANGE|baitbuster:youtube_human|banglabert|42,ESTIMABLE,ESTIMABLE,0.2808990037269481,0.2808990037269481,"[-0.5950175215822374, 1.3125597135414677]","[-0.6069572860304068, 1.446484916079937]",,,True,True,UNCERTAINTY_WIDENED_INTERPRETATION_UNCHANGED,sensitivity CI is wider; interpretation otherwise unchanged
H1|BALANCED_BRIER_RELATIVE_CHANGE|baitbuster:youtube_human|banglabert|42,NON_ESTIMABLE,NON_ESTIMABLE,0.020203221126451964,0.020203221126451964,,,,,False,False,CONCORDANT,canonical interpretation unchanged
H1|LOCKED_SETTING_SUPPORT|baitbuster:youtube_human|banglabert|42,NON_ESTIMABLE_UNDER_LOCKED_BOOTSTRAP,NON_ESTIMABLE,,,,,,,False,False,CONCORDANT,canonical interpretation unchanged
H1|AUROC_DROP|baitbuster:youtube_human|banglabert|137,NON_ESTIMABLE,NON_ESTIMABLE,-0.05967986378953272,-0.05967986378953272,,,,,False,False,CONCORDANT,canonical interpretation unchanged
H1|NLL_RELATIVE_CHANGE|baitbuster:youtube_human|banglabert|137,ESTIMABLE,ESTIMABLE,0.40956822597599835,0.40956822597599835,"[-0.5912749221917587, 1.4909489513639589]","[-0.6058077118654348, 1.68074691955508]",,,True,True,UNCERTAINTY_WIDENED_INTERPRETATION_UNCHANGED,sensitivity CI is wider; interpretation otherwise unchanged
H1|BALANCED_BRIER_RELATIVE_CHANGE|baitbuster:youtube_human|banglabert|137,NON_ESTIMABLE,NON_ESTIMABLE,0.1004876032591869,0.1004876032591869,,,,,False,False,CONCORDANT,canonical interpretation unchanged
H1|LOCKED_SETTING_SUPPORT|baitbuster:youtube_human|banglabert|137,NON_ESTIMABLE_UNDER_LOCKED_BOOTSTRAP,NON_ESTIMABLE,,,,,,,False,False,CONCORDANT,canonical interpretation unchanged
H1|AUROC_DROP|baitbuster:youtube_human|banglabert|2718,NON_ESTIMABLE,NON_ESTIMABLE,-0.06699978995288292,-0.06699978995288292,,,,,False,False,CONCORDANT,canonical interpretation unchanged
H1|NLL_RELATIVE_CHANGE|baitbuster:youtube_human|banglabert|2718,ESTIMABLE,ESTIMABLE,0.36753009918676754,0.36753009918676754,"[-0.5888837345190294, 1.4893077142948576]","[-0.5798966078516267, 1.5749095716853243]",,,True,True,UNCERTAINTY_WIDENED_INTERPRETATION_UNCHANGED,sensitivity CI is wider; interpretation otherwise unchanged
H1|BALANCED_BRIER_RELATIVE_CHANGE|baitbuster:youtube_human|banglabert|2718,NON_ESTIMABLE,NON_ESTIMABLE,0.0561538722985117,0.0561538722985117,,,,,False,False,CONCORDANT,canonical interpretation unchanged
H1|LOCKED_SETTING_SUPPORT|baitbuster:youtube_human|banglabert|2718,NON_ESTIMABLE_UNDER_LOCKED_BOOTSTRAP,NON_ESTIMABLE,,,,,,,False,False,CONCORDANT,canonical interpretation unchanged
H1|AUROC_DROP|baitbuster:youtube_human|banglabert|31415,NON_ESTIMABLE,NON_ESTIMABLE,-0.0809570702666168,-0.0809570702666168,,,,,False,False,CONCORDANT,canonical interpretation unchanged
H1|NLL_RELATIVE_CHANGE|baitbuster:youtube_human|banglabert|31415,ESTIMABLE,ESTIMABLE,0.2650535804572767,0.2650535804572767,"[-0.5975146279256274, 1.2675075393358237]","[-0.5946718492710005, 1.3892204930079115]",,,True,True,UNCERTAINTY_WIDENED_INTERPRETATION_UNCHANGED,sensitivity CI is wider; interpretation otherwise unchanged
H1|BALANCED_BRIER_RELATIVE_CHANGE|baitbuster:youtube_human|banglabert|31415,NON_ESTIMABLE,NON_ESTIMABLE,0.006794938845452389,0.006794938845452389,,,,,False,False,CONCORDANT,canonical interpretation unchanged
H1|LOCKED_SETTING_SUPPORT|baitbuster:youtube_human|banglabert|31415,NON_ESTIMABLE_UNDER_LOCKED_BOOTSTRAP,NON_ESTIMABLE,,,,,,,False,False,CONCORDANT,canonical interpretation unchanged
H1|AUROC_DROP|baitbuster:youtube_human|banglabert|65537,NON_ESTIMABLE,NON_ESTIMABLE,-0.0624522201340314,-0.0624522201340314,,,,,False,False,CONCORDANT,canonical interpretation unchanged
H1|NLL_RELATIVE_CHANGE|baitbuster:youtube_human|banglabert|65537,ESTIMABLE,ESTIMABLE,0.20851769128116981,0.20851769128116981,"[-0.5654133046875519, 1.0045207834497647]","[-0.5619078611640448, 1.1767072030558319]",,,True,True,UNCERTAINTY_WIDENED_INTERPRETATION_UNCHANGED,sensitivity CI is wider; interpretation otherwise unchanged
H1|BALANCED_BRIER_RELATIVE_CHANGE|baitbuster:youtube_human|banglabert|65537,NON_ESTIMABLE,NON_ESTIMABLE,-0.06742160480437644,-0.06742160480437644,,,,,False,False,CONCORDANT,canonical interpretation unchanged
H1|LOCKED_SETTING_SUPPORT|baitbuster:youtube_human|banglabert|65537,NON_ESTIMABLE_UNDER_LOCKED_BOOTSTRAP,NON_ESTIMABLE,,,,,,,False,False,CONCORDANT,canonical interpretation unchanged
H1|AUROC_DROP|baitbuster:youtube_human|ebm|42,NON_ESTIMABLE,NON_ESTIMABLE,-0.20116710688581485,-0.20116710688581485,,,,,False,False,CONCORDANT,canonical interpretation unchanged
H1|NLL_RELATIVE_CHANGE|baitbuster:youtube_human|ebm|42,ESTIMABLE,ESTIMABLE,-0.14616906751524283,-0.14616906751524283,"[-0.6581191457895124, 0.5957632995528067]","[-0.6457821524322666, 0.6250864703828938]",,,True,True,UNCERTAINTY_WIDENED_INTERPRETATION_UNCHANGED,sensitivity CI is wider; interpretation otherwise unchanged
H1|BALANCED_BRIER_RELATIVE_CHANGE|baitbuster:youtube_human|ebm|42,NON_ESTIMABLE,NON_ESTIMABLE,-0.37948708837774564,-0.37948708837774564,,,,,False,False,CONCORDANT,canonical interpretation unchanged
H1|LOCKED_SETTING_SUPPORT|baitbuster:youtube_human|ebm|42,NON_ESTIMABLE_UNDER_LOCKED_BOOTSTRAP,NON_ESTIMABLE,,,,,,,False,False,CONCORDANT,canonical interpretation unchanged
H1|AUROC_DROP|baitbuster:youtube_human|ebm|137,NON_ESTIMABLE,NON_ESTIMABLE,-0.20085024603198642,-0.20085024603198642,,,,,False,False,CONCORDANT,canonical interpretation unchanged
H1|NLL_RELATIVE_CHANGE|baitbuster:youtube_human|ebm|137,ESTIMABLE,ESTIMABLE,-0.14606224566359738,-0.14606224566359738,"[-0.6565967060663044, 0.594781743097905]","[-0.6478070775849183, 0.6215878833391504]",,,True,True,UNCERTAINTY_WIDENED_INTERPRETATION_UNCHANGED,sensitivity CI is wider; interpretation otherwise unchanged
H1|BALANCED_BRIER_RELATIVE_CHANGE|baitbuster:youtube_human|ebm|137,NON_ESTIMABLE,NON_ESTIMABLE,-0.37943165112933014,-0.37943165112933014,,,,,False,False,CONCORDANT,canonical interpretation unchanged
H1|LOCKED_SETTING_SUPPORT|baitbuster:youtube_human|ebm|137,NON_ESTIMABLE_UNDER_LOCKED_BOOTSTRAP,NON_ESTIMABLE,,,,,,,False,False,CONCORDANT,canonical interpretation unchanged
H1|AUROC_DROP|baitbuster:youtube_human|ebm|2718,NON_ESTIMABLE,NON_ESTIMABLE,-0.20100281829922317,-0.20100281829922317,,,,,False,False,CONCORDANT,canonical interpretation unchanged
H1|NLL_RELATIVE_CHANGE|baitbuster:youtube_human|ebm|2718,ESTIMABLE,ESTIMABLE,-0.14529872380515227,-0.14529872380515227,"[-0.6495498372415045, 0.602459431109527]","[-0.6665195122248317, 0.6163246215693918]",,,True,True,UNCERTAINTY_WIDENED_INTERPRETATION_UNCHANGED,sensitivity CI is wider; interpretation otherwise unchanged
H1|BALANCED_BRIER_RELATIVE_CHANGE|baitbuster:youtube_human|ebm|2718,NON_ESTIMABLE,NON_ESTIMABLE,-0.3787689091832942,-0.3787689091832942,,,,,False,False,CONCORDANT,canonical interpretation unchanged
H1|LOCKED_SETTING_SUPPORT|baitbuster:youtube_human|ebm|2718,NON_ESTIMABLE_UNDER_LOCKED_BOOTSTRAP,NON_ESTIMABLE,,,,,,,False,False,CONCORDANT,canonical interpretation unchanged
H1|AUROC_DROP|baitbuster:youtube_human|ebm|31415,NON_ESTIMABLE,NON_ESTIMABLE,-0.2012384021654633,-0.2012384021654633,,,,,False,False,CONCORDANT,canonical interpretation unchanged
H1|NLL_RELATIVE_CHANGE|baitbuster:youtube_human|ebm|31415,ESTIMABLE,ESTIMABLE,-0.14597592759910208,-0.14597592759910208,"[-0.6469344220492178, 0.5984385994407533]","[-0.6715706034945513, 0.6330507710182198]",,,True,True,UNCERTAINTY_WIDENED_INTERPRETATION_UNCHANGED,sensitivity CI is wider; interpretation otherwise unchanged
H1|BALANCED_BRIER_RELATIVE_CHANGE|baitbuster:youtube_human|ebm|31415,NON_ESTIMABLE,NON_ESTIMABLE,-0.37934834964466163,-0.37934834964466163,,,,,False,False,CONCORDANT,canonical interpretation unchanged
H1|LOCKED_SETTING_SUPPORT|baitbuster:youtube_human|ebm|31415,NON_ESTIMABLE_UNDER_LOCKED_BOOTSTRAP,NON_ESTIMABLE,,,,,,,False,False,CONCORDANT,canonical interpretation unchanged
H1|AUROC_DROP|baitbuster:youtube_human|ebm|65537,NON_ESTIMABLE,NON_ESTIMABLE,-0.20092008603418487,-0.20092008603418487,,,,,False,False,CONCORDANT,canonical interpretation unchanged
H1|NLL_RELATIVE_CHANGE|baitbuster:youtube_human|ebm|65537,ESTIMABLE,ESTIMABLE,-0.14536947867640332,-0.14536947867640332,"[-0.6672989928244402, 0.6161869935396845]","[-0.6530552509339279, 0.6230514483316164]",,,True,True,CONCORDANT,canonical interpretation unchanged
H1|BALANCED_BRIER_RELATIVE_CHANGE|baitbuster:youtube_human|ebm|65537,NON_ESTIMABLE,NON_ESTIMABLE,-0.3787647615175663,-0.3787647615175663,,,,,False,False,CONCORDANT,canonical interpretation unchanged
H1|LOCKED_SETTING_SUPPORT|baitbuster:youtube_human|ebm|65537,NON_ESTIMABLE_UNDER_LOCKED_BOOTSTRAP,NON_ESTIMABLE,,,,,,,False,False,CONCORDANT,canonical interpretation unchanged
H1|AUROC_DROP|baitbuster:youtube_human|tfidf_lr|42,NON_ESTIMABLE,NON_ESTIMABLE,-0.03807333551149783,-0.03807333551149783,,,,,False,False,CONCORDANT,canonical interpretation unchanged
H1|NLL_RELATIVE_CHANGE|baitbuster:youtube_human|tfidf_lr|42,ESTIMABLE,ESTIMABLE,0.3922105052380073,0.3922105052380073,"[-0.5392962113327123, 1.4738866253264922]","[-0.5546141592092608, 1.6216562745094971]",,,True,True,UNCERTAINTY_WIDENED_INTERPRETATION_UNCHANGED,sensitivity CI is wider; interpretation otherwise unchanged
H1|BALANCED_BRIER_RELATIVE_CHANGE|baitbuster:youtube_human|tfidf_lr|42,NON_ESTIMABLE,NON_ESTIMABLE,0.037540777187236155,0.037540777187236155,,,,,False,False,CONCORDANT,canonical interpretation unchanged
H1|LOCKED_SETTING_SUPPORT|baitbuster:youtube_human|tfidf_lr|42,NON_ESTIMABLE_UNDER_LOCKED_BOOTSTRAP,NON_ESTIMABLE,,,,,,,False,False,CONCORDANT,canonical interpretation unchanged
H1|AUROC_DROP|baitbuster:youtube_human|tfidf_lr|137,NON_ESTIMABLE,NON_ESTIMABLE,-0.03807333551149783,-0.03807333551149783,,,,,False,False,CONCORDANT,canonical interpretation unchanged
H1|NLL_RELATIVE_CHANGE|baitbuster:youtube_human|tfidf_lr|137,ESTIMABLE,ESTIMABLE,0.3922105052380073,0.3922105052380073,"[-0.5251436296612354, 1.4698756745709272]","[-0.5247057735254329, 1.6067508552766239]",,,True,True,UNCERTAINTY_WIDENED_INTERPRETATION_UNCHANGED,sensitivity CI is wider; interpretation otherwise unchanged
H1|BALANCED_BRIER_RELATIVE_CHANGE|baitbuster:youtube_human|tfidf_lr|137,NON_ESTIMABLE,NON_ESTIMABLE,0.037540777187236155,0.037540777187236155,,,,,False,False,CONCORDANT,canonical interpretation unchanged
H1|LOCKED_SETTING_SUPPORT|baitbuster:youtube_human|tfidf_lr|137,NON_ESTIMABLE_UNDER_LOCKED_BOOTSTRAP,NON_ESTIMABLE,,,,,,,False,False,CONCORDANT,canonical interpretation unchanged
H1|AUROC_DROP|baitbuster:youtube_human|tfidf_lr|2718,NON_ESTIMABLE,NON_ESTIMABLE,-0.03807333551149783,-0.03807333551149783,,,,,False,False,CONCORDANT,canonical interpretation unchanged
H1|NLL_RELATIVE_CHANGE|baitbuster:youtube_human|tfidf_lr|2718,ESTIMABLE,ESTIMABLE,0.3922105052380073,0.3922105052380073,"[-0.4830873007635559, 1.4670474630745358]","[-0.5387772663718998, 1.591708221849256]",,,True,True,UNCERTAINTY_WIDENED_INTERPRETATION_UNCHANGED,sensitivity CI is wider; interpretation otherwise unchanged
H1|BALANCED_BRIER_RELATIVE_CHANGE|baitbuster:youtube_human|tfidf_lr|2718,NON_ESTIMABLE,NON_ESTIMABLE,0.037540777187236155,0.037540777187236155,,,,,False,False,CONCORDANT,canonical interpretation unchanged
H1|LOCKED_SETTING_SUPPORT|baitbuster:youtube_human|tfidf_lr|2718,NON_ESTIMABLE_UNDER_LOCKED_BOOTSTRAP,NON_ESTIMABLE,,,,,,,False,False,CONCORDANT,canonical interpretation unchanged
H1|AUROC_DROP|baitbuster:youtube_human|tfidf_lr|31415,NON_ESTIMABLE,NON_ESTIMABLE,-0.03807333551149783,-0.03807333551149783,,,,,False,False,CONCORDANT,canonical interpretation unchanged
H1|NLL_RELATIVE_CHANGE|baitbuster:youtube_human|tfidf_lr|31415,ESTIMABLE,ESTIMABLE,0.3922105052380073,0.3922105052380073,"[-0.5431908125572822, 1.5012691025621339]","[-0.5322621837073556, 1.6052609041488342]",,,True,True,UNCERTAINTY_WIDENED_INTERPRETATION_UNCHANGED,sensitivity CI is wider; interpretation otherwise unchanged
H1|BALANCED_BRIER_RELATIVE_CHANGE|baitbuster:youtube_human|tfidf_lr|31415,NON_ESTIMABLE,NON_ESTIMABLE,0.037540777187236155,0.037540777187236155,,,,,False,False,CONCORDANT,canonical interpretation unchanged
H1|LOCKED_SETTING_SUPPORT|baitbuster:youtube_human|tfidf_lr|31415,NON_ESTIMABLE_UNDER_LOCKED_BOOTSTRAP,NON_ESTIMABLE,,,,,,,False,False,CONCORDANT,canonical interpretation unchanged
H1|AUROC_DROP|baitbuster:youtube_human|tfidf_lr|65537,NON_ESTIMABLE,NON_ESTIMABLE,-0.03807333551149783,-0.03807333551149783,,,,,False,False,CONCORDANT,canonical interpretation unchanged
H1|NLL_RELATIVE_CHANGE|baitbuster:youtube_human|tfidf_lr|65537,ESTIMABLE,ESTIMABLE,0.3922105052380073,0.3922105052380073,"[-0.5524261895204087, 1.4851617081369226]","[-0.5547068861762581, 1.598575409788899]",,,True,True,UNCERTAINTY_WIDENED_INTERPRETATION_UNCHANGED,sensitivity CI is wider; interpretation otherwise unchanged
H1|BALANCED_BRIER_RELATIVE_CHANGE|baitbuster:youtube_human|tfidf_lr|65537,NON_ESTIMABLE,NON_ESTIMABLE,0.037540777187236155,0.037540777187236155,,,,,False,False,CONCORDANT,canonical interpretation unchanged
H1|LOCKED_SETTING_SUPPORT|baitbuster:youtube_human|tfidf_lr|65537,NON_ESTIMABLE_UNDER_LOCKED_BOOTSTRAP,NON_ESTIMABLE,,,,,,,False,False,CONCORDANT,canonical interpretation unchanged
H1|AUROC_DROP|baitbuster:youtube_human|xlmr|42,NON_ESTIMABLE,NON_ESTIMABLE,-0.01871263753668795,-0.01871263753668795,,,,,False,False,CONCORDANT,canonical interpretation unchanged
H1|NLL_RELATIVE_CHANGE|baitbuster:youtube_human|xlmr|42,ESTIMABLE,ESTIMABLE,0.5111554412474956,0.5111554412474956,"[-0.5934617156602009, 1.6700966989829489]","[-0.5682707395436867, 1.8159392234270688]",,,True,True,UNCERTAINTY_WIDENED_INTERPRETATION_UNCHANGED,sensitivity CI is wider; interpretation otherwise unchanged
H1|BALANCED_BRIER_RELATIVE_CHANGE|baitbuster:youtube_human|xlmr|42,NON_ESTIMABLE,NON_ESTIMABLE,0.17393298210689453,0.17393298210689453,,,,,False,False,CONCORDANT,canonical interpretation unchanged
H1|LOCKED_SETTING_SUPPORT|baitbuster:youtube_human|xlmr|42,NON_ESTIMABLE_UNDER_LOCKED_BOOTSTRAP,NON_ESTIMABLE,,,,,,,False,False,CONCORDANT,canonical interpretation unchanged
H1|AUROC_DROP|baitbuster:youtube_human|xlmr|137,NON_ESTIMABLE,NON_ESTIMABLE,-0.02430828563810683,-0.02430828563810683,,,,,False,False,CONCORDANT,canonical interpretation unchanged
H1|NLL_RELATIVE_CHANGE|baitbuster:youtube_human|xlmr|137,ESTIMABLE,ESTIMABLE,0.4489247974120791,0.4489247974120791,"[-0.6293618943506711, 1.5144800324684682]","[-0.5779988453162179, 1.6829936398391638]",,,True,True,UNCERTAINTY_WIDENED_INTERPRETATION_UNCHANGED,sensitivity CI is wider; interpretation otherwise unchanged
H1|BALANCED_BRIER_RELATIVE_CHANGE|baitbuster:youtube_human|xlmr|137,NON_ESTIMABLE,NON_ESTIMABLE,0.1395225133032021,0.1395225133032021,,,,,False,False,CONCORDANT,canonical interpretation unchanged
H1|LOCKED_SETTING_SUPPORT|baitbuster:youtube_human|xlmr|137,NON_ESTIMABLE_UNDER_LOCKED_BOOTSTRAP,NON_ESTIMABLE,,,,,,,False,False,CONCORDANT,canonical interpretation unchanged
H1|AUROC_DROP|baitbuster:youtube_human|xlmr|2718,NON_ESTIMABLE,NON_ESTIMABLE,-0.04984332224509902,-0.04984332224509902,,,,,False,False,CONCORDANT,canonical interpretation unchanged
H1|NLL_RELATIVE_CHANGE|baitbuster:youtube_human|xlmr|2718,ESTIMABLE,ESTIMABLE,0.38677849714463786,0.38677849714463786,"[-0.5607398323724282, 1.366091939335966]","[-0.6075830403562087, 1.5446349171321203]",,,True,True,UNCERTAINTY_WIDENED_INTERPRETATION_UNCHANGED,sensitivity CI is wider; interpretation otherwise unchanged
H1|BALANCED_BRIER_RELATIVE_CHANGE|baitbuster:youtube_human|xlmr|2718,NON_ESTIMABLE,NON_ESTIMABLE,0.10006894862662147,0.10006894862662147,,,,,False,False,CONCORDANT,canonical interpretation unchanged
H1|LOCKED_SETTING_SUPPORT|baitbuster:youtube_human|xlmr|2718,NON_ESTIMABLE_UNDER_LOCKED_BOOTSTRAP,NON_ESTIMABLE,,,,,,,False,False,CONCORDANT,canonical interpretation unchanged
H1|AUROC_DROP|baitbuster:youtube_human|xlmr|31415,NON_ESTIMABLE,NON_ESTIMABLE,-0.036201038181475576,-0.036201038181475576,,,,,False,False,CONCORDANT,canonical interpretation unchanged
H1|NLL_RELATIVE_CHANGE|baitbuster:youtube_human|xlmr|31415,ESTIMABLE,ESTIMABLE,0.46389334640110735,0.46389334640110735,"[-0.5525442807350371, 1.475320644514703]","[-0.5267223748210655, 1.653103038671096]",,,True,True,UNCERTAINTY_WIDENED_INTERPRETATION_UNCHANGED,sensitivity CI is wider; interpretation otherwise unchanged
H1|BALANCED_BRIER_RELATIVE_CHANGE|baitbuster:youtube_human|xlmr|31415,NON_ESTIMABLE,NON_ESTIMABLE,0.17734433367823849,0.17734433367823849,,,,,False,False,CONCORDANT,canonical interpretation unchanged
H1|LOCKED_SETTING_SUPPORT|baitbuster:youtube_human|xlmr|31415,NON_ESTIMABLE_UNDER_LOCKED_BOOTSTRAP,NON_ESTIMABLE,,,,,,,False,False,CONCORDANT,canonical interpretation unchanged
H1|AUROC_DROP|baitbuster:youtube_human|xlmr|65537,NON_ESTIMABLE,NON_ESTIMABLE,-0.06516458158973626,-0.06516458158973626,,,,,False,False,CONCORDANT,canonical interpretation unchanged
H1|NLL_RELATIVE_CHANGE|baitbuster:youtube_human|xlmr|65537,ESTIMABLE,ESTIMABLE,0.2610783190570294,0.2610783190570294,"[-0.579887362303294, 1.1489595997259914]","[-0.611250908966999, 1.293441446941259]",,,True,True,UNCERTAINTY_WIDENED_INTERPRETATION_UNCHANGED,sensitivity CI is wider; interpretation otherwise unchanged
H1|BALANCED_BRIER_RELATIVE_CHANGE|baitbuster:youtube_human|xlmr|65537,NON_ESTIMABLE,NON_ESTIMABLE,0.02333519205999947,0.02333519205999947,,,,,False,False,CONCORDANT,canonical interpretation unchanged
H1|LOCKED_SETTING_SUPPORT|baitbuster:youtube_human|xlmr|65537,NON_ESTIMABLE_UNDER_LOCKED_BOOTSTRAP,NON_ESTIMABLE,,,,,,,False,False,CONCORDANT,canonical interpretation unchanged
H2|GAIN_ATTENUATION|banglaclick:news|banglabert|42,ESTIMABLE,ESTIMABLE,0.3408839333742128,0.3408839333742128,"[0.307479988176827, 0.37199274951920236]","[0.3056475498870896, 0.37506604558693324]",0.0,0.0,True,True,UNCERTAINTY_WIDENED_INTERPRETATION_UNCHANGED,sensitivity CI is wider; interpretation otherwise unchanged
H2|GAIN_ATTENUATION|banglaclick:news|banglabert|137,ESTIMABLE,ESTIMABLE,0.40931808460772234,0.40931808460772234,"[0.36805308853227614, 0.44840737290353494]","[0.3694386813818681, 0.45069820840432273]",0.0,0.0,True,True,UNCERTAINTY_WIDENED_INTERPRETATION_UNCHANGED,sensitivity CI is wider; interpretation otherwise unchanged
H2|GAIN_ATTENUATION|banglaclick:news|banglabert|2718,ESTIMABLE,ESTIMABLE,0.47053511353924155,0.47053511353924155,"[0.424113280771795, 0.5137826682665206]","[0.42345076614585514, 0.5163582731347828]",0.0,0.0,True,True,UNCERTAINTY_WIDENED_INTERPRETATION_UNCHANGED,sensitivity CI is wider; interpretation otherwise unchanged
H2|GAIN_ATTENUATION|banglaclick:news|banglabert|31415,ESTIMABLE,ESTIMABLE,0.3418944236534941,0.3418944236534941,"[0.30802352539036343, 0.3726703413201539]","[0.30691472215615423, 0.37712365581157403]",0.0,0.0,True,True,UNCERTAINTY_WIDENED_INTERPRETATION_UNCHANGED,sensitivity CI is wider; interpretation otherwise unchanged
H2|GAIN_ATTENUATION|banglaclick:news|banglabert|65537,ESTIMABLE,ESTIMABLE,0.3978431441802393,0.3978431441802393,"[0.3580126956144774, 0.43439845688969925]","[0.35671329905175614, 0.43806505275481317]",0.0,0.0,True,True,UNCERTAINTY_WIDENED_INTERPRETATION_UNCHANGED,sensitivity CI is wider; interpretation otherwise unchanged
H2|GAIN_ATTENUATION|banglaclick:news|ebm|42,ESTIMABLE,ESTIMABLE,-0.05380986405319954,-0.05380986405319954,"[-0.05892372354534042, -0.04885406938867794]","[-0.06268934876283258, -0.04637959868626804]",0.0,0.0,True,True,UNCERTAINTY_WIDENED_INTERPRETATION_UNCHANGED,sensitivity CI is wider; interpretation otherwise unchanged
H2|GAIN_ATTENUATION|banglaclick:news|ebm|137,ESTIMABLE,ESTIMABLE,-0.05386723641159408,-0.05386723641159408,"[-0.05921107002112008, -0.0486862641611618]","[-0.06270032608485566, -0.046272988502479]",0.0,0.0,True,True,UNCERTAINTY_WIDENED_INTERPRETATION_UNCHANGED,sensitivity CI is wider; interpretation otherwise unchanged
H2|GAIN_ATTENUATION|banglaclick:news|ebm|2718,ESTIMABLE,ESTIMABLE,-0.05404552840353283,-0.05404552840353283,"[-0.05929645067049952, -0.04883580746188077]","[-0.06345215521069568, -0.04678436423756851]",0.0,0.0,True,True,UNCERTAINTY_WIDENED_INTERPRETATION_UNCHANGED,sensitivity CI is wider; interpretation otherwise unchanged
H2|GAIN_ATTENUATION|banglaclick:news|ebm|31415,ESTIMABLE,ESTIMABLE,-0.054006828545033136,-0.054006828545033136,"[-0.05921017240793855, -0.048826307842189186]","[-0.06344995677245843, -0.046231051552833455]",0.0,0.0,True,True,UNCERTAINTY_WIDENED_INTERPRETATION_UNCHANGED,sensitivity CI is wider; interpretation otherwise unchanged
H2|GAIN_ATTENUATION|banglaclick:news|ebm|65537,ESTIMABLE,ESTIMABLE,-0.0537546899244965,-0.0537546899244965,"[-0.058969313586238754, -0.0484011985188708]","[-0.0628265900155741, -0.04645559510711396]",0.0,0.0,True,True,UNCERTAINTY_WIDENED_INTERPRETATION_UNCHANGED,sensitivity CI is wider; interpretation otherwise unchanged
H2|GAIN_ATTENUATION|banglaclick:news|tfidf_lr|42,ESTIMABLE,ESTIMABLE,-0.18265776028525682,-0.18265776028525682,"[-0.19948508946204593, -0.16463267602548665]","[-0.2035002425033488, -0.16244444947475556]",0.0,0.0,True,True,UNCERTAINTY_WIDENED_INTERPRETATION_UNCHANGED,sensitivity CI is wider; interpretation otherwise unchanged
H2|GAIN_ATTENUATION|banglaclick:news|tfidf_lr|137,ESTIMABLE,ESTIMABLE,-0.18265776028525682,-0.18265776028525682,"[-0.1999539833258958, -0.16388046134314518]","[-0.20374506246547344, -0.16185969090476945]",0.0,0.0,True,True,UNCERTAINTY_WIDENED_INTERPRETATION_UNCHANGED,sensitivity CI is wider; interpretation otherwise unchanged
H2|GAIN_ATTENUATION|banglaclick:news|tfidf_lr|2718,ESTIMABLE,ESTIMABLE,-0.18265776028525682,-0.18265776028525682,"[-0.1995462367204603, -0.1652329213999182]","[-0.2035478842475307, -0.16218144148334532]",0.0,0.0,True,True,UNCERTAINTY_WIDENED_INTERPRETATION_UNCHANGED,sensitivity CI is wider; interpretation otherwise unchanged
H2|GAIN_ATTENUATION|banglaclick:news|tfidf_lr|31415,ESTIMABLE,ESTIMABLE,-0.18265776028525682,-0.18265776028525682,"[-0.19979088201896197, -0.1639037962488329]","[-0.2037810686323656, -0.16274285100268246]",0.0,0.0,True,True,UNCERTAINTY_WIDENED_INTERPRETATION_UNCHANGED,sensitivity CI is wider; interpretation otherwise unchanged
H2|GAIN_ATTENUATION|banglaclick:news|tfidf_lr|65537,ESTIMABLE,ESTIMABLE,-0.18265776028525682,-0.18265776028525682,"[-0.20022538865677797, -0.16406927353371004]","[-0.20356123286317493, -0.16166783317316172]",0.0,0.0,True,True,UNCERTAINTY_WIDENED_INTERPRETATION_UNCHANGED,sensitivity CI is wider; interpretation otherwise unchanged
H2|GAIN_ATTENUATION|banglaclick:news|xlmr|42,ESTIMABLE,ESTIMABLE,0.3572986552964131,0.3572986552964131,"[0.3215320491063382, 0.3913894641944956]","[0.3203140259701408, 0.39550188953565685]",0.0,0.0,True,True,UNCERTAINTY_WIDENED_INTERPRETATION_UNCHANGED,sensitivity CI is wider; interpretation otherwise unchanged
H2|GAIN_ATTENUATION|banglaclick:news|xlmr|137,ESTIMABLE,ESTIMABLE,0.33294727693172016,0.33294727693172016,"[0.29583909268655983, 0.3677607838885765]","[0.2955883031634672, 0.3705405193858768]",0.0,0.0,True,True,UNCERTAINTY_WIDENED_INTERPRETATION_UNCHANGED,sensitivity CI is wider; interpretation otherwise unchanged
H2|GAIN_ATTENUATION|banglaclick:news|xlmr|2718,ESTIMABLE,ESTIMABLE,0.25460673122147254,0.25460673122147254,"[0.22899098226654643, 0.2793129238269195]","[0.22809927261576493, 0.2809112062964147]",0.0,0.0,True,True,UNCERTAINTY_WIDENED_INTERPRETATION_UNCHANGED,sensitivity CI is wider; interpretation otherwise unchanged
H2|GAIN_ATTENUATION|banglaclick:news|xlmr|31415,ESTIMABLE,ESTIMABLE,0.36830684433209665,0.36830684433209665,"[0.3304189374233648, 0.403968664538556]","[0.3279623029804291, 0.40877042453005374]",0.0,0.0,True,True,UNCERTAINTY_WIDENED_INTERPRETATION_UNCHANGED,sensitivity CI is wider; interpretation otherwise unchanged
H2|GAIN_ATTENUATION|banglaclick:news|xlmr|65537,ESTIMABLE,ESTIMABLE,0.3937168420920991,0.3937168420920991,"[0.3534148046547037, 0.4311155686064504]","[0.3512816747139591, 0.43486635215879116]",0.0,0.0,True,True,UNCERTAINTY_WIDENED_INTERPRETATION_UNCHANGED,sensitivity CI is wider; interpretation otherwise unchanged
H2|GAIN_ATTENUATION|banglaclick:facebook|banglabert|42,ESTIMABLE,ESTIMABLE,0.20185864350791788,0.20185864350791788,"[0.12705022767710714, 0.28099057904297814]","[0.12575005677270729, 0.2826354691783086]",0.0,0.0,True,True,UNCERTAINTY_WIDENED_INTERPRETATION_UNCHANGED,sensitivity CI is wider; interpretation otherwise unchanged
H2|GAIN_ATTENUATION|banglaclick:facebook|banglabert|137,ESTIMABLE,ESTIMABLE,0.22547787666249386,0.22547787666249386,"[0.14228500164313546, 0.3163746723204042]","[0.14382650408093603, 0.3197135341345735]",0.0,0.0,True,True,UNCERTAINTY_WIDENED_INTERPRETATION_UNCHANGED,sensitivity CI is wider; interpretation otherwise unchanged
H2|GAIN_ATTENUATION|banglaclick:facebook|banglabert|2718,ESTIMABLE,ESTIMABLE,0.2980253214129139,0.2980253214129139,"[0.19747703359600344, 0.4133271140498979]","[0.1986205798690951, 0.412286079833827]",0.0,0.0,True,True,CONCORDANT,canonical interpretation unchanged
H2|GAIN_ATTENUATION|banglaclick:facebook|banglabert|31415,ESTIMABLE,ESTIMABLE,0.19040423840372778,0.19040423840372778,"[0.12171901122765484, 0.2704929962527018]","[0.11980647084849895, 0.273498722569094]",0.0,0.0,True,True,UNCERTAINTY_WIDENED_INTERPRETATION_UNCHANGED,sensitivity CI is wider; interpretation otherwise unchanged
H2|GAIN_ATTENUATION|banglaclick:facebook|banglabert|65537,ESTIMABLE,ESTIMABLE,0.19879131821100587,0.19879131821100587,"[0.12127327288941923, 0.29042848661909326]","[0.11760002413335686, 0.2865696027130662]",0.0,0.0,True,True,CONCORDANT,canonical interpretation unchanged
H2|GAIN_ATTENUATION|banglaclick:facebook|ebm|42,ESTIMABLE,ESTIMABLE,-0.07694930538959177,-0.07694930538959177,"[-0.10759156064285061, -0.05289216126917925]","[-0.1093883451278538, -0.051420549409890166]",0.0,0.0,True,True,UNCERTAINTY_WIDENED_INTERPRETATION_UNCHANGED,sensitivity CI is wider; interpretation otherwise unchanged
H2|GAIN_ATTENUATION|banglaclick:facebook|ebm|137,ESTIMABLE,ESTIMABLE,-0.07722545986312779,-0.07722545986312779,"[-0.10783759322449427, -0.05271480407787404]","[-0.10929679310373333, -0.052359440722314105]",0.0,0.0,True,True,UNCERTAINTY_WIDENED_INTERPRETATION_UNCHANGED,sensitivity CI is wider; interpretation otherwise unchanged
H2|GAIN_ATTENUATION|banglaclick:facebook|ebm|2718,ESTIMABLE,ESTIMABLE,-0.07729525878865384,-0.07729525878865384,"[-0.10884678610615364, -0.05362584147556443]","[-0.10881766259410564, -0.052468425797331096]",0.0,0.0,True,True,UNCERTAINTY_WIDENED_INTERPRETATION_UNCHANGED,sensitivity CI is wider; interpretation otherwise unchanged
H2|GAIN_ATTENUATION|banglaclick:facebook|ebm|31415,ESTIMABLE,ESTIMABLE,-0.07712615692807767,-0.07712615692807767,"[-0.10770721557479379, -0.052874779341659774]","[-0.1078064248219323, -0.051983092842103756]",0.0,0.0,True,True,UNCERTAINTY_WIDENED_INTERPRETATION_UNCHANGED,sensitivity CI is wider; interpretation otherwise unchanged
H2|GAIN_ATTENUATION|banglaclick:facebook|ebm|65537,ESTIMABLE,ESTIMABLE,-0.07649008522947509,-0.07649008522947509,"[-0.10697659350613667, -0.05301728093522293]","[-0.10759936545989973, -0.0519852266553352]",0.0,0.0,True,True,UNCERTAINTY_WIDENED_INTERPRETATION_UNCHANGED,sensitivity CI is wider; interpretation otherwise unchanged
H2|GAIN_ATTENUATION|banglaclick:facebook|tfidf_lr|42,ESTIMABLE,ESTIMABLE,-0.16746861410913128,-0.16746861410913128,"[-0.20225141479867753, -0.13295044266535913]","[-0.20574903775058073, -0.13269835820900955]",0.0,0.0,True,True,UNCERTAINTY_WIDENED_INTERPRETATION_UNCHANGED,sensitivity CI is wider; interpretation otherwise unchanged
H2|GAIN_ATTENUATION|banglaclick:facebook|tfidf_lr|137,ESTIMABLE,ESTIMABLE,-0.16746861410913128,-0.16746861410913128,"[-0.20465618274930808, -0.13289556980082076]","[-0.2054399305610182, -0.13249956531286253]",0.0,0.0,True,True,UNCERTAINTY_WIDENED_INTERPRETATION_UNCHANGED,sensitivity CI is wider; interpretation otherwise unchanged
H2|GAIN_ATTENUATION|banglaclick:facebook|tfidf_lr|2718,ESTIMABLE,ESTIMABLE,-0.16746861410913128,-0.16746861410913128,"[-0.20407020693627387, -0.133749151682989]","[-0.20577366677537814, -0.13072257690038103]",0.0,0.0,True,True,UNCERTAINTY_WIDENED_INTERPRETATION_UNCHANGED,sensitivity CI is wider; interpretation otherwise unchanged
H2|GAIN_ATTENUATION|banglaclick:facebook|tfidf_lr|31415,ESTIMABLE,ESTIMABLE,-0.16746861410913128,-0.16746861410913128,"[-0.20357060737738233, -0.13353119873790875]","[-0.20545900846741738, -0.13095069380116817]",0.0,0.0,True,True,UNCERTAINTY_WIDENED_INTERPRETATION_UNCHANGED,sensitivity CI is wider; interpretation otherwise unchanged
H2|GAIN_ATTENUATION|banglaclick:facebook|tfidf_lr|65537,ESTIMABLE,ESTIMABLE,-0.16746861410913128,-0.16746861410913128,"[-0.2040882714812005, -0.13283675134569348]","[-0.20449661723031315, -0.13316131689723443]",0.0,0.0,True,True,UNCERTAINTY_WIDENED_INTERPRETATION_UNCHANGED,sensitivity CI is wider; interpretation otherwise unchanged
H2|GAIN_ATTENUATION|banglaclick:facebook|xlmr|42,ESTIMABLE,ESTIMABLE,0.25813135870118803,0.25813135870118803,"[0.17627874012950315, 0.34098066927619014]","[0.1773417118553037, 0.34357191181277646]",0.0,0.0,True,True,UNCERTAINTY_WIDENED_INTERPRETATION_UNCHANGED,sensitivity CI is wider; interpretation otherwise unchanged
H2|GAIN_ATTENUATION|banglaclick:facebook|xlmr|137,ESTIMABLE,ESTIMABLE,0.24840029273745295,0.24840029273745295,"[0.1681033546839903, 0.33173223484640724]","[0.16811609531148852, 0.3293716821670286]",0.0,0.0,True,True,CONCORDANT,canonical interpretation unchanged
H2|GAIN_ATTENUATION|banglaclick:facebook|xlmr|2718,ESTIMABLE,ESTIMABLE,0.17689541189453845,0.17689541189453845,"[0.12113365581698719, 0.2368369655580576]","[0.1203935623435276, 0.23713055703054595]",0.0,0.0,True,True,UNCERTAINTY_WIDENED_INTERPRETATION_UNCHANGED,sensitivity CI is wider; interpretation otherwise unchanged
H2|GAIN_ATTENUATION|banglaclick:facebook|xlmr|31415,ESTIMABLE,ESTIMABLE,0.25585636391179006,0.25585636391179006,"[0.17736954823388182, 0.3371663040673745]","[0.17477890130566037, 0.3390234703509978]",0.0,0.0,True,True,UNCERTAINTY_WIDENED_INTERPRETATION_UNCHANGED,sensitivity CI is wider; interpretation otherwise unchanged
H2|GAIN_ATTENUATION|banglaclick:facebook|xlmr|65537,ESTIMABLE,ESTIMABLE,0.2527152747329189,0.2527152747329189,"[0.17209363054009535, 0.3380899443082348]","[0.17289629057265427, 0.3370051864207685]",0.0,0.0,True,True,CONCORDANT,canonical interpretation unchanged
H2|GAIN_ATTENUATION|banglaclick:youtube|banglabert|42,ESTIMABLE,ESTIMABLE,0.19832103396965411,0.19832103396965411,"[0.08186377057647523, 0.43925435075818897]","[0.08380154431511384, 0.4511732922048665]",0.006,0.0044,True,True,UNCERTAINTY_WIDENED_INTERPRETATION_UNCHANGED,sensitivity CI is wider; interpretation otherwise unchanged
H2|GAIN_ATTENUATION|banglaclick:youtube|banglabert|137,ESTIMABLE,ESTIMABLE,0.2655550823985665,0.2655550823985665,"[0.11761490967571712, 0.5280980972559579]","[0.11655754187565016, 0.5312922289101316]",0.0048,0.0032,True,True,UNCERTAINTY_WIDENED_INTERPRETATION_UNCHANGED,sensitivity CI is wider; interpretation otherwise unchanged
H2|GAIN_ATTENUATION|banglaclick:youtube|banglabert|2718,ESTIMABLE,ESTIMABLE,0.29227682192508336,0.29227682192508336,"[0.1495628554778222, 0.6093545309702393]","[0.14811701180756304, 0.606139027473626]",0.0,0.0,True,True,CONCORDANT,canonical interpretation unchanged
H2|GAIN_ATTENUATION|banglaclick:youtube|banglabert|31415,ESTIMABLE,ESTIMABLE,0.1984512854598548,0.1984512854598548,"[0.08415644614616534, 0.4597734879671668]","[0.08038593826803174, 0.46540733865073336]",0.0008,0.0032,True,True,UNCERTAINTY_WIDENED_INTERPRETATION_UNCHANGED,sensitivity CI is wider; interpretation otherwise unchanged
H2|GAIN_ATTENUATION|banglaclick:youtube|banglabert|65537,ESTIMABLE,ESTIMABLE,0.18398304439393115,0.18398304439393115,"[0.04827241491783562, 0.4449261216246488]","[0.05307396188154694, 0.4408974477055317]",0.0,0.0,True,True,CONCORDANT,canonical interpretation unchanged
H2|GAIN_ATTENUATION|banglaclick:youtube|ebm|42,ESTIMABLE,ESTIMABLE,-0.033370852107554305,-0.033370852107554305,"[-0.10019415734790135, -0.005975079122409425]","[-0.10073219377024442, -0.004990603169029209]",0.014,0.0112,True,True,UNCERTAINTY_WIDENED_INTERPRETATION_UNCHANGED,sensitivity CI is wider; interpretation otherwise unchanged
H2|GAIN_ATTENUATION|banglaclick:youtube|ebm|137,ESTIMABLE,ESTIMABLE,-0.03335175076931929,-0.03335175076931929,"[-0.09900899883804307, -0.006902100657584772]","[-0.10206855283774258, -0.004609344951970206]",0.0064,0.014,True,True,UNCERTAINTY_WIDENED_INTERPRETATION_UNCHANGED,sensitivity CI is wider; interpretation otherwise unchanged
H2|GAIN_ATTENUATION|banglaclick:youtube|ebm|2718,ESTIMABLE,ESTIMABLE,-0.03354124905995093,-0.03354124905995093,"[-0.09954869109616563, -0.006328942863724361]","[-0.1002271378274625, -0.004973400630857878]",0.012,0.0136,True,True,UNCERTAINTY_WIDENED_INTERPRETATION_UNCHANGED,sensitivity CI is wider; interpretation otherwise unchanged
H2|GAIN_ATTENUATION|banglaclick:youtube|ebm|31415,ESTIMABLE,ESTIMABLE,-0.033461530000160056,-0.033461530000160056,"[-0.09940974294289907, -0.006583432532271472]","[-0.10099146333154706, -0.0048474244036763895]",0.0088,0.0128,True,True,UNCERTAINTY_WIDENED_INTERPRETATION_UNCHANGED,sensitivity CI is wider; interpretation otherwise unchanged
H2|GAIN_ATTENUATION|banglaclick:youtube|ebm|65537,ESTIMABLE,ESTIMABLE,-0.03331866842600695,-0.03331866842600695,"[-0.09685488507356568, -0.006840169200282698]","[-0.09918778163248662, -0.0047854584729353075]",0.01,0.0124,True,True,UNCERTAINTY_WIDENED_INTERPRETATION_UNCHANGED,sensitivity CI is wider; interpretation otherwise unchanged
H2|GAIN_ATTENUATION|banglaclick:youtube|tfidf_lr|42,ESTIMABLE,ESTIMABLE,-0.14037563883462512,-0.14037563883462512,"[-0.25140697225264225, -0.08030205703500994]","[-0.2552590125799639, -0.08191962885037744]",0.0,0.0004,True,True,UNCERTAINTY_WIDENED_INTERPRETATION_UNCHANGED,sensitivity CI is wider; interpretation otherwise unchanged
H2|GAIN_ATTENUATION|banglaclick:youtube|tfidf_lr|137,ESTIMABLE,ESTIMABLE,-0.14037563883462512,-0.14037563883462512,"[-0.25340582278973817, -0.08018521646903587]","[-0.25271349175049135, -0.08423110513094476]",0.0,0.0012,True,True,CONCORDANT,canonical interpretation unchanged
H2|GAIN_ATTENUATION|banglaclick:youtube|tfidf_lr|2718,ESTIMABLE,ESTIMABLE,-0.14037563883462512,-0.14037563883462512,"[-0.2513699457957135, -0.08296102561785418]","[-0.2508668132134049, -0.08351880290638841]",0.0,0.0004,True,True,CONCORDANT,canonical interpretation unchanged
H2|GAIN_ATTENUATION|banglaclick:youtube|tfidf_lr|31415,ESTIMABLE,ESTIMABLE,-0.14037563883462512,-0.14037563883462512,"[-0.2532204926655106, -0.08342597286301907]","[-0.25109534919229737, -0.0822469895208992]",0.0004,0.0012,True,True,CONCORDANT,canonical interpretation unchanged
H2|GAIN_ATTENUATION|banglaclick:youtube|tfidf_lr|65537,ESTIMABLE,ESTIMABLE,-0.14037563883462512,-0.14037563883462512,"[-0.2538614721776754, -0.08381766282287872]","[-0.2549847466812803, -0.08286021688798041]",0.0,0.0008,True,True,UNCERTAINTY_WIDENED_INTERPRETATION_UNCHANGED,sensitivity CI is wider; interpretation otherwise unchanged
H2|GAIN_ATTENUATION|banglaclick:youtube|xlmr|42,ESTIMABLE,ESTIMABLE,0.28190187598392874,0.28190187598392874,"[0.14133830580181686, 0.4708269997395984]","[0.14185880143300142, 0.4730619929734761]",0.0076,0.0068,True,True,UNCERTAINTY_WIDENED_INTERPRETATION_UNCHANGED,sensitivity CI is wider; interpretation otherwise unchanged
H2|GAIN_ATTENUATION|banglaclick:youtube|xlmr|137,ESTIMABLE,ESTIMABLE,0.24413540545877727,0.24413540545877727,"[0.11290007242237637, 0.44788337128168026]","[0.11662596588681813, 0.44890988089189937]",0.0068,0.0068,True,True,CONCORDANT,canonical interpretation unchanged
H2|GAIN_ATTENUATION|banglaclick:youtube|xlmr|2718,ESTIMABLE,ESTIMABLE,0.17617881048943634,0.17617881048943634,"[0.07273670153815515, 0.34904721268002187]","[0.07338300115019628, 0.3511484231361938]",0.0076,0.0072,True,True,UNCERTAINTY_WIDENED_INTERPRETATION_UNCHANGED,sensitivity CI is wider; interpretation otherwise unchanged
H2|GAIN_ATTENUATION|banglaclick:youtube|xlmr|31415,ESTIMABLE,ESTIMABLE,0.25944055053846243,0.25944055053846243,"[0.10784976190294203, 0.4655782080251558]","[0.11082360358851942, 0.46679607016778557]",0.0096,0.0088,True,True,CONCORDANT,canonical interpretation unchanged
H2|GAIN_ATTENUATION|banglaclick:youtube|xlmr|65537,ESTIMABLE,ESTIMABLE,0.23303708610702523,0.23303708610702523,"[0.06280994624746492, 0.5041186643879786]","[0.06881717526450674, 0.5157238406067756]",0.0132,0.014,True,True,UNCERTAINTY_WIDENED_INTERPRETATION_UNCHANGED,sensitivity CI is wider; interpretation otherwise unchanged
H2|GAIN_ATTENUATION|banglaclick:twitter|banglabert|42,ESTIMABLE,ESTIMABLE,0.19513963263020723,0.19513963263020723,"[0.15698059000458423, 0.23276193351618416]","[0.1562864809036311, 0.2362750250643956]",0.0,0.0,True,True,UNCERTAINTY_WIDENED_INTERPRETATION_UNCHANGED,sensitivity CI is wider; interpretation otherwise unchanged
H2|GAIN_ATTENUATION|banglaclick:twitter|banglabert|137,ESTIMABLE,ESTIMABLE,0.2574546171695119,0.2574546171695119,"[0.21137512997486899, 0.3039722467628864]","[0.2110903561222752, 0.30644306803320726]",0.0,0.0,True,True,UNCERTAINTY_WIDENED_INTERPRETATION_UNCHANGED,sensitivity CI is wider; interpretation otherwise unchanged
H2|GAIN_ATTENUATION|banglaclick:twitter|banglabert|2718,ESTIMABLE,ESTIMABLE,0.23988242503158258,0.23988242503158258,"[0.19395593448858853, 0.286308907241863]","[0.19164167736774868, 0.289482480884506]",0.0,0.0,True,True,UNCERTAINTY_WIDENED_INTERPRETATION_UNCHANGED,sensitivity CI is wider; interpretation otherwise unchanged
H2|GAIN_ATTENUATION|banglaclick:twitter|banglabert|31415,ESTIMABLE,ESTIMABLE,0.15843230472472491,0.15843230472472491,"[0.12220263721905625, 0.19386523569123268]","[0.12285287912448783, 0.19758916310237312]",0.0,0.0,True,True,UNCERTAINTY_WIDENED_INTERPRETATION_UNCHANGED,sensitivity CI is wider; interpretation otherwise unchanged
H2|GAIN_ATTENUATION|banglaclick:twitter|banglabert|65537,ESTIMABLE,ESTIMABLE,0.14508156355058494,0.14508156355058494,"[0.1066578721720334, 0.18455622281416015]","[0.10536493963367766, 0.18841097379545732]",0.0,0.0,True,True,UNCERTAINTY_WIDENED_INTERPRETATION_UNCHANGED,sensitivity CI is wider; interpretation otherwise unchanged
H2|GAIN_ATTENUATION|banglaclick:twitter|ebm|42,ESTIMABLE,ESTIMABLE,-0.059556930540073716,-0.059556930540073716,"[-0.07173786669563072, -0.048026911553900674]","[-0.0737956640918143, -0.04657908032468563]",0.0,0.0,True,True,UNCERTAINTY_WIDENED_INTERPRETATION_UNCHANGED,sensitivity CI is wider; interpretation otherwise unchanged
H2|GAIN_ATTENUATION|banglaclick:twitter|ebm|137,ESTIMABLE,ESTIMABLE,-0.05971465569769885,-0.05971465569769885,"[-0.07153704458392869, -0.047638507237179696]","[-0.07414252227958107, -0.04677603645693342]",0.0,0.0,True,True,UNCERTAINTY_WIDENED_INTERPRETATION_UNCHANGED,sensitivity CI is wider; interpretation otherwise unchanged
H2|GAIN_ATTENUATION|banglaclick:twitter|ebm|2718,ESTIMABLE,ESTIMABLE,-0.059942721928861076,-0.059942721928861076,"[-0.0725846845936628, -0.04828497689738845]","[-0.07478477828016854, -0.04754459838499772]",0.0,0.0,True,True,UNCERTAINTY_WIDENED_INTERPRETATION_UNCHANGED,sensitivity CI is wider; interpretation otherwise unchanged
H2|GAIN_ATTENUATION|banglaclick:twitter|ebm|31415,ESTIMABLE,ESTIMABLE,-0.05988109114246598,-0.05988109114246598,"[-0.07206878380280297, -0.047924889838363356]","[-0.07426846417615443, -0.046933391384339454]",0.0,0.0,True,True,UNCERTAINTY_WIDENED_INTERPRETATION_UNCHANGED,sensitivity CI is wider; interpretation otherwise unchanged
H2|GAIN_ATTENUATION|banglaclick:twitter|ebm|65537,ESTIMABLE,ESTIMABLE,-0.05956912774055212,-0.05956912774055212,"[-0.07175031374713926, -0.04753195798312327]","[-0.07393190523375129, -0.04660589817209707]",0.0,0.0,True,True,UNCERTAINTY_WIDENED_INTERPRETATION_UNCHANGED,sensitivity CI is wider; interpretation otherwise unchanged
H2|GAIN_ATTENUATION|banglaclick:twitter|tfidf_lr|42,ESTIMABLE,ESTIMABLE,-0.21306579620604515,-0.21306579620604515,"[-0.24283532901730626, -0.18246975002972038]","[-0.24632045983996756, -0.1814879883270394]",0.0,0.0,True,True,UNCERTAINTY_WIDENED_INTERPRETATION_UNCHANGED,sensitivity CI is wider; interpretation otherwise unchanged
H2|GAIN_ATTENUATION|banglaclick:twitter|tfidf_lr|137,ESTIMABLE,ESTIMABLE,-0.21306579620604515,-0.21306579620604515,"[-0.24437374542261922, -0.18205308363752776]","[-0.24721444579585256, -0.1807277914417644]",0.0,0.0,True,True,UNCERTAINTY_WIDENED_INTERPRETATION_UNCHANGED,sensitivity CI is wider; interpretation otherwise unchanged
H2|GAIN_ATTENUATION|banglaclick:twitter|tfidf_lr|2718,ESTIMABLE,ESTIMABLE,-0.21306579620604515,-0.21306579620604515,"[-0.24446617610115828, -0.1823264370611049]","[-0.2458292756936249, -0.18123324195941884]",0.0,0.0,True,True,UNCERTAINTY_WIDENED_INTERPRETATION_UNCHANGED,sensitivity CI is wider; interpretation otherwise unchanged
H2|GAIN_ATTENUATION|banglaclick:twitter|tfidf_lr|31415,ESTIMABLE,ESTIMABLE,-0.21306579620604515,-0.21306579620604515,"[-0.24436317595809176, -0.182135080872534]","[-0.2457887608741818, -0.1818696388797212]",0.0,0.0,True,True,UNCERTAINTY_WIDENED_INTERPRETATION_UNCHANGED,sensitivity CI is wider; interpretation otherwise unchanged
H2|GAIN_ATTENUATION|banglaclick:twitter|tfidf_lr|65537,ESTIMABLE,ESTIMABLE,-0.21306579620604515,-0.21306579620604515,"[-0.24410091217208568, -0.18065982494017255]","[-0.24609530544059416, -0.18041186247614524]",0.0,0.0,True,True,UNCERTAINTY_WIDENED_INTERPRETATION_UNCHANGED,sensitivity CI is wider; interpretation otherwise unchanged
H2|GAIN_ATTENUATION|banglaclick:twitter|xlmr|42,ESTIMABLE,ESTIMABLE,0.3497168738965702,0.3497168738965702,"[0.29377508299666905, 0.405729658032098]","[0.2925174323386196, 0.4079664545497622]",0.0,0.0,True,True,UNCERTAINTY_WIDENED_INTERPRETATION_UNCHANGED,sensitivity CI is wider; interpretation otherwise unchanged
H2|GAIN_ATTENUATION|banglaclick:twitter|xlmr|137,ESTIMABLE,ESTIMABLE,0.3519807225190435,0.3519807225190435,"[0.2997462082963365, 0.4038926589560587]","[0.29839704982529186, 0.40726970505534893]",0.0,0.0,True,True,UNCERTAINTY_WIDENED_INTERPRETATION_UNCHANGED,sensitivity CI is wider; interpretation otherwise unchanged
H2|GAIN_ATTENUATION|banglaclick:twitter|xlmr|2718,ESTIMABLE,ESTIMABLE,0.2376792992951275,0.2376792992951275,"[0.19933305376471747, 0.2768836277872809]","[0.20027710931516435, 0.2786911210433171]",0.0,0.0,True,True,UNCERTAINTY_WIDENED_INTERPRETATION_UNCHANGED,sensitivity CI is wider; interpretation otherwise unchanged
H2|GAIN_ATTENUATION|banglaclick:twitter|xlmr|31415,ESTIMABLE,ESTIMABLE,0.3588820935968084,0.3588820935968084,"[0.30399172235725125, 0.4130027367646071]","[0.3040437995927559, 0.41657281088392145]",0.0,0.0,True,True,UNCERTAINTY_WIDENED_INTERPRETATION_UNCHANGED,sensitivity CI is wider; interpretation otherwise unchanged
H2|GAIN_ATTENUATION|banglaclick:twitter|xlmr|65537,ESTIMABLE,ESTIMABLE,0.3422685228439333,0.3422685228439333,"[0.2848063392649237, 0.40087496172753906]","[0.28446611283841006, 0.4012342474460001]",0.0,0.0,True,True,UNCERTAINTY_WIDENED_INTERPRETATION_UNCHANGED,sensitivity CI is wider; interpretation otherwise unchanged
H2|GAIN_ATTENUATION|baitbuster:youtube_human|banglabert|42,ESTIMABLE,ESTIMABLE,0.05023698521474246,0.05023698521474246,"[-0.05355658964204459, 0.17512924946062927]","[-0.05377898654123663, 0.18310496212457628]",0.3532,0.3556,True,True,UNCERTAINTY_WIDENED_INTERPRETATION_UNCHANGED,sensitivity CI is wider; interpretation otherwise unchanged
H2|GAIN_ATTENUATION|baitbuster:youtube_human|banglabert|137,ESTIMABLE,ESTIMABLE,0.08469151799785679,0.08469151799785679,"[-0.05979906525261289, 0.24324366005909445]","[-0.06422873989616423, 0.2460649994760794]",0.2852,0.304,True,True,UNCERTAINTY_WIDENED_INTERPRETATION_UNCHANGED,sensitivity CI is wider; interpretation otherwise unchanged
H2|GAIN_ATTENUATION|baitbuster:youtube_human|banglabert|2718,ESTIMABLE,ESTIMABLE,0.08452674629350027,0.08452674629350027,"[-0.06755342565211954, 0.27332121523975034]","[-0.06716730820233709, 0.27277601084997016]",0.3168,0.3124,True,True,CONCORDANT,canonical interpretation unchanged
H2|GAIN_ATTENUATION|baitbuster:youtube_human|banglabert|31415,ESTIMABLE,ESTIMABLE,0.05006679754174925,0.05006679754174925,"[-0.05185089551536299, 0.17519303593805532]","[-0.05046101108641355, 0.17665777986023157]",0.3476,0.3472,True,True,UNCERTAINTY_WIDENED_INTERPRETATION_UNCHANGED,sensitivity CI is wider; interpretation otherwise unchanged
H2|GAIN_ATTENUATION|baitbuster:youtube_human|banglabert|65537,ESTIMABLE,ESTIMABLE,0.030900475618605927,0.030900475618605927,"[-0.06653811988601703, 0.1310014174726223]","[-0.06726108382159005, 0.1332199396645501]",0.5412,0.57,True,True,UNCERTAINTY_WIDENED_INTERPRETATION_UNCHANGED,sensitivity CI is wider; interpretation otherwise unchanged
H2|GAIN_ATTENUATION|baitbuster:youtube_human|ebm|42,ESTIMABLE,ESTIMABLE,-0.0021778732438806903,-0.0021778732438806903,"[-0.035732554856751315, 0.02148412131141319]","[-0.03589204485671299, 0.02167898296705106]",0.81,0.8312,True,True,UNCERTAINTY_WIDENED_INTERPRETATION_UNCHANGED,sensitivity CI is wider; interpretation otherwise unchanged
H2|GAIN_ATTENUATION|baitbuster:youtube_human|ebm|137,ESTIMABLE,ESTIMABLE,-0.0021820882365471417,-0.0021820882365471417,"[-0.03551166790837136, 0.021822133308330712]","[-0.03666170582456315, 0.021220383472950122]",0.828,0.7868,True,True,UNCERTAINTY_WIDENED_INTERPRETATION_UNCHANGED,sensitivity CI is wider; interpretation otherwise unchanged
H2|GAIN_ATTENUATION|baitbuster:youtube_human|ebm|2718,ESTIMABLE,ESTIMABLE,-0.0022292579894913622,-0.0022292579894913622,"[-0.03590264285510476, 0.021623330169575055]","[-0.03550892092131786, 0.02220540587905015]",0.804,0.8128,True,True,UNCERTAINTY_WIDENED_INTERPRETATION_UNCHANGED,sensitivity CI is wider; interpretation otherwise unchanged
H2|GAIN_ATTENUATION|baitbuster:youtube_human|ebm|31415,ESTIMABLE,ESTIMABLE,-0.0021897533273464442,-0.0021897533273464442,"[-0.035568097476092984, 0.021252876123105918]","[-0.036536453879727884, 0.02246586666717709]",0.8268,0.8108,True,True,UNCERTAINTY_WIDENED_INTERPRETATION_UNCHANGED,sensitivity CI is wider; interpretation otherwise unchanged
H2|GAIN_ATTENUATION|baitbuster:youtube_human|ebm|65537,ESTIMABLE,ESTIMABLE,-0.0022078116396354597,-0.0022078116396354597,"[-0.03639567341343506, 0.022319141631470977]","[-0.03601617144661226, 0.021809784124269146]",0.8048,0.8076,True,True,CONCORDANT,canonical interpretation unchanged
H2|GAIN_ATTENUATION|baitbuster:youtube_human|tfidf_lr|42,ESTIMABLE,ESTIMABLE,-0.0481818200616565,-0.0481818200616565,"[-0.1580723280624482, 0.04476777075572362]","[-0.16025147260568431, 0.04405693364999286]",0.3176,0.3232,True,True,UNCERTAINTY_WIDENED_INTERPRETATION_UNCHANGED,sensitivity CI is wider; interpretation otherwise unchanged
H2|GAIN_ATTENUATION|baitbuster:youtube_human|tfidf_lr|137,ESTIMABLE,ESTIMABLE,-0.0481818200616565,-0.0481818200616565,"[-0.15806368679110516, 0.040926519578717846]","[-0.1615466574854413, 0.04201498539426025]",0.3272,0.3132,True,True,UNCERTAINTY_WIDENED_INTERPRETATION_UNCHANGED,sensitivity CI is wider; interpretation otherwise unchanged
H2|GAIN_ATTENUATION|baitbuster:youtube_human|tfidf_lr|2718,ESTIMABLE,ESTIMABLE,-0.0481818200616565,-0.0481818200616565,"[-0.15767575473187795, 0.036743085392761915]","[-0.15659534590474114, 0.04310689143428082]",0.312,0.308,True,True,UNCERTAINTY_WIDENED_INTERPRETATION_UNCHANGED,sensitivity CI is wider; interpretation otherwise unchanged
H2|GAIN_ATTENUATION|baitbuster:youtube_human|tfidf_lr|31415,ESTIMABLE,ESTIMABLE,-0.0481818200616565,-0.0481818200616565,"[-0.16257677236517407, 0.04396413313705662]","[-0.15898842662453339, 0.042406178718715395]",0.3308,0.3332,True,True,CONCORDANT,canonical interpretation unchanged
H2|GAIN_ATTENUATION|baitbuster:youtube_human|tfidf_lr|65537,ESTIMABLE,ESTIMABLE,-0.0481818200616565,-0.0481818200616565,"[-0.15982870305936867, 0.04581357588325529]","[-0.1590901800556005, 0.04362573922645396]",0.3376,0.3168,True,True,CONCORDANT,canonical interpretation unchanged
H2|GAIN_ATTENUATION|baitbuster:youtube_human|xlmr|42,ESTIMABLE,ESTIMABLE,0.11017587553731184,0.11017587553731184,"[-0.0794671061398503, 0.304074828906068]","[-0.0753043385419939, 0.30377764973912114]",0.2748,0.2612,True,True,CONCORDANT,canonical interpretation unchanged
H2|GAIN_ATTENUATION|baitbuster:youtube_human|xlmr|137,ESTIMABLE,ESTIMABLE,0.08560519739479627,0.08560519739479627,"[-0.06458654873936573, 0.22843360681715866]","[-0.05938725885223236, 0.23060087249985256]",0.3068,0.276,True,True,CONCORDANT,canonical interpretation unchanged
H2|GAIN_ATTENUATION|baitbuster:youtube_human|xlmr|2718,ESTIMABLE,ESTIMABLE,0.06091896787639667,0.06091896787639667,"[-0.03707650259103697, 0.16039880968708067]","[-0.04329627500912878, 0.16430776362414978]",0.276,0.2912,True,True,UNCERTAINTY_WIDENED_INTERPRETATION_UNCHANGED,sensitivity CI is wider; interpretation otherwise unchanged
H2|GAIN_ATTENUATION|baitbuster:youtube_human|xlmr|31415,ESTIMABLE,ESTIMABLE,0.09966407944014438,0.09966407944014438,"[-0.07854167000247368, 0.26843231535553796]","[-0.07262540725300622, 0.27109675011753226]",0.3176,0.3184,True,True,CONCORDANT,canonical interpretation unchanged
H2|GAIN_ATTENUATION|baitbuster:youtube_human|xlmr|65537,ESTIMABLE,ESTIMABLE,0.06588591801332455,0.06588591801332455,"[-0.07183231579414788, 0.1997350024472569]","[-0.0727375702417131, 0.20275798902244171]",0.3416,0.35,True,True,UNCERTAINTY_WIDENED_INTERPRETATION_UNCHANGED,sensitivity CI is wider; interpretation otherwise unchanged
H3|DELTA_RD|curiosity_information_withholding|banglaclick:news,ESTIMABLE,ESTIMABLE,-0.141660761735041,-0.141660761735041,"[-0.32857984398723317, 0.026811073323805494]","[-0.329603542968071, 6.475907015537841e-05]",0.1028,0.0504,True,True,CONCORDANT,canonical interpretation unchanged
H3|DELTA_NLL_GAP|curiosity_information_withholding|banglaclick:news,ESTIMABLE,ESTIMABLE,-0.7000578989344722,-0.7000578989344722,"[-0.9019517255694913, -0.4801005887000192]","[-0.8555570492133626, -0.5030632971211495]",0.0,0.0,True,True,CONCORDANT,canonical interpretation unchanged
H3|DELTA_RD|curiosity_information_withholding|banglaclick:facebook,ESTIMABLE,ESTIMABLE,-0.23316307162834776,-0.23316307162834776,"[-0.48790277622076295, 0.02050251470726657]","[-0.496471411501781, 0.012049971452428329]",0.0696,0.0624,True,True,UNCERTAINTY_WIDENED_INTERPRETATION_UNCHANGED,sensitivity CI is wider; interpretation otherwise unchanged
H3|DELTA_NLL_GAP|curiosity_information_withholding|banglaclick:facebook,ESTIMABLE,ESTIMABLE,0.45852449299886483,0.45852449299886483,"[-0.7906669631159947, 1.4999169549082192]","[-0.7319864457283835, 1.4769426264489354]",0.436,0.3984,True,True,CONCORDANT,canonical interpretation unchanged
H3|DELTA_RD|curiosity_information_withholding|banglaclick:youtube,NON_ESTIMABLE_UNDER_LOCKED_BOOTSTRAP,NON_ESTIMABLE,-0.23328898856107422,-0.23328898856107422,,,,,False,False,CONCORDANT,canonical interpretation unchanged
H3|DELTA_NLL_GAP|curiosity_information_withholding|banglaclick:youtube,NON_ESTIMABLE_UNDER_LOCKED_BOOTSTRAP,NON_ESTIMABLE,-0.6691099101342484,-0.6691099101342484,,,,,False,False,CONCORDANT,canonical interpretation unchanged
H3|DELTA_RD|curiosity_information_withholding|banglaclick:twitter,NON_ESTIMABLE_UNDER_LOCKED_BOOTSTRAP,NON_ESTIMABLE,-0.007750601974023608,-0.007750601974023608,,,,,False,False,CONCORDANT,canonical interpretation unchanged
H3|DELTA_NLL_GAP|curiosity_information_withholding|banglaclick:twitter,NON_ESTIMABLE_UNDER_LOCKED_BOOTSTRAP,NON_ESTIMABLE,-0.6665748758811173,-0.6665748758811173,,,,,False,False,CONCORDANT,canonical interpretation unchanged
H3|DELTA_RD|direct_address_imperative|banglaclick:news,ESTIMABLE,ESTIMABLE,-0.24497264561011783,-0.24497264561011783,"[-0.3957450535500349, -0.10668591469082216]","[-0.3920386074578744, -0.10205662615567748]",0.0016,0.0016,True,True,UNCERTAINTY_WIDENED_INTERPRETATION_UNCHANGED,sensitivity CI is wider; interpretation otherwise unchanged
H3|DELTA_NLL_GAP|direct_address_imperative|banglaclick:news,ESTIMABLE,ESTIMABLE,-0.6749649511843827,-0.6749649511843827,"[-0.8490792710744685, -0.5169575632399741]","[-0.8514603379215215, -0.5176367819449658]",0.0,0.0,True,True,UNCERTAINTY_WIDENED_INTERPRETATION_UNCHANGED,sensitivity CI is wider; interpretation otherwise unchanged
H3|DELTA_RD|direct_address_imperative|banglaclick:facebook,ESTIMABLE,ESTIMABLE,-0.42820306080621967,-0.42820306080621967,"[-0.6305209221844766, -0.21457066966166458]","[-0.6372937963478487, -0.21319135193574082]",0.0,0.0004,True,True,UNCERTAINTY_WIDENED_INTERPRETATION_UNCHANGED,sensitivity CI is wider; interpretation otherwise unchanged
H3|DELTA_NLL_GAP|direct_address_imperative|banglaclick:facebook,ESTIMABLE,ESTIMABLE,0.3235187709718275,0.3235187709718275,"[-0.3038006817378235, 1.2459829846731056]","[-0.3293645450794272, 1.2490774628859462]",0.4028,0.4432,True,True,UNCERTAINTY_WIDENED_INTERPRETATION_UNCHANGED,sensitivity CI is wider; interpretation otherwise unchanged
H3|DELTA_RD|direct_address_imperative|banglaclick:youtube,NON_ESTIMABLE_UNDER_LOCKED_BOOTSTRAP,NON_ESTIMABLE,-0.2931930964538035,-0.2931930964538035,,,,,False,False,CONCORDANT,canonical interpretation unchanged
H3|DELTA_NLL_GAP|direct_address_imperative|banglaclick:youtube,NON_ESTIMABLE_UNDER_LOCKED_BOOTSTRAP,NON_ESTIMABLE,-0.7261445349748328,-0.7261445349748328,,,,,False,False,CONCORDANT,canonical interpretation unchanged
H3|DELTA_RD|direct_address_imperative|banglaclick:twitter,ESTIMABLE,ESTIMABLE,-0.27994165387458064,-0.27994165387458064,"[-0.531050649148096, -0.05299826860512916]","[-0.5381274709227808, -0.050342100667620696]",0.0156,0.0116,True,True,UNCERTAINTY_WIDENED_INTERPRETATION_UNCHANGED,sensitivity CI is wider; interpretation otherwise unchanged
H3|DELTA_NLL_GAP|direct_address_imperative|banglaclick:twitter,ESTIMABLE,ESTIMABLE,-0.4077476380445996,-0.4077476380445996,"[-0.8682704903412759, 0.15923699083732923]","[-0.87185147203803, 0.1595715565539609]",0.1396,0.1296,True,True,UNCERTAINTY_WIDENED_INTERPRETATION_UNCHANGED,sensitivity CI is wider; interpretation otherwise unchanged
H3|DELTA_RD|exaggeration_superlative|banglaclick:news,ESTIMABLE,ESTIMABLE,0.07103365031156811,0.07103365031156811,"[-0.11352475803577425, 0.23345516030039792]","[-0.10230378936382563, 0.2440630695618048]",0.4104,0.3896,True,True,CONCORDANT,canonical interpretation unchanged
H3|DELTA_NLL_GAP|exaggeration_superlative|banglaclick:news,ESTIMABLE,ESTIMABLE,-0.19772561917427328,-0.19772561917427328,"[-0.460494480153679, 0.047794508826583745]","[-0.4694187015171568, 0.058375772712671956]",0.1324,0.1148,True,True,UNCERTAINTY_WIDENED_INTERPRETATION_UNCHANGED,sensitivity CI is wider; interpretation otherwise unchanged
H3|DELTA_RD|exaggeration_superlative|banglaclick:facebook,ESTIMABLE,ESTIMABLE,-0.30906270171791306,-0.30906270171791306,"[-0.4951285102892373, 0.01675629002758678]","[-0.48290846990840663, 0.012108438585908458]",0.064,0.0628,True,True,CONCORDANT,canonical interpretation unchanged
H3|DELTA_NLL_GAP|exaggeration_superlative|banglaclick:facebook,ESTIMABLE,ESTIMABLE,1.3043662337044926,1.3043662337044926,"[0.08314816903072256, 2.041904760160774]","[0.08276631213711799, 2.0042495514915553]",0.0264,0.0252,True,True,CONCORDANT,canonical interpretation unchanged
H3|DELTA_RD|exaggeration_superlative|banglaclick:youtube,NON_ESTIMABLE_UNDER_LOCKED_BOOTSTRAP,NON_ESTIMABLE,-0.010575551327200394,-0.010575551327200394,,,,,False,False,CONCORDANT,canonical interpretation unchanged
H3|DELTA_NLL_GAP|exaggeration_superlative|banglaclick:youtube,NON_ESTIMABLE_UNDER_LOCKED_BOOTSTRAP,NON_ESTIMABLE,-0.08513546083029133,-0.08513546083029133,,,,,False,False,CONCORDANT,canonical interpretation unchanged
H3|DELTA_RD|exaggeration_superlative|banglaclick:twitter,ESTIMABLE,ESTIMABLE,-0.24512600204617768,-0.24512600204617768,"[-0.4910471932509098, -0.01464260230818684]","[-0.4782256186231755, -0.012976749736796848]",0.0384,0.038,True,True,CONCORDANT,canonical interpretation unchanged
H3|DELTA_NLL_GAP|exaggeration_superlative|banglaclick:twitter,ESTIMABLE,ESTIMABLE,-0.5863642714888085,-0.5863642714888085,"[-0.8276578120070246, -0.3349832665313674]","[-0.8104766588455651, -0.3407776757338068]",0.0,0.0,True,True,CONCORDANT,canonical interpretation unchanged
H3|DELTA_RD|interrogative_structure|banglaclick:news,ESTIMABLE,ESTIMABLE,-0.2882873801187292,-0.2882873801187292,"[-0.3936455377808432, -0.18071694612122693]","[-0.42878426846253775, -0.15218224160099283]",0.0,0.0,True,True,UNCERTAINTY_WIDENED_INTERPRETATION_UNCHANGED,sensitivity CI is wider; interpretation otherwise unchanged
H3|DELTA_NLL_GAP|interrogative_structure|banglaclick:news,ESTIMABLE,ESTIMABLE,-0.6172219226578974,-0.6172219226578974,"[-0.7524851632165943, -0.48232875036388867]","[-0.7784530273653768, -0.456611031332511]",0.0,0.0,True,True,UNCERTAINTY_WIDENED_INTERPRETATION_UNCHANGED,sensitivity CI is wider; interpretation otherwise unchanged
H3|DELTA_RD|interrogative_structure|banglaclick:facebook,ESTIMABLE,ESTIMABLE,-0.3222881349081919,-0.3222881349081919,"[-0.47141296350117995, -0.1894213835847788]","[-0.49407824508255754, -0.16982045409737634]",0.0,0.0,True,True,UNCERTAINTY_WIDENED_INTERPRETATION_UNCHANGED,sensitivity CI is wider; interpretation otherwise unchanged
H3|DELTA_NLL_GAP|interrogative_structure|banglaclick:facebook,ESTIMABLE,ESTIMABLE,0.12308474354716518,0.12308474354716518,"[-0.46517322869389893, 0.9317504344193673]","[-0.4767990539029753, 0.9236527887853313]",0.806,0.8072,True,True,UNCERTAINTY_WIDENED_INTERPRETATION_UNCHANGED,sensitivity CI is wider; interpretation otherwise unchanged
H3|DELTA_RD|interrogative_structure|banglaclick:youtube,NON_ESTIMABLE_UNDER_LOCKED_BOOTSTRAP,ESTIMABLE,-0.32181243214274163,-0.32181243214274163,,"[-0.4487290559414386, -0.13411512303905138]",,0.002,False,True,CONCORDANT,sensitivity is estimable but canonical non-estimability is not upgraded
H3|DELTA_NLL_GAP|interrogative_structure|banglaclick:youtube,NON_ESTIMABLE_UNDER_LOCKED_BOOTSTRAP,ESTIMABLE,-0.7361283427550905,-0.7361283427550905,,"[-1.2888132182924217, -0.44928032515174715]",,0.0,False,True,CONCORDANT,sensitivity is estimable but canonical non-estimability is not upgraded
H3|DELTA_RD|interrogative_structure|banglaclick:twitter,ESTIMABLE,ESTIMABLE,-0.16516898700613075,-0.16516898700613075,"[-0.2832663356570157, -0.04692336211606128]","[-0.30925625073715957, -0.013985178522018683]",0.006,0.0332,True,True,UNCERTAINTY_WIDENED_INTERPRETATION_UNCHANGED,sensitivity CI is wider; interpretation otherwise unchanged
H3|DELTA_NLL_GAP|interrogative_structure|banglaclick:twitter,ESTIMABLE,ESTIMABLE,-0.7627471730534949,-0.7627471730534949,"[-0.9464723164601649, -0.5788966159786902]","[-0.9703848028078366, -0.5576396747138146]",0.0,0.0,True,True,UNCERTAINTY_WIDENED_INTERPRETATION_UNCHANGED,sensitivity CI is wider; interpretation otherwise unchanged
H3|DELTA_RD|punctuation_intensity|banglaclick:news,ESTIMABLE,ESTIMABLE,-0.026946420866524823,-0.026946420866524823,"[-0.10323141465599636, 0.04755679492520814]","[-0.1284423406280895, 0.06631945091965469]",0.4644,0.562,True,True,UNCERTAINTY_WIDENED_INTERPRETATION_UNCHANGED,sensitivity CI is wider; interpretation otherwise unchanged
H3|DELTA_NLL_GAP|punctuation_intensity|banglaclick:news,ESTIMABLE,ESTIMABLE,-0.5215854884561931,-0.5215854884561931,"[-0.6178449218009844, -0.43528785705464285]","[-0.6765333504045858, -0.40465390849269334]",0.0,0.0,True,True,UNCERTAINTY_WIDENED_INTERPRETATION_UNCHANGED,sensitivity CI is wider; interpretation otherwise unchanged
H3|DELTA_RD|punctuation_intensity|banglaclick:facebook,ESTIMABLE,ESTIMABLE,-0.12685496477194919,-0.12685496477194919,"[-0.25288550606662136, -0.015533714457829587]","[-0.2643954950903898, -0.001439366310122102]",0.0264,0.0492,True,True,UNCERTAINTY_WIDENED_INTERPRETATION_UNCHANGED,sensitivity CI is wider; interpretation otherwise unchanged
H3|DELTA_NLL_GAP|punctuation_intensity|banglaclick:facebook,ESTIMABLE,ESTIMABLE,-0.20978466140064342,-0.20978466140064342,"[-0.5982990572889841, 0.3691893432440295]","[-0.6207828424386455, 0.34127176746207344]",0.4192,0.394,True,True,CONCORDANT,canonical interpretation unchanged
H3|DELTA_RD|punctuation_intensity|banglaclick:youtube,ESTIMABLE,ESTIMABLE,-0.13008078550556107,-0.13008078550556107,"[-0.22302963907779783, -0.024092358092033167]","[-0.24736522787472584, -0.006161921870832677]",0.016,0.0368,True,True,UNCERTAINTY_WIDENED_INTERPRETATION_UNCHANGED,sensitivity CI is wider; interpretation otherwise unchanged
H3|DELTA_NLL_GAP|punctuation_intensity|banglaclick:youtube,ESTIMABLE,ESTIMABLE,-0.7560936651136584,-0.7560936651136584,"[-1.2797910378463628, -0.36650053125651055]","[-1.307375642606266, -0.3506070841878859]",0.0012,0.0004,True,True,UNCERTAINTY_WIDENED_INTERPRETATION_UNCHANGED,sensitivity CI is wider; interpretation otherwise unchanged
H3|DELTA_RD|punctuation_intensity|banglaclick:twitter,ESTIMABLE,ESTIMABLE,-3.2618851389554226e-05,-3.2618851389554226e-05,"[-0.10029481168146198, 0.10165122712229419]","[-0.11304410972951967, 0.11855885312422955]",0.9672,0.9772,True,True,UNCERTAINTY_WIDENED_INTERPRETATION_UNCHANGED,sensitivity CI is wider; interpretation otherwise unchanged
H3|DELTA_NLL_GAP|punctuation_intensity|banglaclick:twitter,ESTIMABLE,ESTIMABLE,-0.5894237806609138,-0.5894237806609138,"[-0.7854401447947381, -0.38786591747020305]","[-0.8144893160051364, -0.3742073031204797]",0.0,0.0,True,True,UNCERTAINTY_WIDENED_INTERPRETATION_UNCHANGED,sensitivity CI is wider; interpretation otherwise unchanged
H3|DELTA_RD|sensational_emotional_loading|banglaclick:news,ESTIMABLE,ESTIMABLE,-0.22342900630571866,-0.22342900630571866,"[-0.3326971029600772, -0.12074268724356019]","[-0.4380834789803149, 0.04099853066956072]",0.0,0.1036,True,True,UNCERTAINTY_WIDENED_INTERPRETATION_UNCHANGED,sensitivity CI is wider; interpretation otherwise unchanged
H3|DELTA_NLL_GAP|sensational_emotional_loading|banglaclick:news,ESTIMABLE,ESTIMABLE,-0.8037841249992926,-0.8037841249992926,"[-0.9476355922280079, -0.671956291428881]","[-1.1497548853565727, -0.5819681336733268]",0.0,0.0,True,True,UNCERTAINTY_WIDENED_INTERPRETATION_UNCHANGED,sensitivity CI is wider; interpretation otherwise unchanged
H3|DELTA_RD|sensational_emotional_loading|banglaclick:facebook,ESTIMABLE,ESTIMABLE,-0.4181542019920676,-0.4181542019920676,"[-0.7309567008283833, -0.12187458316753415]","[-0.7840431246039609, -0.04937852208395751]",0.0024,0.0244,True,True,UNCERTAINTY_WIDENED_INTERPRETATION_UNCHANGED,sensitivity CI is wider; interpretation otherwise unchanged
H3|DELTA_NLL_GAP|sensational_emotional_loading|banglaclick:facebook,ESTIMABLE,ESTIMABLE,0.6387187434901305,0.6387187434901305,"[-0.6806216639850002, 2.4496659244767334]","[-0.7358214617969318, 2.53065480352922]",0.4992,0.4832,True,True,UNCERTAINTY_WIDENED_INTERPRETATION_UNCHANGED,sensitivity CI is wider; interpretation otherwise unchanged
H3|DELTA_RD|sensational_emotional_loading|banglaclick:youtube,NON_ESTIMABLE_UNDER_LOCKED_BOOTSTRAP,NON_ESTIMABLE,-0.3755054302422724,-0.3755054302422724,,,,,False,False,CONCORDANT,canonical interpretation unchanged
H3|DELTA_NLL_GAP|sensational_emotional_loading|banglaclick:youtube,NON_ESTIMABLE_UNDER_LOCKED_BOOTSTRAP,NON_ESTIMABLE,-0.6118059155552305,-0.6118059155552305,,,,,False,False,CONCORDANT,canonical interpretation unchanged
H3|DELTA_RD|sensational_emotional_loading|banglaclick:twitter,NON_ESTIMABLE_UNDER_LOCKED_BOOTSTRAP,NON_ESTIMABLE,-1.169478639819321,-1.169478639819321,,,,,False,False,CONCORDANT,canonical interpretation unchanged
H3|DELTA_NLL_GAP|sensational_emotional_loading|banglaclick:twitter,NON_ESTIMABLE_UNDER_LOCKED_BOOTSTRAP,NON_ESTIMABLE,1.4655197249809553,1.4655197249809553,,,,,False,False,CONCORDANT,canonical interpretation unchanged
H3|DELTA_RD|specificity_numerals|banglaclick:news,ESTIMABLE,ESTIMABLE,-0.020676737712474413,-0.020676737712474413,"[-0.08783784450483952, 0.052688252688228104]","[-0.10856415595380568, 0.06727932097661328]",0.6096,0.7428,True,True,UNCERTAINTY_WIDENED_INTERPRETATION_UNCHANGED,sensitivity CI is wider; interpretation otherwise unchanged
H3|DELTA_NLL_GAP|specificity_numerals|banglaclick:news,ESTIMABLE,ESTIMABLE,0.05830229448031639,0.05830229448031639,"[-0.03418960846594458, 0.1613116465432003]","[-0.046570612864209326, 0.1727791659257697]",0.2156,0.2804,True,True,UNCERTAINTY_WIDENED_INTERPRETATION_UNCHANGED,sensitivity CI is wider; interpretation otherwise unchanged
H3|DELTA_RD|specificity_numerals|banglaclick:facebook,ESTIMABLE,ESTIMABLE,-0.25023302147090803,-0.25023302147090803,"[-0.37156841810404884, -0.12555017792843606]","[-0.3789343456629338, -0.10846240985922988]",0.0,0.0,True,True,UNCERTAINTY_WIDENED_INTERPRETATION_UNCHANGED,sensitivity CI is wider; interpretation otherwise unchanged
H3|DELTA_NLL_GAP|specificity_numerals|banglaclick:facebook,ESTIMABLE,ESTIMABLE,0.4525727385809103,0.4525727385809103,"[0.0069197110343398975, 0.892818269335472]","[0.011037826947104047, 0.8821115700923897]",0.044,0.0416,True,True,CONCORDANT,canonical interpretation unchanged
H3|DELTA_RD|specificity_numerals|banglaclick:youtube,ESTIMABLE,ESTIMABLE,-0.004886506521370515,-0.004886506521370515,"[-0.06811550898907856, 0.05806978434627626]","[-0.0860827267317172, 0.07614261553918848]",0.9416,0.9936,True,True,UNCERTAINTY_WIDENED_INTERPRETATION_UNCHANGED,sensitivity CI is wider; interpretation otherwise unchanged
H3|DELTA_NLL_GAP|specificity_numerals|banglaclick:youtube,ESTIMABLE,ESTIMABLE,0.19484013832298402,0.19484013832298402,"[-0.05365723010954976, 0.3413959337774342]","[-0.05523994631320742, 0.35200444856240953]",0.0916,0.096,True,True,UNCERTAINTY_WIDENED_INTERPRETATION_UNCHANGED,sensitivity CI is wider; interpretation otherwise unchanged
H3|DELTA_RD|specificity_numerals|banglaclick:twitter,ESTIMABLE,ESTIMABLE,-0.13971121201010656,-0.13971121201010656,"[-0.23375932391617033, -0.0420003870581296]","[-0.2518337674744046, -0.030439676250040567]",0.0052,0.0116,True,True,UNCERTAINTY_WIDENED_INTERPRETATION_UNCHANGED,sensitivity CI is wider; interpretation otherwise unchanged
H3|DELTA_NLL_GAP|specificity_numerals|banglaclick:twitter,ESTIMABLE,ESTIMABLE,0.3963120131982806,0.3963120131982806,"[0.1731742971514733, 0.6036481018778286]","[0.17125763783169146, 0.6150330161074037]",0.0012,0.0016,True,True,UNCERTAINTY_WIDENED_INTERPRETATION_UNCHANGED,sensitivity CI is wider; interpretation otherwise unchanged
H3|DELTA_RD|vague_deictic_reference|banglaclick:news,ESTIMABLE,ESTIMABLE,-0.275263289827786,-0.275263289827786,"[-0.38061966123433955, -0.17687220563768488]","[-0.4293799524117434, -0.13274825458695175]",0.0,0.0,True,True,UNCERTAINTY_WIDENED_INTERPRETATION_UNCHANGED,sensitivity CI is wider; interpretation otherwise unchanged
H3|DELTA_NLL_GAP|vague_deictic_reference|banglaclick:news,ESTIMABLE,ESTIMABLE,-0.7228322217380727,-0.7228322217380727,"[-0.8641370299995454, -0.5677107745524841]","[-0.9060825116907106, -0.5441341074660166]",0.0,0.0,True,True,UNCERTAINTY_WIDENED_INTERPRETATION_UNCHANGED,sensitivity CI is wider; interpretation otherwise unchanged
H3|DELTA_RD|vague_deictic_reference|banglaclick:facebook,ESTIMABLE,ESTIMABLE,-0.6042914824917149,-0.6042914824917149,"[-0.7577602200055595, -0.3618802961766951]","[-0.8022107119041274, -0.33964683119395433]",0.0,0.0,True,True,UNCERTAINTY_WIDENED_INTERPRETATION_UNCHANGED,sensitivity CI is wider; interpretation otherwise unchanged
H3|DELTA_NLL_GAP|vague_deictic_reference|banglaclick:facebook,ESTIMABLE,ESTIMABLE,0.7973462881553077,0.7973462881553077,"[-0.19109160240781226, 1.470047094087707]","[-0.21967659423225147, 1.479377341372713]",0.1608,0.1692,True,True,UNCERTAINTY_WIDENED_INTERPRETATION_UNCHANGED,sensitivity CI is wider; interpretation otherwise unchanged
H3|DELTA_RD|vague_deictic_reference|banglaclick:youtube,NON_ESTIMABLE_UNDER_LOCKED_BOOTSTRAP,NON_ESTIMABLE,-0.3392480016951936,-0.3392480016951936,,,,,False,False,CONCORDANT,canonical interpretation unchanged
H3|DELTA_NLL_GAP|vague_deictic_reference|banglaclick:youtube,NON_ESTIMABLE_UNDER_LOCKED_BOOTSTRAP,NON_ESTIMABLE,-0.7870407037881627,-0.7870407037881627,,,,,False,False,CONCORDANT,canonical interpretation unchanged
H3|DELTA_RD|vague_deictic_reference|banglaclick:twitter,ESTIMABLE,ESTIMABLE,-0.32251243950593195,-0.32251243950593195,"[-0.42500567573626746, -0.2248856436619795]","[-0.4734206614637057, -0.18410941554264124]",0.0,0.0,True,True,UNCERTAINTY_WIDENED_INTERPRETATION_UNCHANGED,sensitivity CI is wider; interpretation otherwise unchanged
H3|DELTA_NLL_GAP|vague_deictic_reference|banglaclick:twitter,ESTIMABLE,ESTIMABLE,-0.794922697282106,-0.794922697282106,"[-0.9868452166168612, -0.6073661402315131]","[-1.0264048388458027, -0.5852331073082822]",0.0,0.0,True,True,UNCERTAINTY_WIDENED_INTERPRETATION_UNCHANGED,sensitivity CI is wider; interpretation otherwise unchanged
H3|GLOBAL_32D_WALD,NON_ESTIMABLE,NON_ESTIMABLE,,,,,,,False,False,CONCORDANT,canonical interpretation unchanged
H3|FULL_8_FAMILY_BH|OUTCOME,NON_ESTIMABLE,NON_ESTIMABLE,,,,,,,False,False,CONCORDANT,canonical=NON_ESTIMABLE_FULL_8_FAMILY_BH; sensitivity=NON_ESTIMABLE_FULL_8_FAMILY_BH; no post-hoc subset BH
H3|FULL_8_FAMILY_BH|RELIABILITY,NON_ESTIMABLE,NON_ESTIMABLE,,,,,,,False,False,CONCORDANT,canonical=NON_ESTIMABLE_FULL_8_FAMILY_BH; sensitivity=NON_ESTIMABLE_FULL_8_FAMILY_BH; no post-hoc subset BH
H3P|DELTA_Z|curiosity_information_withholding|banglabert|42|baitbuster:youtube_human,ESTIMABLE,ESTIMABLE,-0.07762041456406205,-0.07762041456406205,"[-0.2620933231057097, 0.13281398741307976]","[-0.2702083803995431, 0.18821682176043683]",0.5232,0.6168,True,True,UNCERTAINTY_WIDENED_INTERPRETATION_UNCHANGED,sensitivity CI is wider; interpretation otherwise unchanged
H3P|DELTA_Z|curiosity_information_withholding|banglabert|42|banglaclick:facebook,ESTIMABLE,ESTIMABLE,-0.32457031346127097,-0.32457031346127097,"[-0.5288803015306007, -0.08818035864268635]","[-0.5480833605053186, -0.051722482962456295]",0.0076,0.0248,True,True,UNCERTAINTY_WIDENED_INTERPRETATION_UNCHANGED,sensitivity CI is wider; interpretation otherwise unchanged
H3P|DELTA_Z|curiosity_information_withholding|banglabert|42|banglaclick:news,ESTIMABLE,ESTIMABLE,-0.12529328889414376,-0.12529328889414376,"[-0.3990488808364205, 0.17400314841207903]","[-0.41585798679379915, 0.19920092764139818]",0.3992,0.4432,True,True,UNCERTAINTY_WIDENED_INTERPRETATION_UNCHANGED,sensitivity CI is wider; interpretation otherwise unchanged
H3P|DELTA_Z|curiosity_information_withholding|banglabert|42|banglaclick:twitter,ESTIMABLE,ESTIMABLE,-0.025496892996278442,-0.025496892996278442,"[-0.35962665763811447, 0.3090186312849468]","[-0.379581120339513, 0.3371700370354]",0.8748,0.8892,True,True,UNCERTAINTY_WIDENED_INTERPRETATION_UNCHANGED,sensitivity CI is wider; interpretation otherwise unchanged
H3P|DELTA_Z|curiosity_information_withholding|banglabert|42|banglaclick:youtube,ESTIMABLE,ESTIMABLE,-0.11999210294137813,-0.11999210294137813,"[-0.2931321346410745, 0.06371100793402876]","[-0.3127856562907035, 0.11949361110242385]",0.2084,0.2896,True,True,UNCERTAINTY_WIDENED_INTERPRETATION_UNCHANGED,sensitivity CI is wider; interpretation otherwise unchanged
H3P|DELTA_Z|curiosity_information_withholding|banglabert|137|baitbuster:youtube_human,ESTIMABLE,ESTIMABLE,-0.09848057580502512,-0.09848057580502512,"[-0.2772058198427897, 0.09231115614098778]","[-0.24840690551290073, 0.16191956369080382]",0.3408,0.4224,True,True,UNCERTAINTY_WIDENED_INTERPRETATION_UNCHANGED,sensitivity CI is wider; interpretation otherwise unchanged
H3P|DELTA_Z|curiosity_information_withholding|banglabert|137|banglaclick:facebook,ESTIMABLE,ESTIMABLE,-0.348649887740612,-0.348649887740612,"[-0.5671331419642357, -0.15165976036235795]","[-0.5306935335124179, -0.0905632503653331]",0.0008,0.0068,True,True,UNCERTAINTY_WIDENED_INTERPRETATION_UNCHANGED,sensitivity CI is wider; interpretation otherwise unchanged
H3P|DELTA_Z|curiosity_information_withholding|banglabert|137|banglaclick:news,ESTIMABLE,ESTIMABLE,-0.14247350186109542,-0.14247350186109542,"[-0.3966591902138556, 0.14252872995573101]","[-0.3774556111279656, 0.18046269656531497]",0.3164,0.3908,True,True,UNCERTAINTY_WIDENED_INTERPRETATION_UNCHANGED,sensitivity CI is wider; interpretation otherwise unchanged
H3P|DELTA_Z|curiosity_information_withholding|banglabert|137|banglaclick:twitter,ESTIMABLE,ESTIMABLE,-0.0533345565199852,-0.0533345565199852,"[-0.3199603516791089, 0.20715091862149626]","[-0.29226650586874553, 0.26575945773188536]",0.7364,0.7936,True,True,UNCERTAINTY_WIDENED_INTERPRETATION_UNCHANGED,sensitivity CI is wider; interpretation otherwise unchanged
H3P|DELTA_Z|curiosity_information_withholding|banglabert|137|banglaclick:youtube,ESTIMABLE,ESTIMABLE,-0.16436991336799806,-0.16436991336799806,"[-0.3574217776565572, 0.0062920545141480575]","[-0.3214746453553236, 0.07509204834605332]",0.0576,0.1624,True,True,UNCERTAINTY_WIDENED_INTERPRETATION_UNCHANGED,sensitivity CI is wider; interpretation otherwise unchanged
H3P|DELTA_Z|curiosity_information_withholding|banglabert|2718|baitbuster:youtube_human,ESTIMABLE,ESTIMABLE,-0.1810554540621636,-0.1810554540621636,"[-0.39769740629077927, 0.08426142738360377]","[-0.3982620067821968, 0.21708546190477027]",0.2076,0.3148,True,True,UNCERTAINTY_WIDENED_INTERPRETATION_UNCHANGED,sensitivity CI is wider; interpretation otherwise unchanged
H3P|DELTA_Z|curiosity_information_withholding|banglabert|2718|banglaclick:facebook,ESTIMABLE,ESTIMABLE,-0.34645282250701215,-0.34645282250701215,"[-0.6080346316665265, -0.07044832401233286]","[-0.6051056279697785, 0.03519740304334799]",0.0148,0.0696,True,True,UNCERTAINTY_WIDENED_INTERPRETATION_UNCHANGED,sensitivity CI is wider; interpretation otherwise unchanged
H3P|DELTA_Z|curiosity_information_withholding|banglabert|2718|banglaclick:news,ESTIMABLE,ESTIMABLE,-0.027298080370414535,-0.027298080370414535,"[-0.41485123069870805, 0.3820407244335097]","[-0.3985409487172188, 0.4591007208918669]",0.8644,0.9288,True,True,UNCERTAINTY_WIDENED_INTERPRETATION_UNCHANGED,sensitivity CI is wider; interpretation otherwise unchanged
H3P|DELTA_Z|curiosity_information_withholding|banglabert|2718|banglaclick:twitter,ESTIMABLE,ESTIMABLE,-0.2728879056578758,-0.2728879056578758,"[-0.5570163501554406, 0.008329047158579584]","[-0.5538890827243563, 0.11256596344367902]",0.0544,0.1516,True,True,UNCERTAINTY_WIDENED_INTERPRETATION_UNCHANGED,sensitivity CI is wider; interpretation otherwise unchanged
H3P|DELTA_Z|curiosity_information_withholding|banglabert|2718|banglaclick:youtube,ESTIMABLE,ESTIMABLE,-0.23335242818425353,-0.23335242818425353,"[-0.439597001575082, 0.011731576818434324]","[-0.45609727362026165, 0.13760967735226665]",0.0616,0.1784,True,True,UNCERTAINTY_WIDENED_INTERPRETATION_UNCHANGED,sensitivity CI is wider; interpretation otherwise unchanged
H3P|DELTA_Z|curiosity_information_withholding|banglabert|31415|baitbuster:youtube_human,ESTIMABLE,ESTIMABLE,-0.14032454870989586,-0.14032454870989586,"[-0.3087088395479899, 0.07617774228246829]","[-0.3088140684561651, 0.13087189879378539]",0.204,0.3156,True,True,UNCERTAINTY_WIDENED_INTERPRETATION_UNCHANGED,sensitivity CI is wider; interpretation otherwise unchanged
H3P|DELTA_Z|curiosity_information_withholding|banglabert|31415|banglaclick:facebook,ESTIMABLE,ESTIMABLE,-0.3170104869221355,-0.3170104869221355,"[-0.48650626755058, -0.14287597862501428]","[-0.49275120778245035, -0.07090323948532258]",0.0012,0.0136,True,True,UNCERTAINTY_WIDENED_INTERPRETATION_UNCHANGED,sensitivity CI is wider; interpretation otherwise unchanged
H3P|DELTA_Z|curiosity_information_withholding|banglabert|31415|banglaclick:news,ESTIMABLE,ESTIMABLE,-0.12872341310130614,-0.12872341310130614,"[-0.40298453913962445, 0.18593279816386163]","[-0.41379397900697235, 0.22849396963172988]",0.412,0.476,True,True,UNCERTAINTY_WIDENED_INTERPRETATION_UNCHANGED,sensitivity CI is wider; interpretation otherwise unchanged
H3P|DELTA_Z|curiosity_information_withholding|banglabert|31415|banglaclick:twitter,ESTIMABLE,ESTIMABLE,0.00787258590115053,0.00787258590115053,"[-0.22776885658922583, 0.24296436268726687]","[-0.2252219590560751, 0.28617684873441845]",0.9348,0.9204,True,True,UNCERTAINTY_WIDENED_INTERPRETATION_UNCHANGED,sensitivity CI is wider; interpretation otherwise unchanged
H3P|DELTA_Z|curiosity_information_withholding|banglabert|31415|banglaclick:youtube,ESTIMABLE,ESTIMABLE,-0.20914017683839428,-0.20914017683839428,"[-0.36528372943331017, -0.0719744137878118]","[-0.37630345844122004, 0.013554640536105746]",0.0024,0.06,True,True,UNCERTAINTY_WIDENED_INTERPRETATION_UNCHANGED,sensitivity CI is wider; interpretation otherwise unchanged
H3P|DELTA_Z|curiosity_information_withholding|banglabert|65537|baitbuster:youtube_human,ESTIMABLE,ESTIMABLE,-0.29503361278863377,-0.29503361278863377,"[-0.5497190560389822, 0.0019140219067878782]","[-0.586740398563799, 0.0667352733393753]",0.0536,0.1056,True,True,UNCERTAINTY_WIDENED_INTERPRETATION_UNCHANGED,sensitivity CI is wider; interpretation otherwise unchanged
H3P|DELTA_Z|curiosity_information_withholding|banglabert|65537|banglaclick:facebook,ESTIMABLE,ESTIMABLE,-0.343367919943058,-0.343367919943058,"[-0.6342584504764244, -0.043974890540633194]","[-0.6718850058059652, -0.00037594641351311643]",0.024,0.05,True,True,UNCERTAINTY_WIDENED_INTERPRETATION_UNCHANGED,sensitivity CI is wider; interpretation otherwise unchanged
H3P|DELTA_Z|curiosity_information_withholding|banglabert|65537|banglaclick:news,ESTIMABLE,ESTIMABLE,-0.20517461421223826,-0.20517461421223826,"[-0.55536989560516, 0.1567604685401722]","[-0.5919553988596702, 0.2058026123100028]",0.2776,0.3144,True,True,UNCERTAINTY_WIDENED_INTERPRETATION_UNCHANGED,sensitivity CI is wider; interpretation otherwise unchanged
H3P|DELTA_Z|curiosity_information_withholding|banglabert|65537|banglaclick:twitter,ESTIMABLE,ESTIMABLE,-0.3954248874101276,-0.3954248874101276,"[-0.6979364508931872, -0.1136116903188512]","[-0.736846308846774, -0.05219632128223474]",0.0032,0.0256,True,True,UNCERTAINTY_WIDENED_INTERPRETATION_UNCHANGED,sensitivity CI is wider; interpretation otherwise unchanged
H3P|DELTA_Z|curiosity_information_withholding|banglabert|65537|banglaclick:youtube,ESTIMABLE,ESTIMABLE,-0.3277475237987246,-0.3277475237987246,"[-0.5890309256980706, -0.10382493394777116]","[-0.6212345472180221, -0.01922973609699801]",0.0028,0.04,True,True,UNCERTAINTY_WIDENED_INTERPRETATION_UNCHANGED,sensitivity CI is wider; interpretation otherwise unchanged
H3P|DELTA_Z|curiosity_information_withholding|ebm|42|baitbuster:youtube_human,ESTIMABLE,ESTIMABLE,0.27311071258869135,0.27311071258869135,"[0.15554846585990953, 0.419239451834529]","[0.16150991987536176, 0.4385521758756289]",0.0004,0.0,True,True,UNCERTAINTY_WIDENED_INTERPRETATION_UNCHANGED,sensitivity CI is wider; interpretation otherwise unchanged
H3P|DELTA_Z|curiosity_information_withholding|ebm|42|banglaclick:facebook,ESTIMABLE,ESTIMABLE,0.05848746868798993,0.05848746868798993,"[-0.12720373140545368, 0.17825880045244225]","[-0.1234310722684292, 0.17331260918473054]",0.5208,0.5232,True,True,CONCORDANT,canonical interpretation unchanged
H3P|DELTA_Z|curiosity_information_withholding|ebm|42|banglaclick:news,ESTIMABLE,ESTIMABLE,-0.07897821607235356,-0.07897821607235356,"[-0.18700448059125482, 0.02218074614231663]","[-0.1863805795623506, 0.013885383656019145]",0.128,0.094,True,True,CONCORDANT,canonical interpretation unchanged
H3P|DELTA_Z|curiosity_information_withholding|ebm|42|banglaclick:twitter,ESTIMABLE,ESTIMABLE,0.65665817457974,0.65665817457974,"[-0.11703436915163697, 1.4266659602763188]","[-0.11224363558734576, 1.413607085824323]",0.51,0.5032,True,True,CONCORDANT,canonical interpretation unchanged
H3P|DELTA_Z|curiosity_information_withholding|ebm|42|banglaclick:youtube,ESTIMABLE,ESTIMABLE,0.3706706557880821,0.3706706557880821,"[0.2623398605347865, 0.7013752567000622]","[0.26800136437397326, 0.7166873165934587]",0.0,0.0,True,True,UNCERTAINTY_WIDENED_INTERPRETATION_UNCHANGED,sensitivity CI is wider; interpretation otherwise unchanged
H3P|DELTA_Z|curiosity_information_withholding|ebm|137|baitbuster:youtube_human,ESTIMABLE,ESTIMABLE,0.27229632752915456,0.27229632752915456,"[0.15562094031486576, 0.4131015339056257]","[0.1608844748207688, 0.4095723684375551]",0.0,0.0,True,True,CONCORDANT,canonical interpretation unchanged
H3P|DELTA_Z|curiosity_information_withholding|ebm|137|banglaclick:facebook,ESTIMABLE,ESTIMABLE,0.056662142178413255,0.056662142178413255,"[-0.12939340297223997, 0.1753280526655213]","[-0.11921459054675229, 0.16552574231135783]",0.5112,0.4932,True,True,CONCORDANT,canonical interpretation unchanged
H3P|DELTA_Z|curiosity_information_withholding|ebm|137|banglaclick:news,ESTIMABLE,ESTIMABLE,-0.07889381321842104,-0.07889381321842104,"[-0.18482489778961342, 0.025583589325364142]","[-0.18799303150122426, 0.014935758093216227]",0.1356,0.0988,True,True,CONCORDANT,canonical interpretation unchanged
H3P|DELTA_Z|curiosity_information_withholding|ebm|137|banglaclick:twitter,ESTIMABLE,ESTIMABLE,0.6539172286863904,0.6539172286863904,"[-0.11302892734409571, 1.419656879538818]","[-0.11312859349192221, 1.4093752054508746]",0.4812,0.5088,True,True,CONCORDANT,canonical interpretation unchanged
H3P|DELTA_Z|curiosity_information_withholding|ebm|137|banglaclick:youtube,ESTIMABLE,ESTIMABLE,0.37106521378959134,0.37106521378959134,"[0.2677015090674113, 0.7166586809671002]","[0.26880111217485064, 0.7186131126924797]",0.0,0.0,True,True,UNCERTAINTY_WIDENED_INTERPRETATION_UNCHANGED,sensitivity CI is wider; interpretation otherwise unchanged
H3P|DELTA_Z|curiosity_information_withholding|ebm|2718|baitbuster:youtube_human,ESTIMABLE,ESTIMABLE,0.2712309566195634,0.2712309566195634,"[0.15785951213866872, 0.42494389258525334]","[0.16092656151673404, 0.4153829663877038]",0.0004,0.0,True,True,CONCORDANT,canonical interpretation unchanged
H3P|DELTA_Z|curiosity_information_withholding|ebm|2718|banglaclick:facebook,ESTIMABLE,ESTIMABLE,0.05707900409623101,0.05707900409623101,"[-0.12440666532125799, 0.17229448390664673]","[-0.12304595923941096, 0.16562706350315495]",0.504,0.5268,True,True,CONCORDANT,canonical interpretation unchanged
H3P|DELTA_Z|curiosity_information_withholding|ebm|2718|banglaclick:news,ESTIMABLE,ESTIMABLE,-0.07780751607932312,-0.07780751607932312,"[-0.1850657984886906, 0.02585100828214907]","[-0.19008549853446288, 0.013299185460897037]",0.1352,0.094,True,True,CONCORDANT,canonical interpretation unchanged
H3P|DELTA_Z|curiosity_information_withholding|ebm|2718|banglaclick:twitter,ESTIMABLE,ESTIMABLE,0.655214233515675,0.655214233515675,"[-0.11678629479892906, 1.4245250706969654]","[-0.11360205033858203, 1.4110434592723158]",0.4876,0.5092,True,True,CONCORDANT,canonical interpretation unchanged
H3P|DELTA_Z|curiosity_information_withholding|ebm|2718|banglaclick:youtube,ESTIMABLE,ESTIMABLE,0.36909039204055216,0.36909039204055216,"[0.2618433074319128, 0.7320139773297282]","[0.26175808843908166, 0.707440187862248]",0.0,0.0,True,True,CONCORDANT,canonical interpretation unchanged
H3P|DELTA_Z|curiosity_information_withholding|ebm|31415|baitbuster:youtube_human,ESTIMABLE,ESTIMABLE,0.27059240142387453,0.27059240142387453,"[0.15915533932316944, 0.4124558578612402]","[0.15443711415654993, 0.40505674851399465]",0.0,0.0004,True,True,CONCORDANT,canonical interpretation unchanged
H3P|DELTA_Z|curiosity_information_withholding|ebm|31415|banglaclick:facebook,ESTIMABLE,ESTIMABLE,0.05472209440203257,0.05472209440203257,"[-0.12729519097207412, 0.16742420393255095]","[-0.12927986919726553, 0.16321572387669506]",0.54,0.524,True,True,CONCORDANT,canonical interpretation unchanged
H3P|DELTA_Z|curiosity_information_withholding|ebm|31415|banglaclick:news,ESTIMABLE,ESTIMABLE,-0.0794148137834062,-0.0794148137834062,"[-0.18462877256616372, 0.02421677586902391]","[-0.1845891619396065, 0.011749221000129139]",0.1372,0.0884,True,True,CONCORDANT,canonical interpretation unchanged
H3P|DELTA_Z|curiosity_information_withholding|ebm|31415|banglaclick:twitter,ESTIMABLE,ESTIMABLE,0.6563690374469191,0.6563690374469191,"[-0.11095647006647051, 1.4254787507860494]","[-0.11308779688026194, 1.414795402664335]",0.4932,0.49,True,True,CONCORDANT,canonical interpretation unchanged
H3P|DELTA_Z|curiosity_information_withholding|ebm|31415|banglaclick:youtube,ESTIMABLE,ESTIMABLE,0.36920519825997444,0.36920519825997444,"[0.2641457919852712, 0.729564714230823]","[0.26828788378467083, 0.7159032938520634]",0.0,0.0,True,True,CONCORDANT,canonical interpretation unchanged
H3P|DELTA_Z|curiosity_information_withholding|ebm|65537|baitbuster:youtube_human,ESTIMABLE,ESTIMABLE,0.26929071782731384,0.26929071782731384,"[0.15436115475351284, 0.4084715214323668]","[0.15836957710419333, 0.4152403334901849]",0.0,0.0004,True,True,UNCERTAINTY_WIDENED_INTERPRETATION_UNCHANGED,sensitivity CI is wider; interpretation otherwise unchanged
H3P|DELTA_Z|curiosity_information_withholding|ebm|65537|banglaclick:facebook,ESTIMABLE,ESTIMABLE,0.05215563883645791,0.05215563883645791,"[-0.13032195701373828, 0.1681611581746467]","[-0.1249400927638985, 0.16314458303652463]",0.556,0.5512,True,True,CONCORDANT,canonical interpretation unchanged
H3P|DELTA_Z|curiosity_information_withholding|ebm|65537|banglaclick:news,ESTIMABLE,ESTIMABLE,-0.07907757229964885,-0.07907757229964885,"[-0.18556350726561535, 0.023844734093180258]","[-0.18306863870550388, 0.01141453018618747]",0.1332,0.0912,True,True,CONCORDANT,canonical interpretation unchanged
H3P|DELTA_Z|curiosity_information_withholding|ebm|65537|banglaclick:twitter,ESTIMABLE,ESTIMABLE,0.6557345711120253,0.6557345711120253,"[-0.1132200374819477, 1.4262195312062258]","[-0.11034661886487596, 1.4139019057245568]",0.4896,0.518,True,True,CONCORDANT,canonical interpretation unchanged
H3P|DELTA_Z|curiosity_information_withholding|ebm|65537|banglaclick:youtube,ESTIMABLE,ESTIMABLE,0.3673847806405037,0.3673847806405037,"[0.2574770797460414, 0.712644620888144]","[0.26546022385495716, 0.7074017894825385]",0.0,0.0,True,True,CONCORDANT,canonical interpretation unchanged
H3P|DELTA_Z|direct_address_imperative|banglabert|42|baitbuster:youtube_human,ESTIMABLE,ESTIMABLE,0.10896560550235146,0.10896560550235146,"[-0.04178837326157799, 0.2783927745468967]","[-0.045238959873539764, 0.28792283481207437]",0.1496,0.1596,True,True,UNCERTAINTY_WIDENED_INTERPRETATION_UNCHANGED,sensitivity CI is wider; interpretation otherwise unchanged
H3P|DELTA_Z|direct_address_imperative|banglabert|42|banglaclick:facebook,ESTIMABLE,ESTIMABLE,-0.1264435707353887,-0.1264435707353887,"[-0.30607028329799457, 0.06718586120806534]","[-0.30950500944359194, 0.0740351232206866]",0.2028,0.22,True,True,UNCERTAINTY_WIDENED_INTERPRETATION_UNCHANGED,sensitivity CI is wider; interpretation otherwise unchanged
H3P|DELTA_Z|direct_address_imperative|banglabert|42|banglaclick:news,ESTIMABLE,ESTIMABLE,-0.0250701706977966,-0.0250701706977966,"[-0.2328239984682464, 0.19956396858712833]","[-0.23242042269257188, 0.20929066773007693]",0.8168,0.8244,True,True,UNCERTAINTY_WIDENED_INTERPRETATION_UNCHANGED,sensitivity CI is wider; interpretation otherwise unchanged
H3P|DELTA_Z|direct_address_imperative|banglabert|42|banglaclick:twitter,ESTIMABLE,ESTIMABLE,-0.14924550532646802,-0.14924550532646802,"[-0.31790586067385945, 0.02952491347708662]","[-0.32044762470323923, 0.03899063220125646]",0.0956,0.1136,True,True,UNCERTAINTY_WIDENED_INTERPRETATION_UNCHANGED,sensitivity CI is wider; interpretation otherwise unchanged
H3P|DELTA_Z|direct_address_imperative|banglabert|42|banglaclick:youtube,ESTIMABLE,ESTIMABLE,-0.03651642353193174,-0.03651642353193174,"[-0.1873388777715274, 0.19374762002781035]","[-0.18789849694721825, 0.20136735745141884]",0.8756,0.8652,True,True,UNCERTAINTY_WIDENED_INTERPRETATION_UNCHANGED,sensitivity CI is wider; interpretation otherwise unchanged
H3P|DELTA_Z|direct_address_imperative|banglabert|137|baitbuster:youtube_human,ESTIMABLE,ESTIMABLE,0.10729154592991114,0.10729154592991114,"[-0.05233306363928182, 0.27428231710521866]","[-0.09542560319778226, 0.30821992903252887]",0.1872,0.292,True,True,UNCERTAINTY_WIDENED_INTERPRETATION_UNCHANGED,sensitivity CI is wider; interpretation otherwise unchanged
H3P|DELTA_Z|direct_address_imperative|banglabert|137|banglaclick:facebook,ESTIMABLE,ESTIMABLE,-0.15191651084254604,-0.15191651084254604,"[-0.3795139204639724, 0.10370169835356886]","[-0.4176072345950514, 0.12977415388085797]",0.2452,0.2612,True,True,UNCERTAINTY_WIDENED_INTERPRETATION_UNCHANGED,sensitivity CI is wider; interpretation otherwise unchanged
H3P|DELTA_Z|direct_address_imperative|banglabert|137|banglaclick:news,ESTIMABLE,ESTIMABLE,-0.16803719339271384,-0.16803719339271384,"[-0.3608406348776837, 0.03610952810262225]","[-0.3923813690905354, 0.07280991907409694]",0.1024,0.172,True,True,UNCERTAINTY_WIDENED_INTERPRETATION_UNCHANGED,sensitivity CI is wider; interpretation otherwise unchanged
H3P|DELTA_Z|direct_address_imperative|banglabert|137|banglaclick:twitter,ESTIMABLE,ESTIMABLE,-0.2417492490572234,-0.2417492490572234,"[-0.41070067741217736, -0.07362098762588146]","[-0.4519689369748614, -0.034965652486130774]",0.0084,0.0236,True,True,UNCERTAINTY_WIDENED_INTERPRETATION_UNCHANGED,sensitivity CI is wider; interpretation otherwise unchanged
H3P|DELTA_Z|direct_address_imperative|banglabert|137|banglaclick:youtube,ESTIMABLE,ESTIMABLE,-0.04537790764324379,-0.04537790764324379,"[-0.19435328638208754, 0.21385690856673867]","[-0.24707322321127004, 0.238163223698068]",0.768,0.776,True,True,UNCERTAINTY_WIDENED_INTERPRETATION_UNCHANGED,sensitivity CI is wider; interpretation otherwise unchanged
H3P|DELTA_Z|direct_address_imperative|banglabert|2718|baitbuster:youtube_human,ESTIMABLE,ESTIMABLE,0.11018074167913988,0.11018074167913988,"[-0.06339638595784486, 0.31456890204542676]","[-0.1136650985954627, 0.34299003441346954]",0.1944,0.2656,True,True,UNCERTAINTY_WIDENED_INTERPRETATION_UNCHANGED,sensitivity CI is wider; interpretation otherwise unchanged
H3P|DELTA_Z|direct_address_imperative|banglabert|2718|banglaclick:facebook,ESTIMABLE,ESTIMABLE,-0.16287393183015664,-0.16287393183015664,"[-0.37421484528529486, 0.049056077699832216]","[-0.4028351191304104, 0.07597641990573102]",0.1492,0.1928,True,True,UNCERTAINTY_WIDENED_INTERPRETATION_UNCHANGED,sensitivity CI is wider; interpretation otherwise unchanged
H3P|DELTA_Z|direct_address_imperative|banglabert|2718|banglaclick:news,ESTIMABLE,ESTIMABLE,-0.27693918396354367,-0.27693918396354367,"[-0.5182713761074265, -0.04457466726096915]","[-0.5362936642662077, -0.017212958167894282]",0.0208,0.0376,True,True,UNCERTAINTY_WIDENED_INTERPRETATION_UNCHANGED,sensitivity CI is wider; interpretation otherwise unchanged
H3P|DELTA_Z|direct_address_imperative|banglabert|2718|banglaclick:twitter,ESTIMABLE,ESTIMABLE,-0.2212123548854952,-0.2212123548854952,"[-0.4223571967800566, -0.018591433737087666]","[-0.4593632358890088, 0.010073075048505143]",0.0292,0.0608,True,True,UNCERTAINTY_WIDENED_INTERPRETATION_UNCHANGED,sensitivity CI is wider; interpretation otherwise unchanged
H3P|DELTA_Z|direct_address_imperative|banglabert|2718|banglaclick:youtube,ESTIMABLE,ESTIMABLE,-0.03315253456331063,-0.03315253456331063,"[-0.20723143454466172, 0.23638556513590173]","[-0.2434567743053095, 0.24820528788242505]",0.9516,0.9748,True,True,UNCERTAINTY_WIDENED_INTERPRETATION_UNCHANGED,sensitivity CI is wider; interpretation otherwise unchanged
H3P|DELTA_Z|direct_address_imperative|banglabert|31415|baitbuster:youtube_human,ESTIMABLE,ESTIMABLE,0.07933972209423745,0.07933972209423745,"[-0.06003838261393808, 0.22853663950999545]","[-0.0810759672337085, 0.23252476480192966]",0.2296,0.2868,True,True,UNCERTAINTY_WIDENED_INTERPRETATION_UNCHANGED,sensitivity CI is wider; interpretation otherwise unchanged
H3P|DELTA_Z|direct_address_imperative|banglabert|31415|banglaclick:facebook,ESTIMABLE,ESTIMABLE,-0.2197583569215374,-0.2197583569215374,"[-0.409899279456047, -0.028789684947860338]","[-0.4114226973556314, -0.013196283085473437]",0.0272,0.0376,True,True,UNCERTAINTY_WIDENED_INTERPRETATION_UNCHANGED,sensitivity CI is wider; interpretation otherwise unchanged
H3P|DELTA_Z|direct_address_imperative|banglabert|31415|banglaclick:news,ESTIMABLE,ESTIMABLE,-0.13539283822520054,-0.13539283822520054,"[-0.3157829440772479, 0.05089362423502548]","[-0.339557442521724, 0.06014461376359347]",0.1556,0.1592,True,True,UNCERTAINTY_WIDENED_INTERPRETATION_UNCHANGED,sensitivity CI is wider; interpretation otherwise unchanged
H3P|DELTA_Z|direct_address_imperative|banglabert|31415|banglaclick:twitter,ESTIMABLE,ESTIMABLE,-0.24503795045657434,-0.24503795045657434,"[-0.4020858690731385, -0.09921386013089818]","[-0.4240047880647192, -0.08733876393157812]",0.0024,0.0016,True,True,UNCERTAINTY_WIDENED_INTERPRETATION_UNCHANGED,sensitivity CI is wider; interpretation otherwise unchanged
H3P|DELTA_Z|direct_address_imperative|banglabert|31415|banglaclick:youtube,ESTIMABLE,ESTIMABLE,-0.0454027201541799,-0.0454027201541799,"[-0.1883503618758307, 0.10941397248562074]","[-0.2026162856720326, 0.11195903611323335]",0.6164,0.6392,True,True,UNCERTAINTY_WIDENED_INTERPRETATION_UNCHANGED,sensitivity CI is wider; interpretation otherwise unchanged
H3P|DELTA_Z|direct_address_imperative|banglabert|65537|baitbuster:youtube_human,ESTIMABLE,ESTIMABLE,-0.008639302487068401,-0.008639302487068401,"[-0.15907876376660204, 0.15005670059406356]","[-0.19750437724384828, 0.18837546877285097]",0.9704,0.9504,True,True,UNCERTAINTY_WIDENED_INTERPRETATION_UNCHANGED,sensitivity CI is wider; interpretation otherwise unchanged
H3P|DELTA_Z|direct_address_imperative|banglabert|65537|banglaclick:facebook,ESTIMABLE,ESTIMABLE,-0.09789084008811438,-0.09789084008811438,"[-0.33080195706353815, 0.16881592080990254]","[-0.3664776210306037, 0.21061172632579409]",0.432,0.4928,True,True,UNCERTAINTY_WIDENED_INTERPRETATION_UNCHANGED,sensitivity CI is wider; interpretation otherwise unchanged
H3P|DELTA_Z|direct_address_imperative|banglabert|65537|banglaclick:news,ESTIMABLE,ESTIMABLE,-0.21399745324464597,-0.21399745324464597,"[-0.39202666211920534, -0.03210580063067866]","[-0.426815083072043, 0.0011519440049445584]",0.0204,0.052,True,True,UNCERTAINTY_WIDENED_INTERPRETATION_UNCHANGED,sensitivity CI is wider; interpretation otherwise unchanged
H3P|DELTA_Z|direct_address_imperative|banglabert|65537|banglaclick:twitter,ESTIMABLE,ESTIMABLE,-0.2696334888024823,-0.2696334888024823,"[-0.443475802105757, -0.10401719889704787]","[-0.47388984000216566, -0.060559926464812536]",0.0008,0.0128,True,True,UNCERTAINTY_WIDENED_INTERPRETATION_UNCHANGED,sensitivity CI is wider; interpretation otherwise unchanged
H3P|DELTA_Z|direct_address_imperative|banglabert|65537|banglaclick:youtube,ESTIMABLE,ESTIMABLE,-0.13574038923894258,-0.13574038923894258,"[-0.2842453452617775, 0.018599586355162824]","[-0.316876900276013, 0.05376565766695182]",0.0812,0.18,True,True,UNCERTAINTY_WIDENED_INTERPRETATION_UNCHANGED,sensitivity CI is wider; interpretation otherwise unchanged
H3P|DELTA_Z|direct_address_imperative|ebm|42|baitbuster:youtube_human,ESTIMABLE,ESTIMABLE,0.10130599148473496,0.10130599148473496,"[-0.02164784224770634, 0.20822530323490723]","[-0.025497127339116913, 0.21735886461318277]",0.0972,0.1112,True,True,UNCERTAINTY_WIDENED_INTERPRETATION_UNCHANGED,sensitivity CI is wider; interpretation otherwise unchanged
H3P|DELTA_Z|direct_address_imperative|ebm|42|banglaclick:facebook,ESTIMABLE,ESTIMABLE,-0.5440691345041242,-0.5440691345041242,"[-0.7234231319816636, -0.302975243951147]","[-0.7327154981775839, -0.28665079653483927]",0.0008,0.0012,True,True,UNCERTAINTY_WIDENED_INTERPRETATION_UNCHANGED,sensitivity CI is wider; interpretation otherwise unchanged
H3P|DELTA_Z|direct_address_imperative|ebm|42|banglaclick:news,ESTIMABLE,ESTIMABLE,-0.08215254319539222,-0.08215254319539222,"[-0.2334668388292891, 0.06921352574017971]","[-0.22976137674253982, 0.0693515178936249]",0.2784,0.3044,True,True,CONCORDANT,canonical interpretation unchanged
H3P|DELTA_Z|direct_address_imperative|ebm|42|banglaclick:twitter,ESTIMABLE,ESTIMABLE,0.04805646568489452,0.04805646568489452,"[-0.21470517818843887, 0.31503574387844496]","[-0.21001224996877127, 0.3146304698861289]",0.706,0.718,True,True,CONCORDANT,canonical interpretation unchanged
H3P|DELTA_Z|direct_address_imperative|ebm|42|banglaclick:youtube,ESTIMABLE,ESTIMABLE,0.15728251637047874,0.15728251637047874,"[0.00949308633481709, 0.40211930816743724]","[0.0020435555528229427, 0.4073491389317748]",0.04,0.0468,True,True,UNCERTAINTY_WIDENED_INTERPRETATION_UNCHANGED,sensitivity CI is wider; interpretation otherwise unchanged
H3P|DELTA_Z|direct_address_imperative|ebm|137|baitbuster:youtube_human,ESTIMABLE,ESTIMABLE,0.10113798499504645,0.10113798499504645,"[-0.018787387656533615, 0.20899462653601814]","[-0.021588046168649143, 0.21406296523545626]",0.0928,0.1048,True,True,UNCERTAINTY_WIDENED_INTERPRETATION_UNCHANGED,sensitivity CI is wider; interpretation otherwise unchanged
H3P|DELTA_Z|direct_address_imperative|ebm|137|banglaclick:facebook,ESTIMABLE,ESTIMABLE,-0.5444698639121239,-0.5444698639121239,"[-0.7250198394248099, -0.274791206043548]","[-0.7320424739272553, -0.28112127047119984]",0.0,0.0004,True,True,UNCERTAINTY_WIDENED_INTERPRETATION_UNCHANGED,sensitivity CI is wider; interpretation otherwise unchanged
H3P|DELTA_Z|direct_address_imperative|ebm|137|banglaclick:news,ESTIMABLE,ESTIMABLE,-0.08103358099235414,-0.08103358099235414,"[-0.23416039714048484, 0.06559411929837618]","[-0.23707704408319066, 0.07548945441880157]",0.2832,0.312,True,True,UNCERTAINTY_WIDENED_INTERPRETATION_UNCHANGED,sensitivity CI is wider; interpretation otherwise unchanged
H3P|DELTA_Z|direct_address_imperative|ebm|137|banglaclick:twitter,ESTIMABLE,ESTIMABLE,0.05095910183026531,0.05095910183026531,"[-0.21017050801393258, 0.31491088298585823]","[-0.20842194294455726, 0.33241826400561403]",0.7152,0.6932,True,True,UNCERTAINTY_WIDENED_INTERPRETATION_UNCHANGED,sensitivity CI is wider; interpretation otherwise unchanged
H3P|DELTA_Z|direct_address_imperative|ebm|137|banglaclick:youtube,ESTIMABLE,ESTIMABLE,0.15685091909272497,0.15685091909272497,"[0.006338601618994716, 0.4044603420793369]","[-0.0015142361450914406, 0.40892023692508783]",0.0436,0.0548,True,True,UNCERTAINTY_WIDENED_INTERPRETATION_UNCHANGED,sensitivity CI is wider; interpretation otherwise unchanged
H3P|DELTA_Z|direct_address_imperative|ebm|2718|baitbuster:youtube_human,ESTIMABLE,ESTIMABLE,0.10023383284691678,0.10023383284691678,"[-0.01987018084365854, 0.2076274171358068]","[-0.02349959868364391, 0.2111263447086872]",0.1072,0.1024,True,True,UNCERTAINTY_WIDENED_INTERPRETATION_UNCHANGED,sensitivity CI is wider; interpretation otherwise unchanged
H3P|DELTA_Z|direct_address_imperative|ebm|2718|banglaclick:facebook,ESTIMABLE,ESTIMABLE,-0.5434045881914908,-0.5434045881914908,"[-0.7297024387864357, -0.2755747314180942]","[-0.7278753948410905, -0.2809378049908604]",0.0012,0.0012,True,True,CONCORDANT,canonical interpretation unchanged
H3P|DELTA_Z|direct_address_imperative|ebm|2718|banglaclick:news,ESTIMABLE,ESTIMABLE,-0.08198900872354153,-0.08198900872354153,"[-0.2386998179102016, 0.0660559793645245]","[-0.23663513682945397, 0.06918213049984005]",0.2884,0.2956,True,True,UNCERTAINTY_WIDENED_INTERPRETATION_UNCHANGED,sensitivity CI is wider; interpretation otherwise unchanged
H3P|DELTA_Z|direct_address_imperative|ebm|2718|banglaclick:twitter,ESTIMABLE,ESTIMABLE,0.04837809940506643,0.04837809940506643,"[-0.21268415977095306, 0.29972550471521414]","[-0.21058321887562956, 0.31732498046109614]",0.7448,0.74,True,True,UNCERTAINTY_WIDENED_INTERPRETATION_UNCHANGED,sensitivity CI is wider; interpretation otherwise unchanged
H3P|DELTA_Z|direct_address_imperative|ebm|2718|banglaclick:youtube,ESTIMABLE,ESTIMABLE,0.15616484462589808,0.15616484462589808,"[0.004225303273057746, 0.3961533370395861]","[0.003637063611044389, 0.40638689906954373]",0.0424,0.0448,True,True,UNCERTAINTY_WIDENED_INTERPRETATION_UNCHANGED,sensitivity CI is wider; interpretation otherwise unchanged
H3P|DELTA_Z|direct_address_imperative|ebm|31415|baitbuster:youtube_human,ESTIMABLE,ESTIMABLE,0.09992030671765217,0.09992030671765217,"[-0.021275940308023284, 0.21106387969393742]","[-0.017471178142800525, 0.21225780592600696]",0.102,0.094,True,True,CONCORDANT,canonical interpretation unchanged
H3P|DELTA_Z|direct_address_imperative|ebm|31415|banglaclick:facebook,ESTIMABLE,ESTIMABLE,-0.5448367748745979,-0.5448367748745979,"[-0.7284986497254538, -0.2759259916833162]","[-0.7337116532303449, -0.29045967275441287]",0.0004,0.0004,True,True,CONCORDANT,canonical interpretation unchanged
H3P|DELTA_Z|direct_address_imperative|ebm|31415|banglaclick:news,ESTIMABLE,ESTIMABLE,-0.08241516569603391,-0.08241516569603391,"[-0.2351462875960692, 0.0674711626280738]","[-0.23561956566982792, 0.0722784532651923]",0.284,0.296,True,True,UNCERTAINTY_WIDENED_INTERPRETATION_UNCHANGED,sensitivity CI is wider; interpretation otherwise unchanged
H3P|DELTA_Z|direct_address_imperative|ebm|31415|banglaclick:twitter,ESTIMABLE,ESTIMABLE,0.0489186197413114,0.0489186197413114,"[-0.2009270320374782, 0.3176610932270627]","[-0.20982183877819013, 0.3119737312560399]",0.7332,0.7068,True,True,UNCERTAINTY_WIDENED_INTERPRETATION_UNCHANGED,sensitivity CI is wider; interpretation otherwise unchanged
H3P|DELTA_Z|direct_address_imperative|ebm|31415|banglaclick:youtube,ESTIMABLE,ESTIMABLE,0.15604109174762915,0.15604109174762915,"[0.006592085073868537, 0.4098353776858533]","[-0.000722878106468742, 0.407317610789026]",0.0424,0.0516,True,True,UNCERTAINTY_WIDENED_INTERPRETATION_UNCHANGED,sensitivity CI is wider; interpretation otherwise unchanged
H3P|DELTA_Z|direct_address_imperative|ebm|65537|baitbuster:youtube_human,ESTIMABLE,ESTIMABLE,0.10081439693327865,0.10081439693327865,"[-0.019587112938561087, 0.2079127196599983]","[-0.025455412550589734, 0.21726142157647976]",0.1008,0.1152,True,True,UNCERTAINTY_WIDENED_INTERPRETATION_UNCHANGED,sensitivity CI is wider; interpretation otherwise unchanged
H3P|DELTA_Z|direct_address_imperative|ebm|65537|banglaclick:facebook,ESTIMABLE,ESTIMABLE,-0.5434929889440269,-0.5434929889440269,"[-0.7291921085567005, -0.2907047730145052]","[-0.7277581314423869, -0.27792306083692797]",0.0004,0.0004,True,True,UNCERTAINTY_WIDENED_INTERPRETATION_UNCHANGED,sensitivity CI is wider; interpretation otherwise unchanged
H3P|DELTA_Z|direct_address_imperative|ebm|65537|banglaclick:news,ESTIMABLE,ESTIMABLE,-0.08119983922904628,-0.08119983922904628,"[-0.23257116227251576, 0.0656336198585836]","[-0.23289010652847947, 0.0719959826832174]",0.2804,0.3136,True,True,UNCERTAINTY_WIDENED_INTERPRETATION_UNCHANGED,sensitivity CI is wider; interpretation otherwise unchanged
H3P|DELTA_Z|direct_address_imperative|ebm|65537|banglaclick:twitter,ESTIMABLE,ESTIMABLE,0.05031702316915854,0.05031702316915854,"[-0.22162662552858658, 0.31518237026643336]","[-0.21338091274487578, 0.31963814901849813]",0.7004,0.688,True,True,CONCORDANT,canonical interpretation unchanged
H3P|DELTA_Z|direct_address_imperative|ebm|65537|banglaclick:youtube,ESTIMABLE,ESTIMABLE,0.15622561530919143,0.15622561530919143,"[0.005165837469371722, 0.4031098857364538]","[-0.0022010435240883606, 0.4130691146916604]",0.0392,0.052,True,True,UNCERTAINTY_WIDENED_INTERPRETATION_UNCHANGED,sensitivity CI is wider; interpretation otherwise unchanged
H3P|DELTA_Z|punctuation_intensity|banglabert|42|baitbuster:youtube_human,ESTIMABLE,ESTIMABLE,-0.46467247264891337,-0.46467247264891337,"[-0.6441445394044815, -0.09805271824225453]","[-0.688878117388109, -0.07721072223847594]",0.0,0.0056,True,True,UNCERTAINTY_WIDENED_INTERPRETATION_UNCHANGED,sensitivity CI is wider; interpretation otherwise unchanged
H3P|DELTA_Z|punctuation_intensity|banglabert|42|banglaclick:facebook,ESTIMABLE,ESTIMABLE,-0.4044790342088266,-0.4044790342088266,"[-0.5643907635571079, -0.24097140021608052]","[-0.6110797744822268, -0.20534898276405875]",0.0,0.0,True,True,UNCERTAINTY_WIDENED_INTERPRETATION_UNCHANGED,sensitivity CI is wider; interpretation otherwise unchanged
H3P|DELTA_Z|punctuation_intensity|banglabert|42|banglaclick:news,ESTIMABLE,ESTIMABLE,-0.10653016104656643,-0.10653016104656643,"[-0.2231491446947928, 0.014563194233270025]","[-0.27681009742636586, 0.059055588711795046]",0.0828,0.2068,True,True,UNCERTAINTY_WIDENED_INTERPRETATION_UNCHANGED,sensitivity CI is wider; interpretation otherwise unchanged
H3P|DELTA_Z|punctuation_intensity|banglabert|42|banglaclick:twitter,ESTIMABLE,ESTIMABLE,-0.6648963147418641,-0.6648963147418641,"[-0.7572294884150045, -0.569017988900071]","[-0.825198298274774, -0.5145340407825812]",0.0,0.0,True,True,UNCERTAINTY_WIDENED_INTERPRETATION_UNCHANGED,sensitivity CI is wider; interpretation otherwise unchanged
H3P|DELTA_Z|punctuation_intensity|banglabert|42|banglaclick:youtube,ESTIMABLE,ESTIMABLE,-0.6000592281189878,-0.6000592281189878,"[-0.7370438917800666, -0.3383222781275255]","[-0.7904872964839287, -0.3081742381221775]",0.0,0.0,True,True,UNCERTAINTY_WIDENED_INTERPRETATION_UNCHANGED,sensitivity CI is wider; interpretation otherwise unchanged
H3P|DELTA_Z|punctuation_intensity|banglabert|137|baitbuster:youtube_human,ESTIMABLE,ESTIMABLE,-0.36593501940596257,-0.36593501940596257,"[-0.5134654450458106, -0.09412566844110988]","[-0.5588972505645059, -0.061396983198228665]",0.0008,0.0088,True,True,UNCERTAINTY_WIDENED_INTERPRETATION_UNCHANGED,sensitivity CI is wider; interpretation otherwise unchanged
H3P|DELTA_Z|punctuation_intensity|banglabert|137|banglaclick:facebook,ESTIMABLE,ESTIMABLE,-0.23448093454172675,-0.23448093454172675,"[-0.3921094508958557, -0.05597276114169175]","[-0.43317483569524684, -0.026526742193470926]",0.0088,0.0288,True,True,UNCERTAINTY_WIDENED_INTERPRETATION_UNCHANGED,sensitivity CI is wider; interpretation otherwise unchanged
H3P|DELTA_Z|punctuation_intensity|banglabert|137|banglaclick:news,ESTIMABLE,ESTIMABLE,-0.05274466500251884,-0.05274466500251884,"[-0.15873540162787866, 0.05394334492751326]","[-0.21326487504287997, 0.10529175025375322]",0.322,0.5,True,True,UNCERTAINTY_WIDENED_INTERPRETATION_UNCHANGED,sensitivity CI is wider; interpretation otherwise unchanged
H3P|DELTA_Z|punctuation_intensity|banglabert|137|banglaclick:twitter,ESTIMABLE,ESTIMABLE,-0.5254747422834987,-0.5254747422834987,"[-0.615076073136401, -0.4298046718592634]","[-0.6739390160906347, -0.3774072925449319]",0.0,0.0,True,True,UNCERTAINTY_WIDENED_INTERPRETATION_UNCHANGED,sensitivity CI is wider; interpretation otherwise unchanged
H3P|DELTA_Z|punctuation_intensity|banglabert|137|banglaclick:youtube,ESTIMABLE,ESTIMABLE,-0.47189270644017256,-0.47189270644017256,"[-0.5748709120561585, -0.2748487529882961]","[-0.6330818738493607, -0.22452292899875906]",0.0004,0.0024,True,True,UNCERTAINTY_WIDENED_INTERPRETATION_UNCHANGED,sensitivity CI is wider; interpretation otherwise unchanged
H3P|DELTA_Z|punctuation_intensity|banglabert|2718|baitbuster:youtube_human,ESTIMABLE,ESTIMABLE,-0.0207094063520048,-0.0207094063520048,"[-0.16976948329186928, 0.26077192055441234]","[-0.22534114272608632, 0.29552891890164495]",0.9644,0.9856,True,True,UNCERTAINTY_WIDENED_INTERPRETATION_UNCHANGED,sensitivity CI is wider; interpretation otherwise unchanged
H3P|DELTA_Z|punctuation_intensity|banglabert|2718|banglaclick:facebook,ESTIMABLE,ESTIMABLE,-0.1666583097670179,-0.1666583097670179,"[-0.3603248624544024, 0.03214970367080976]","[-0.40872032179880957, 0.07017071274976151]",0.1056,0.1668,True,True,UNCERTAINTY_WIDENED_INTERPRETATION_UNCHANGED,sensitivity CI is wider; interpretation otherwise unchanged
H3P|DELTA_Z|punctuation_intensity|banglabert|2718|banglaclick:news,ESTIMABLE,ESTIMABLE,-0.048417751733024095,-0.048417751733024095,"[-0.16345596011369143, 0.07622820941424321]","[-0.22904124515700716, 0.1270560505984923]",0.4424,0.5964,True,True,UNCERTAINTY_WIDENED_INTERPRETATION_UNCHANGED,sensitivity CI is wider; interpretation otherwise unchanged
H3P|DELTA_Z|punctuation_intensity|banglabert|2718|banglaclick:twitter,ESTIMABLE,ESTIMABLE,-0.524693078865918,-0.524693078865918,"[-0.6190688710977564, -0.4248956993655478]","[-0.6914929139091999, -0.37092084254513713]",0.0,0.0,True,True,UNCERTAINTY_WIDENED_INTERPRETATION_UNCHANGED,sensitivity CI is wider; interpretation otherwise unchanged
H3P|DELTA_Z|punctuation_intensity|banglabert|2718|banglaclick:youtube,ESTIMABLE,ESTIMABLE,-0.11882621716983244,-0.11882621716983244,"[-0.24614088419870403, 0.12779671450870989]","[-0.31181023385390066, 0.1637668738966923]",0.4308,0.456,True,True,UNCERTAINTY_WIDENED_INTERPRETATION_UNCHANGED,sensitivity CI is wider; interpretation otherwise unchanged
H3P|DELTA_Z|punctuation_intensity|banglabert|31415|baitbuster:youtube_human,ESTIMABLE,ESTIMABLE,-0.31904273905926295,-0.31904273905926295,"[-0.4610374602502527, -0.056283034226395356]","[-0.5137708793146428, -0.020265827088034434]",0.0064,0.0256,True,True,UNCERTAINTY_WIDENED_INTERPRETATION_UNCHANGED,sensitivity CI is wider; interpretation otherwise unchanged
H3P|DELTA_Z|punctuation_intensity|banglabert|31415|banglaclick:facebook,ESTIMABLE,ESTIMABLE,-0.20698093226176817,-0.20698093226176817,"[-0.38528115661695106, -0.04813536494814133]","[-0.43185096046544985, -0.020669292693608295]",0.0116,0.0288,True,True,UNCERTAINTY_WIDENED_INTERPRETATION_UNCHANGED,sensitivity CI is wider; interpretation otherwise unchanged
H3P|DELTA_Z|punctuation_intensity|banglabert|31415|banglaclick:news,ESTIMABLE,ESTIMABLE,0.0007486914125545141,0.0007486914125545141,"[-0.12233134085654483, 0.11487670043922486]","[-0.17375782566661888, 0.15187104431995332]",0.9928,0.9612,True,True,UNCERTAINTY_WIDENED_INTERPRETATION_UNCHANGED,sensitivity CI is wider; interpretation otherwise unchanged
H3P|DELTA_Z|punctuation_intensity|banglabert|31415|banglaclick:twitter,ESTIMABLE,ESTIMABLE,-0.532626316985302,-0.532626316985302,"[-0.6192820566132196, -0.43939195973467754]","[-0.6912782683718481, -0.39471701735811476]",0.0,0.0,True,True,UNCERTAINTY_WIDENED_INTERPRETATION_UNCHANGED,sensitivity CI is wider; interpretation otherwise unchanged
H3P|DELTA_Z|punctuation_intensity|banglabert|31415|banglaclick:youtube,ESTIMABLE,ESTIMABLE,-0.42478900951365833,-0.42478900951365833,"[-0.5364926166988827, -0.20945006608205327]","[-0.5995199424369944, -0.1689552879726942]",0.0008,0.0012,True,True,UNCERTAINTY_WIDENED_INTERPRETATION_UNCHANGED,sensitivity CI is wider; interpretation otherwise unchanged
H3P|DELTA_Z|punctuation_intensity|banglabert|65537|baitbuster:youtube_human,ESTIMABLE,ESTIMABLE,-0.06136758183151869,-0.06136758183151869,"[-0.26243842749156415, 0.36475506144534425]","[-0.29701757472496193, 0.37101010292774683]",0.6856,0.7032,True,True,UNCERTAINTY_WIDENED_INTERPRETATION_UNCHANGED,sensitivity CI is wider; interpretation otherwise unchanged
H3P|DELTA_Z|punctuation_intensity|banglabert|65537|banglaclick:facebook,ESTIMABLE,ESTIMABLE,-0.18413495209338604,-0.18413495209338604,"[-0.3654995335040002, 0.004407785877616219]","[-0.4012228188300342, 0.01348793692124418]",0.058,0.0668,True,True,UNCERTAINTY_WIDENED_INTERPRETATION_UNCHANGED,sensitivity CI is wider; interpretation otherwise unchanged
H3P|DELTA_Z|punctuation_intensity|banglabert|65537|banglaclick:news,ESTIMABLE,ESTIMABLE,-0.046365771814473655,-0.046365771814473655,"[-0.1544729334085259, 0.061383126473050914]","[-0.20111166788328783, 0.08827989287341732]",0.3988,0.4828,True,True,UNCERTAINTY_WIDENED_INTERPRETATION_UNCHANGED,sensitivity CI is wider; interpretation otherwise unchanged
H3P|DELTA_Z|punctuation_intensity|banglabert|65537|banglaclick:twitter,ESTIMABLE,ESTIMABLE,-0.4982513358934101,-0.4982513358934101,"[-0.5951895503894099, -0.39392703932343665]","[-0.644556306703127, -0.3720573486138613]",0.0,0.0,True,True,UNCERTAINTY_WIDENED_INTERPRETATION_UNCHANGED,sensitivity CI is wider; interpretation otherwise unchanged
H3P|DELTA_Z|punctuation_intensity|banglabert|65537|banglaclick:youtube,ESTIMABLE,ESTIMABLE,-0.18218882712540896,-0.18218882712540896,"[-0.3437699818619333, 0.13374230259533076]","[-0.3870756658959336, 0.14285002154178184]",0.28,0.2608,True,True,UNCERTAINTY_WIDENED_INTERPRETATION_UNCHANGED,sensitivity CI is wider; interpretation otherwise unchanged
H3P|DELTA_Z|punctuation_intensity|ebm|42|baitbuster:youtube_human,ESTIMABLE,ESTIMABLE,0.09182019087933646,0.09182019087933646,"[0.010089877627019505, 0.2960788942323203]","[0.003964709179007587, 0.29843142022303176]",0.0148,0.0392,True,True,UNCERTAINTY_WIDENED_INTERPRETATION_UNCHANGED,sensitivity CI is wider; interpretation otherwise unchanged
H3P|DELTA_Z|punctuation_intensity|ebm|42|banglaclick:facebook,ESTIMABLE,ESTIMABLE,0.07954196525242052,0.07954196525242052,"[-0.0038597480910750738, 0.16409119821772894]","[-0.007828062679148337, 0.16371377272189178]",0.0648,0.0796,True,True,UNCERTAINTY_WIDENED_INTERPRETATION_UNCHANGED,sensitivity CI is wider; interpretation otherwise unchanged
H3P|DELTA_Z|punctuation_intensity|ebm|42|banglaclick:news,ESTIMABLE,ESTIMABLE,-0.0022525104752756375,-0.0022525104752756375,"[-0.053545181520674584, 0.043881233840272704]","[-0.06102698663497209, 0.04926223395268266]",0.876,0.9128,True,True,UNCERTAINTY_WIDENED_INTERPRETATION_UNCHANGED,sensitivity CI is wider; interpretation otherwise unchanged
H3P|DELTA_Z|punctuation_intensity|ebm|42|banglaclick:twitter,ESTIMABLE,ESTIMABLE,0.06254108011239667,0.06254108011239667,"[-0.00651442201468792, 0.1302929190615997]","[-0.012043981285360102, 0.13364992497579367]",0.0756,0.1076,True,True,UNCERTAINTY_WIDENED_INTERPRETATION_UNCHANGED,sensitivity CI is wider; interpretation otherwise unchanged
H3P|DELTA_Z|punctuation_intensity|ebm|42|banglaclick:youtube,ESTIMABLE,ESTIMABLE,0.06549711629868982,0.06549711629868982,"[-0.019434038359137446, 0.23199235923510583]","[-0.028538781828325747, 0.2371641611623435]",0.1672,0.21,True,True,UNCERTAINTY_WIDENED_INTERPRETATION_UNCHANGED,sensitivity CI is wider; interpretation otherwise unchanged
H3P|DELTA_Z|punctuation_intensity|ebm|137|baitbuster:youtube_human,ESTIMABLE,ESTIMABLE,0.09183112663458559,0.09183112663458559,"[0.009248287627744404, 0.2951220096271209]","[0.0030228693121247484, 0.29790048733764735]",0.02,0.038,True,True,UNCERTAINTY_WIDENED_INTERPRETATION_UNCHANGED,sensitivity CI is wider; interpretation otherwise unchanged
H3P|DELTA_Z|punctuation_intensity|ebm|137|banglaclick:facebook,ESTIMABLE,ESTIMABLE,0.07925497412154858,0.07925497412154858,"[-0.004135089309416559, 0.16447122422675425]","[-0.011485543872117256, 0.16339139268217373]",0.0644,0.0952,True,True,UNCERTAINTY_WIDENED_INTERPRETATION_UNCHANGED,sensitivity CI is wider; interpretation otherwise unchanged
H3P|DELTA_Z|punctuation_intensity|ebm|137|banglaclick:news,ESTIMABLE,ESTIMABLE,-0.0017895631843470872,-0.0017895631843470872,"[-0.05265517392720347, 0.046828258673808146]","[-0.06331262600865684, 0.04864159624977142]",0.9384,0.908,True,True,UNCERTAINTY_WIDENED_INTERPRETATION_UNCHANGED,sensitivity CI is wider; interpretation otherwise unchanged
H3P|DELTA_Z|punctuation_intensity|ebm|137|banglaclick:twitter,ESTIMABLE,ESTIMABLE,0.06317919325177446,0.06317919325177446,"[-0.0039011336195877645, 0.13007250492290912]","[-0.012384982657709558, 0.13230457202273274]",0.0664,0.0984,True,True,UNCERTAINTY_WIDENED_INTERPRETATION_UNCHANGED,sensitivity CI is wider; interpretation otherwise unchanged
H3P|DELTA_Z|punctuation_intensity|ebm|137|banglaclick:youtube,ESTIMABLE,ESTIMABLE,0.0658329328371654,0.0658329328371654,"[-0.018060039647612196, 0.2328865792625985]","[-0.025647681746948727, 0.23438482464605656]",0.1516,0.1908,True,True,UNCERTAINTY_WIDENED_INTERPRETATION_UNCHANGED,sensitivity CI is wider; interpretation otherwise unchanged
H3P|DELTA_Z|punctuation_intensity|ebm|2718|baitbuster:youtube_human,ESTIMABLE,ESTIMABLE,0.08977835124541245,0.08977835124541245,"[0.012046422899790002, 0.29466909205592695]","[0.00495274896235117, 0.2996863709330542]",0.0172,0.0384,True,True,UNCERTAINTY_WIDENED_INTERPRETATION_UNCHANGED,sensitivity CI is wider; interpretation otherwise unchanged
H3P|DELTA_Z|punctuation_intensity|ebm|2718|banglaclick:facebook,ESTIMABLE,ESTIMABLE,0.07789547448892897,0.07789547448892897,"[-0.003547114198643, 0.1594373457621415]","[-0.013540952900588004, 0.16121806751288884]",0.0612,0.104,True,True,UNCERTAINTY_WIDENED_INTERPRETATION_UNCHANGED,sensitivity CI is wider; interpretation otherwise unchanged
H3P|DELTA_Z|punctuation_intensity|ebm|2718|banglaclick:news,ESTIMABLE,ESTIMABLE,-0.002068660625944685,-0.002068660625944685,"[-0.05265816516548019, 0.04395673940754671]","[-0.06223870993553525, 0.04863335979758797]",0.9132,0.9088,True,True,UNCERTAINTY_WIDENED_INTERPRETATION_UNCHANGED,sensitivity CI is wider; interpretation otherwise unchanged
H3P|DELTA_Z|punctuation_intensity|ebm|2718|banglaclick:twitter,ESTIMABLE,ESTIMABLE,0.06147039353476713,0.06147039353476713,"[-0.003845207204770009, 0.12927532291030008]","[-0.012454920714184787, 0.12954521874410255]",0.0676,0.1084,True,True,UNCERTAINTY_WIDENED_INTERPRETATION_UNCHANGED,sensitivity CI is wider; interpretation otherwise unchanged
H3P|DELTA_Z|punctuation_intensity|ebm|2718|banglaclick:youtube,ESTIMABLE,ESTIMABLE,0.06332929555278688,0.06332929555278688,"[-0.016698019158171484, 0.22842549862958483]","[-0.025868777300555718, 0.228253457469991]",0.1576,0.2,True,True,UNCERTAINTY_WIDENED_INTERPRETATION_UNCHANGED,sensitivity CI is wider; interpretation otherwise unchanged
H3P|DELTA_Z|punctuation_intensity|ebm|31415|baitbuster:youtube_human,ESTIMABLE,ESTIMABLE,0.09121432248525052,0.09121432248525052,"[0.011176744360379173, 0.295676483387757]","[0.0033700554139811634, 0.2965933458427072]",0.0164,0.0368,True,True,UNCERTAINTY_WIDENED_INTERPRETATION_UNCHANGED,sensitivity CI is wider; interpretation otherwise unchanged
H3P|DELTA_Z|punctuation_intensity|ebm|31415|banglaclick:facebook,ESTIMABLE,ESTIMABLE,0.07801450893046091,0.07801450893046091,"[-0.00557955478154663, 0.15826369273730082]","[-0.010041356345816476, 0.16317348729872805]",0.07,0.0832,True,True,UNCERTAINTY_WIDENED_INTERPRETATION_UNCHANGED,sensitivity CI is wider; interpretation otherwise unchanged
H3P|DELTA_Z|punctuation_intensity|ebm|31415|banglaclick:news,ESTIMABLE,ESTIMABLE,-0.0018898036815208075,-0.0018898036815208075,"[-0.050458013238744694, 0.04580051853186591]","[-0.061914642292867784, 0.05113550502766492]",0.926,0.908,True,True,UNCERTAINTY_WIDENED_INTERPRETATION_UNCHANGED,sensitivity CI is wider; interpretation otherwise unchanged
H3P|DELTA_Z|punctuation_intensity|ebm|31415|banglaclick:twitter,ESTIMABLE,ESTIMABLE,0.06123606430985529,0.06123606430985529,"[-0.005936217743739577, 0.12961568954721997]","[-0.01635970098068187, 0.12985432361233104]",0.0836,0.1184,True,True,UNCERTAINTY_WIDENED_INTERPRETATION_UNCHANGED,sensitivity CI is wider; interpretation otherwise unchanged
H3P|DELTA_Z|punctuation_intensity|ebm|31415|banglaclick:youtube,ESTIMABLE,ESTIMABLE,0.06453745311437886,0.06453745311437886,"[-0.01622662592893236, 0.22960212227320215]","[-0.02535445508668762, 0.23331604490546254]",0.1556,0.1816,True,True,UNCERTAINTY_WIDENED_INTERPRETATION_UNCHANGED,sensitivity CI is wider; interpretation otherwise unchanged
H3P|DELTA_Z|punctuation_intensity|ebm|65537|baitbuster:youtube_human,ESTIMABLE,ESTIMABLE,0.08962938703820655,0.08962938703820655,"[0.009625303475264689, 0.2953636277213755]","[0.00568507126886145, 0.2962086153559487]",0.0188,0.032,True,True,UNCERTAINTY_WIDENED_INTERPRETATION_UNCHANGED,sensitivity CI is wider; interpretation otherwise unchanged
H3P|DELTA_Z|punctuation_intensity|ebm|65537|banglaclick:facebook,ESTIMABLE,ESTIMABLE,0.0783588215194384,0.0783588215194384,"[-0.005225902820304545, 0.16366985634426337]","[-0.01077030327500694, 0.16657788468760273]",0.0692,0.0828,True,True,UNCERTAINTY_WIDENED_INTERPRETATION_UNCHANGED,sensitivity CI is wider; interpretation otherwise unchanged
H3P|DELTA_Z|punctuation_intensity|ebm|65537|banglaclick:news,ESTIMABLE,ESTIMABLE,-0.001900920603194356,-0.001900920603194356,"[-0.053464890861959456, 0.04473192417484974]","[-0.06264183236325467, 0.04919195563081102]",0.9288,0.9016,True,True,UNCERTAINTY_WIDENED_INTERPRETATION_UNCHANGED,sensitivity CI is wider; interpretation otherwise unchanged
H3P|DELTA_Z|punctuation_intensity|ebm|65537|banglaclick:twitter,ESTIMABLE,ESTIMABLE,0.06169051087570132,0.06169051087570132,"[-0.00421268530187687, 0.12948161223010743]","[-0.013817288968476584, 0.13141741119475406]",0.0692,0.114,True,True,UNCERTAINTY_WIDENED_INTERPRETATION_UNCHANGED,sensitivity CI is wider; interpretation otherwise unchanged
H3P|DELTA_Z|punctuation_intensity|ebm|65537|banglaclick:youtube,ESTIMABLE,ESTIMABLE,0.0632099422464033,0.0632099422464033,"[-0.016658731953396604, 0.2277928688826168]","[-0.02467751670352041, 0.229487539763828]",0.1596,0.202,True,True,UNCERTAINTY_WIDENED_INTERPRETATION_UNCHANGED,sensitivity CI is wider; interpretation otherwise unchanged
H4|LIFT|baitbuster:youtube_human|ebm|42|0.05,NON_ESTIMABLE_UNDER_LOCKED_BOOTSTRAP,NON_ESTIMABLE,-0.7400866446768939,-0.7400866446768939,,,,,False,False,CONCORDANT,canonical interpretation unchanged
H4|ERROR_CAPTURE|baitbuster:youtube_human|ebm|42|0.05,ESTIMABLE,ESTIMABLE,0.015793243015956554,0.015793243015956554,"[-0.04538288073773276, 0.37477812037779135]","[-0.055024270819049766, 0.3731906730529807]",0.7916,0.8276,True,True,UNCERTAINTY_WIDENED_INTERPRETATION_UNCHANGED,sensitivity CI is wider; interpretation otherwise unchanged
H4|AURC|baitbuster:youtube_human|ebm|42|0.05,ESTIMABLE,ESTIMABLE,-0.07609689397939197,-0.07609689397939197,"[-0.17095693662987643, 0.2658388511215135]","[-0.18604006124484307, 0.27071610509214794]",0.644,0.6448,True,True,UNCERTAINTY_WIDENED_INTERPRETATION_UNCHANGED,sensitivity CI is wider; interpretation otherwise unchanged
H4|LIFT|baitbuster:youtube_human|ebm|42|0.1,NON_ESTIMABLE_UNDER_LOCKED_BOOTSTRAP,NON_ESTIMABLE,-0.5302843411998137,-0.5302843411998137,,,,,False,False,CONCORDANT,canonical interpretation unchanged
H4|ERROR_CAPTURE|baitbuster:youtube_human|ebm|42|0.1,ESTIMABLE,ESTIMABLE,0.05290999549679079,0.05290999549679079,"[-0.08895357957990363, 0.5234932532353017]","[-0.1038648229822167, 0.5233434369163098]",0.7148,0.7432,True,True,UNCERTAINTY_WIDENED_INTERPRETATION_UNCHANGED,sensitivity CI is wider; interpretation otherwise unchanged
H4|AURC|baitbuster:youtube_human|ebm|42|0.1,ESTIMABLE,ESTIMABLE,-0.07609689397939197,-0.07609689397939197,"[-0.17095693662987643, 0.2658388511215135]","[-0.18604006124484307, 0.27071610509214794]",0.644,0.6448,True,True,UNCERTAINTY_WIDENED_INTERPRETATION_UNCHANGED,sensitivity CI is wider; interpretation otherwise unchanged
H4|LIFT|baitbuster:youtube_human|ebm|42|0.2,NON_ESTIMABLE_UNDER_LOCKED_BOOTSTRAP,NON_ESTIMABLE,-0.23197240630290206,-0.23197240630290206,,,,,False,False,CONCORDANT,canonical interpretation unchanged
H4|ERROR_CAPTURE|baitbuster:youtube_human|ebm|42|0.2,ESTIMABLE,ESTIMABLE,0.12241567333828868,0.12241567333828868,"[-0.10900276855707998, 0.537878180429031]","[-0.12337775822103195, 0.5427081676570873]",0.5812,0.5828,True,True,UNCERTAINTY_WIDENED_INTERPRETATION_UNCHANGED,sensitivity CI is wider; interpretation otherwise unchanged
H4|AURC|baitbuster:youtube_human|ebm|42|0.2,ESTIMABLE,ESTIMABLE,-0.07609689397939197,-0.07609689397939197,"[-0.17095693662987643, 0.2658388511215135]","[-0.18604006124484307, 0.27071610509214794]",0.644,0.6448,True,True,UNCERTAINTY_WIDENED_INTERPRETATION_UNCHANGED,sensitivity CI is wider; interpretation otherwise unchanged
H4|LIFT|baitbuster:youtube_human|ebm|137|0.05,NON_ESTIMABLE_UNDER_LOCKED_BOOTSTRAP,NON_ESTIMABLE,-0.7400866446768939,-0.7400866446768939,,,,,False,False,CONCORDANT,canonical interpretation unchanged
H4|ERROR_CAPTURE|baitbuster:youtube_human|ebm|137|0.05,ESTIMABLE,ESTIMABLE,0.017775066097213743,0.017775066097213743,"[-0.04629181303448893, 0.3540554251640173]","[-0.05524049870531867, 0.3404725446200288]",0.8072,0.856,True,True,CONCORDANT,canonical interpretation unchanged
H4|AURC|baitbuster:youtube_human|ebm|137|0.05,ESTIMABLE,ESTIMABLE,-0.07593433539164189,-0.07593433539164189,"[-0.16913605467447804, 0.2724354544561987]","[-0.185017752499699, 0.2719843502945074]",0.6528,0.694,True,True,UNCERTAINTY_WIDENED_INTERPRETATION_UNCHANGED,sensitivity CI is wider; interpretation otherwise unchanged
H4|LIFT|baitbuster:youtube_human|ebm|137|0.1,NON_ESTIMABLE_UNDER_LOCKED_BOOTSTRAP,NON_ESTIMABLE,-0.5197806626485968,-0.5197806626485968,,,,,False,False,CONCORDANT,canonical interpretation unchanged
H4|ERROR_CAPTURE|baitbuster:youtube_human|ebm|137|0.1,ESTIMABLE,ESTIMABLE,0.05080062368652971,0.05080062368652971,"[-0.08887447255967762, 0.5055723545503827]","[-0.10262779873419431, 0.4808243351843362]",0.7216,0.788,True,True,CONCORDANT,canonical interpretation unchanged
H4|AURC|baitbuster:youtube_human|ebm|137|0.1,ESTIMABLE,ESTIMABLE,-0.07593433539164189,-0.07593433539164189,"[-0.16913605467447804, 0.2724354544561987]","[-0.185017752499699, 0.2719843502945074]",0.6528,0.694,True,True,UNCERTAINTY_WIDENED_INTERPRETATION_UNCHANGED,sensitivity CI is wider; interpretation otherwise unchanged
H4|LIFT|baitbuster:youtube_human|ebm|137|0.2,NON_ESTIMABLE_UNDER_LOCKED_BOOTSTRAP,NON_ESTIMABLE,-0.23197240630290206,-0.23197240630290206,,,,,False,False,CONCORDANT,canonical interpretation unchanged
H4|ERROR_CAPTURE|baitbuster:youtube_human|ebm|137|0.2,ESTIMABLE,ESTIMABLE,0.12385872144261406,0.12385872144261406,"[-0.11137766044949361, 0.5302753623115617]","[-0.12059166023746286, 0.5163386640620407]",0.5924,0.6196,True,True,CONCORDANT,canonical interpretation unchanged
H4|AURC|baitbuster:youtube_human|ebm|137|0.2,ESTIMABLE,ESTIMABLE,-0.07593433539164189,-0.07593433539164189,"[-0.16913605467447804, 0.2724354544561987]","[-0.185017752499699, 0.2719843502945074]",0.6528,0.694,True,True,UNCERTAINTY_WIDENED_INTERPRETATION_UNCHANGED,sensitivity CI is wider; interpretation otherwise unchanged
H4|LIFT|baitbuster:youtube_human|ebm|2718|0.05,NON_ESTIMABLE_UNDER_LOCKED_BOOTSTRAP,NON_ESTIMABLE,-0.7400866446768939,-0.7400866446768939,,,,,False,False,CONCORDANT,canonical interpretation unchanged
H4|ERROR_CAPTURE|baitbuster:youtube_human|ebm|2718|0.05,ESTIMABLE,ESTIMABLE,0.01577154124077114,0.01577154124077114,"[-0.04524143583524854, 0.34849060818540184]","[-0.054677397150700004, 0.3483243080869928]",0.8164,0.8424,True,True,UNCERTAINTY_WIDENED_INTERPRETATION_UNCHANGED,sensitivity CI is wider; interpretation otherwise unchanged
H4|AURC|baitbuster:youtube_human|ebm|2718|0.05,ESTIMABLE,ESTIMABLE,-0.07586141903159638,-0.07586141903159638,"[-0.1686992470061458, 0.26680876461009073]","[-0.18290405710287744, 0.26478647069477634]",0.6716,0.666,True,True,UNCERTAINTY_WIDENED_INTERPRETATION_UNCHANGED,sensitivity CI is wider; interpretation otherwise unchanged
H4|LIFT|baitbuster:youtube_human|ebm|2718|0.1,NON_ESTIMABLE_UNDER_LOCKED_BOOTSTRAP,NON_ESTIMABLE,-0.5197806626485968,-0.5197806626485968,,,,,False,False,CONCORDANT,canonical interpretation unchanged
H4|ERROR_CAPTURE|baitbuster:youtube_human|ebm|2718|0.1,ESTIMABLE,ESTIMABLE,0.050939543147483085,0.050939543147483085,"[-0.09035172314780128, 0.4807005388244365]","[-0.1048431328036862, 0.4804764137776676]",0.7448,0.756,True,True,UNCERTAINTY_WIDENED_INTERPRETATION_UNCHANGED,sensitivity CI is wider; interpretation otherwise unchanged
H4|AURC|baitbuster:youtube_human|ebm|2718|0.1,ESTIMABLE,ESTIMABLE,-0.07586141903159638,-0.07586141903159638,"[-0.1686992470061458, 0.26680876461009073]","[-0.18290405710287744, 0.26478647069477634]",0.6716,0.666,True,True,UNCERTAINTY_WIDENED_INTERPRETATION_UNCHANGED,sensitivity CI is wider; interpretation otherwise unchanged
H4|LIFT|baitbuster:youtube_human|ebm|2718|0.2,NON_ESTIMABLE_UNDER_LOCKED_BOOTSTRAP,NON_ESTIMABLE,-0.2372336743743373,-0.2372336743743373,,,,,False,False,CONCORDANT,canonical interpretation unchanged
H4|ERROR_CAPTURE|baitbuster:youtube_human|ebm|2718|0.2,ESTIMABLE,ESTIMABLE,0.12253116011505272,0.12253116011505272,"[-0.11042231242733443, 0.5243684955516188]","[-0.12028636888991133, 0.5165470423904245]",0.6216,0.602,True,True,UNCERTAINTY_WIDENED_INTERPRETATION_UNCHANGED,sensitivity CI is wider; interpretation otherwise unchanged
H4|AURC|baitbuster:youtube_human|ebm|2718|0.2,ESTIMABLE,ESTIMABLE,-0.07586141903159638,-0.07586141903159638,"[-0.1686992470061458, 0.26680876461009073]","[-0.18290405710287744, 0.26478647069477634]",0.6716,0.666,True,True,UNCERTAINTY_WIDENED_INTERPRETATION_UNCHANGED,sensitivity CI is wider; interpretation otherwise unchanged
H4|LIFT|baitbuster:youtube_human|ebm|31415|0.05,NON_ESTIMABLE_UNDER_LOCKED_BOOTSTRAP,NON_ESTIMABLE,-0.7400866446768939,-0.7400866446768939,,,,,False,False,CONCORDANT,canonical interpretation unchanged
H4|ERROR_CAPTURE|baitbuster:youtube_human|ebm|31415|0.05,ESTIMABLE,ESTIMABLE,0.018309267168327564,0.018309267168327564,"[-0.045402978925277754, 0.39634540011826735]","[-0.052930019609364255, 0.3648185993473849]",0.8268,0.8244,True,True,CONCORDANT,canonical interpretation unchanged
H4|AURC|baitbuster:youtube_human|ebm|31415|0.05,ESTIMABLE,ESTIMABLE,-0.07611807869832563,-0.07611807869832563,"[-0.1705902222493648, 0.26851609097101564]","[-0.18644339793721962, 0.2691030248059795]",0.6736,0.6532,True,True,UNCERTAINTY_WIDENED_INTERPRETATION_UNCHANGED,sensitivity CI is wider; interpretation otherwise unchanged
H4|LIFT|baitbuster:youtube_human|ebm|31415|0.1,NON_ESTIMABLE_UNDER_LOCKED_BOOTSTRAP,NON_ESTIMABLE,-0.5197806626485968,-0.5197806626485968,,,,,False,False,CONCORDANT,canonical interpretation unchanged
H4|ERROR_CAPTURE|baitbuster:youtube_human|ebm|31415|0.1,ESTIMABLE,ESTIMABLE,0.05201274489865093,0.05201274489865093,"[-0.08728762418593798, 0.5590380557652223]","[-0.09972644232164744, 0.5198342945279341]",0.748,0.744,True,True,CONCORDANT,canonical interpretation unchanged
H4|AURC|baitbuster:youtube_human|ebm|31415|0.1,ESTIMABLE,ESTIMABLE,-0.07611807869832563,-0.07611807869832563,"[-0.1705902222493648, 0.26851609097101564]","[-0.18644339793721962, 0.2691030248059795]",0.6736,0.6532,True,True,UNCERTAINTY_WIDENED_INTERPRETATION_UNCHANGED,sensitivity CI is wider; interpretation otherwise unchanged
H4|LIFT|baitbuster:youtube_human|ebm|31415|0.2,NON_ESTIMABLE_UNDER_LOCKED_BOOTSTRAP,NON_ESTIMABLE,-0.23197240630290206,-0.23197240630290206,,,,,False,False,CONCORDANT,canonical interpretation unchanged
H4|ERROR_CAPTURE|baitbuster:youtube_human|ebm|31415|0.2,ESTIMABLE,ESTIMABLE,0.12143447901837162,0.12143447901837162,"[-0.10822173840436974, 0.5513518689429965]","[-0.1176769466200193, 0.5384597281604335]",0.6152,0.5848,True,True,CONCORDANT,canonical interpretation unchanged
H4|AURC|baitbuster:youtube_human|ebm|31415|0.2,ESTIMABLE,ESTIMABLE,-0.07611807869832563,-0.07611807869832563,"[-0.1705902222493648, 0.26851609097101564]","[-0.18644339793721962, 0.2691030248059795]",0.6736,0.6532,True,True,UNCERTAINTY_WIDENED_INTERPRETATION_UNCHANGED,sensitivity CI is wider; interpretation otherwise unchanged
H4|LIFT|baitbuster:youtube_human|ebm|65537|0.05,NON_ESTIMABLE_UNDER_LOCKED_BOOTSTRAP,NON_ESTIMABLE,-0.7400866446768939,-0.7400866446768939,,,,,False,False,CONCORDANT,canonical interpretation unchanged
H4|ERROR_CAPTURE|baitbuster:youtube_human|ebm|65537|0.05,ESTIMABLE,ESTIMABLE,0.017501186360246765,0.017501186360246765,"[-0.047807252354896794, 0.3562814769399665]","[-0.05659439432915257, 0.37086755282033523]",0.818,0.8844,True,True,UNCERTAINTY_WIDENED_INTERPRETATION_UNCHANGED,sensitivity CI is wider; interpretation otherwise unchanged
H4|AURC|baitbuster:youtube_human|ebm|65537|0.05,ESTIMABLE,ESTIMABLE,-0.07587788305804125,-0.07587788305804125,"[-0.1689382788115907, 0.26977029691999976]","[-0.1857665269504735, 0.27215316830760833]",0.6528,0.6884,True,True,UNCERTAINTY_WIDENED_INTERPRETATION_UNCHANGED,sensitivity CI is wider; interpretation otherwise unchanged
H4|LIFT|baitbuster:youtube_human|ebm|65537|0.1,NON_ESTIMABLE_UNDER_LOCKED_BOOTSTRAP,NON_ESTIMABLE,-0.5197806626485968,-0.5197806626485968,,,,,False,False,CONCORDANT,canonical interpretation unchanged
H4|ERROR_CAPTURE|baitbuster:youtube_human|ebm|65537|0.1,ESTIMABLE,ESTIMABLE,0.05133482475764353,0.05133482475764353,"[-0.09158090285597262, 0.49284418160282545]","[-0.10702847313555276, 0.5292627033563182]",0.7204,0.774,True,True,UNCERTAINTY_WIDENED_INTERPRETATION_UNCHANGED,sensitivity CI is wider; interpretation otherwise unchanged
H4|AURC|baitbuster:youtube_human|ebm|65537|0.1,ESTIMABLE,ESTIMABLE,-0.07587788305804125,-0.07587788305804125,"[-0.1689382788115907, 0.26977029691999976]","[-0.1857665269504735, 0.27215316830760833]",0.6528,0.6884,True,True,UNCERTAINTY_WIDENED_INTERPRETATION_UNCHANGED,sensitivity CI is wider; interpretation otherwise unchanged
H4|LIFT|baitbuster:youtube_human|ebm|65537|0.2,NON_ESTIMABLE_UNDER_LOCKED_BOOTSTRAP,NON_ESTIMABLE,-0.23197240630290206,-0.23197240630290206,,,,,False,False,CONCORDANT,canonical interpretation unchanged
H4|ERROR_CAPTURE|baitbuster:youtube_human|ebm|65537|0.2,ESTIMABLE,ESTIMABLE,0.12183851942241203,0.12183851942241203,"[-0.11164428240623381, 0.5233964532162292]","[-0.12196950834535004, 0.5332934697706875]",0.5848,0.6136,True,True,UNCERTAINTY_WIDENED_INTERPRETATION_UNCHANGED,sensitivity CI is wider; interpretation otherwise unchanged
H4|AURC|baitbuster:youtube_human|ebm|65537|0.2,ESTIMABLE,ESTIMABLE,-0.07587788305804125,-0.07587788305804125,"[-0.1689382788115907, 0.26977029691999976]","[-0.1857665269504735, 0.27215316830760833]",0.6528,0.6884,True,True,UNCERTAINTY_WIDENED_INTERPRETATION_UNCHANGED,sensitivity CI is wider; interpretation otherwise unchanged
H4|LIFT|baitbuster:youtube_human|tfidf_lr|42|0.05,NON_ESTIMABLE_UNDER_LOCKED_BOOTSTRAP,NON_ESTIMABLE,-0.8518354710305176,-0.8518354710305176,,,,,False,False,CONCORDANT,canonical interpretation unchanged
H4|ERROR_CAPTURE|baitbuster:youtube_human|tfidf_lr|42|0.05,ESTIMABLE,ESTIMABLE,-0.018213104496290336,-0.018213104496290336,"[-0.061233746435635256, 0.23660064138670608]","[-0.0766714149187624, 0.225024512369275]",0.6288,0.6132,True,True,UNCERTAINTY_WIDENED_INTERPRETATION_UNCHANGED,sensitivity CI is wider; interpretation otherwise unchanged
H4|AURC|baitbuster:youtube_human|tfidf_lr|42|0.05,ESTIMABLE,ESTIMABLE,0.11182468176412505,0.11182468176412505,"[-0.11590083895295707, 0.5671269225036156]","[-0.11198219327560033, 0.582449452022937]",0.4468,0.4364,True,True,UNCERTAINTY_WIDENED_INTERPRETATION_UNCHANGED,sensitivity CI is wider; interpretation otherwise unchanged
H4|LIFT|baitbuster:youtube_human|tfidf_lr|42|0.1,NON_ESTIMABLE_UNDER_LOCKED_BOOTSTRAP,NON_ESTIMABLE,-0.7265648071162105,-0.7265648071162105,,,,,False,False,CONCORDANT,canonical interpretation unchanged
H4|ERROR_CAPTURE|baitbuster:youtube_human|tfidf_lr|42|0.1,ESTIMABLE,ESTIMABLE,-0.04604550917235281,-0.04604550917235281,"[-0.12071334173337178, 0.3406366325494169]","[-0.15244782258522793, 0.318755470980164]",0.5788,0.5504,True,True,UNCERTAINTY_WIDENED_INTERPRETATION_UNCHANGED,sensitivity CI is wider; interpretation otherwise unchanged
H4|AURC|baitbuster:youtube_human|tfidf_lr|42|0.1,ESTIMABLE,ESTIMABLE,0.11182468176412505,0.11182468176412505,"[-0.11590083895295707, 0.5671269225036156]","[-0.11198219327560033, 0.582449452022937]",0.4468,0.4364,True,True,UNCERTAINTY_WIDENED_INTERPRETATION_UNCHANGED,sensitivity CI is wider; interpretation otherwise unchanged
H4|LIFT|baitbuster:youtube_human|tfidf_lr|42|0.2,NON_ESTIMABLE_UNDER_LOCKED_BOOTSTRAP,NON_ESTIMABLE,-0.4647869867115686,-0.4647869867115686,,,,,False,False,CONCORDANT,canonical interpretation unchanged
H4|ERROR_CAPTURE|baitbuster:youtube_human|tfidf_lr|42|0.2,ESTIMABLE,ESTIMABLE,-0.07734175580783248,-0.07734175580783248,"[-0.21066979347066128, 0.3920348434368924]","[-0.24445392046948222, 0.3499273837032493]",0.5412,0.5228,True,True,CONCORDANT,canonical interpretation unchanged
H4|AURC|baitbuster:youtube_human|tfidf_lr|42|0.2,ESTIMABLE,ESTIMABLE,0.11182468176412505,0.11182468176412505,"[-0.11590083895295707, 0.5671269225036156]","[-0.11198219327560033, 0.582449452022937]",0.4468,0.4364,True,True,UNCERTAINTY_WIDENED_INTERPRETATION_UNCHANGED,sensitivity CI is wider; interpretation otherwise unchanged
H4|LIFT|baitbuster:youtube_human|tfidf_lr|137|0.05,NON_ESTIMABLE_UNDER_LOCKED_BOOTSTRAP,NON_ESTIMABLE,-0.8518354710305176,-0.8518354710305176,,,,,False,False,CONCORDANT,canonical interpretation unchanged
H4|ERROR_CAPTURE|baitbuster:youtube_human|tfidf_lr|137|0.05,ESTIMABLE,ESTIMABLE,-0.018213104496290336,-0.018213104496290336,"[-0.06137135274213784, 0.21773206231963574]","[-0.07563137291536869, 0.2510845301311894]",0.6088,0.6132,True,True,UNCERTAINTY_WIDENED_INTERPRETATION_UNCHANGED,sensitivity CI is wider; interpretation otherwise unchanged
H4|AURC|baitbuster:youtube_human|tfidf_lr|137|0.05,ESTIMABLE,ESTIMABLE,0.11182468176412505,0.11182468176412505,"[-0.11277993543380131, 0.5751651836303723]","[-0.11751311853367077, 0.5817404965201749]",0.4304,0.4348,True,True,UNCERTAINTY_WIDENED_INTERPRETATION_UNCHANGED,sensitivity CI is wider; interpretation otherwise unchanged
H4|LIFT|baitbuster:youtube_human|tfidf_lr|137|0.1,NON_ESTIMABLE_UNDER_LOCKED_BOOTSTRAP,NON_ESTIMABLE,-0.7265648071162105,-0.7265648071162105,,,,,False,False,CONCORDANT,canonical interpretation unchanged
H4|ERROR_CAPTURE|baitbuster:youtube_human|tfidf_lr|137|0.1,ESTIMABLE,ESTIMABLE,-0.04604550917235281,-0.04604550917235281,"[-0.12138450258649092, 0.2897975350822342]","[-0.1508496205274575, 0.36507987973860306]",0.552,0.552,True,True,UNCERTAINTY_WIDENED_INTERPRETATION_UNCHANGED,sensitivity CI is wider; interpretation otherwise unchanged
H4|AURC|baitbuster:youtube_human|tfidf_lr|137|0.1,ESTIMABLE,ESTIMABLE,0.11182468176412505,0.11182468176412505,"[-0.11277993543380131, 0.5751651836303723]","[-0.11751311853367077, 0.5817404965201749]",0.4304,0.4348,True,True,UNCERTAINTY_WIDENED_INTERPRETATION_UNCHANGED,sensitivity CI is wider; interpretation otherwise unchanged
H4|LIFT|baitbuster:youtube_human|tfidf_lr|137|0.2,NON_ESTIMABLE_UNDER_LOCKED_BOOTSTRAP,NON_ESTIMABLE,-0.4647869867115686,-0.4647869867115686,,,,,False,False,CONCORDANT,canonical interpretation unchanged
H4|ERROR_CAPTURE|baitbuster:youtube_human|tfidf_lr|137|0.2,ESTIMABLE,ESTIMABLE,-0.07734175580783248,-0.07734175580783248,"[-0.21123019734547355, 0.312006117614512]","[-0.24383742921661744, 0.4103525789070686]",0.5224,0.5156,True,True,UNCERTAINTY_WIDENED_INTERPRETATION_UNCHANGED,sensitivity CI is wider; interpretation otherwise unchanged
H4|AURC|baitbuster:youtube_human|tfidf_lr|137|0.2,ESTIMABLE,ESTIMABLE,0.11182468176412505,0.11182468176412505,"[-0.11277993543380131, 0.5751651836303723]","[-0.11751311853367077, 0.5817404965201749]",0.4304,0.4348,True,True,UNCERTAINTY_WIDENED_INTERPRETATION_UNCHANGED,sensitivity CI is wider; interpretation otherwise unchanged
H4|LIFT|baitbuster:youtube_human|tfidf_lr|2718|0.05,NON_ESTIMABLE_UNDER_LOCKED_BOOTSTRAP,NON_ESTIMABLE,-0.8518354710305176,-0.8518354710305176,,,,,False,False,CONCORDANT,canonical interpretation unchanged
H4|ERROR_CAPTURE|baitbuster:youtube_human|tfidf_lr|2718|0.05,ESTIMABLE,ESTIMABLE,-0.018213104496290336,-0.018213104496290336,"[-0.06175756845472433, 0.22538489938750605]","[-0.07610053151724615, 0.21280369031172638]",0.62,0.616,True,True,UNCERTAINTY_WIDENED_INTERPRETATION_UNCHANGED,sensitivity CI is wider; interpretation otherwise unchanged
H4|AURC|baitbuster:youtube_human|tfidf_lr|2718|0.05,ESTIMABLE,ESTIMABLE,0.11182468176412505,0.11182468176412505,"[-0.11519387247023564, 0.5752413071232872]","[-0.1138731032529331, 0.5811645939509852]",0.4244,0.4404,True,True,UNCERTAINTY_WIDENED_INTERPRETATION_UNCHANGED,sensitivity CI is wider; interpretation otherwise unchanged
H4|LIFT|baitbuster:youtube_human|tfidf_lr|2718|0.1,NON_ESTIMABLE_UNDER_LOCKED_BOOTSTRAP,NON_ESTIMABLE,-0.7265648071162105,-0.7265648071162105,,,,,False,False,CONCORDANT,canonical interpretation unchanged
H4|ERROR_CAPTURE|baitbuster:youtube_human|tfidf_lr|2718|0.1,ESTIMABLE,ESTIMABLE,-0.04604550917235281,-0.04604550917235281,"[-0.12055234781366475, 0.3256777605224855]","[-0.15041446216565363, 0.30268346109581723]",0.5692,0.5536,True,True,UNCERTAINTY_WIDENED_INTERPRETATION_UNCHANGED,sensitivity CI is wider; interpretation otherwise unchanged
H4|AURC|baitbuster:youtube_human|tfidf_lr|2718|0.1,ESTIMABLE,ESTIMABLE,0.11182468176412505,0.11182468176412505,"[-0.11519387247023564, 0.5752413071232872]","[-0.1138731032529331, 0.5811645939509852]",0.4244,0.4404,True,True,UNCERTAINTY_WIDENED_INTERPRETATION_UNCHANGED,sensitivity CI is wider; interpretation otherwise unchanged
H4|LIFT|baitbuster:youtube_human|tfidf_lr|2718|0.2,NON_ESTIMABLE_UNDER_LOCKED_BOOTSTRAP,NON_ESTIMABLE,-0.4647869867115686,-0.4647869867115686,,,,,False,False,CONCORDANT,canonical interpretation unchanged
H4|ERROR_CAPTURE|baitbuster:youtube_human|tfidf_lr|2718|0.2,ESTIMABLE,ESTIMABLE,-0.07734175580783248,-0.07734175580783248,"[-0.21168358543521265, 0.3930555396789921]","[-0.2487394163062545, 0.33358824211502636]",0.5276,0.5228,True,True,CONCORDANT,canonical interpretation unchanged
H4|AURC|baitbuster:youtube_human|tfidf_lr|2718|0.2,ESTIMABLE,ESTIMABLE,0.11182468176412505,0.11182468176412505,"[-0.11519387247023564, 0.5752413071232872]","[-0.1138731032529331, 0.5811645939509852]",0.4244,0.4404,True,True,UNCERTAINTY_WIDENED_INTERPRETATION_UNCHANGED,sensitivity CI is wider; interpretation otherwise unchanged
H4|LIFT|baitbuster:youtube_human|tfidf_lr|31415|0.05,NON_ESTIMABLE_UNDER_LOCKED_BOOTSTRAP,NON_ESTIMABLE,-0.8518354710305176,-0.8518354710305176,,,,,False,False,CONCORDANT,canonical interpretation unchanged
H4|ERROR_CAPTURE|baitbuster:youtube_human|tfidf_lr|31415|0.05,ESTIMABLE,ESTIMABLE,-0.018213104496290336,-0.018213104496290336,"[-0.062121430878657395, 0.26396788635839064]","[-0.07575554067637508, 0.2178333437982937]",0.6288,0.6132,True,True,CONCORDANT,canonical interpretation unchanged
H4|AURC|baitbuster:youtube_human|tfidf_lr|31415|0.05,ESTIMABLE,ESTIMABLE,0.11182468176412505,0.11182468176412505,"[-0.11913987781528891, 0.5749779333079192]","[-0.11563236665546625, 0.5765295634957642]",0.446,0.4384,True,True,CONCORDANT,canonical interpretation unchanged
H4|LIFT|baitbuster:youtube_human|tfidf_lr|31415|0.1,NON_ESTIMABLE_UNDER_LOCKED_BOOTSTRAP,NON_ESTIMABLE,-0.7265648071162105,-0.7265648071162105,,,,,False,False,CONCORDANT,canonical interpretation unchanged
H4|ERROR_CAPTURE|baitbuster:youtube_human|tfidf_lr|31415|0.1,ESTIMABLE,ESTIMABLE,-0.04604550917235281,-0.04604550917235281,"[-0.12222165790553317, 0.38066170402409155]","[-0.14766992841398485, 0.2991773561378014]",0.5704,0.5516,True,True,CONCORDANT,canonical interpretation unchanged
H4|AURC|baitbuster:youtube_human|tfidf_lr|31415|0.1,ESTIMABLE,ESTIMABLE,0.11182468176412505,0.11182468176412505,"[-0.11913987781528891, 0.5749779333079192]","[-0.11563236665546625, 0.5765295634957642]",0.446,0.4384,True,True,CONCORDANT,canonical interpretation unchanged
H4|LIFT|baitbuster:youtube_human|tfidf_lr|31415|0.2,NON_ESTIMABLE_UNDER_LOCKED_BOOTSTRAP,NON_ESTIMABLE,-0.4647869867115686,-0.4647869867115686,,,,,False,False,CONCORDANT,canonical interpretation unchanged
H4|ERROR_CAPTURE|baitbuster:youtube_human|tfidf_lr|31415|0.2,ESTIMABLE,ESTIMABLE,-0.07734175580783248,-0.07734175580783248,"[-0.21231022151791565, 0.4477409013486246]","[-0.2442339717623413, 0.33753498754008415]",0.5436,0.5196,True,True,CONCORDANT,canonical interpretation unchanged
H4|AURC|baitbuster:youtube_human|tfidf_lr|31415|0.2,ESTIMABLE,ESTIMABLE,0.11182468176412505,0.11182468176412505,"[-0.11913987781528891, 0.5749779333079192]","[-0.11563236665546625, 0.5765295634957642]",0.446,0.4384,True,True,CONCORDANT,canonical interpretation unchanged
H4|LIFT|baitbuster:youtube_human|tfidf_lr|65537|0.05,NON_ESTIMABLE_UNDER_LOCKED_BOOTSTRAP,NON_ESTIMABLE,-0.8518354710305176,-0.8518354710305176,,,,,False,False,CONCORDANT,canonical interpretation unchanged
H4|ERROR_CAPTURE|baitbuster:youtube_human|tfidf_lr|65537|0.05,ESTIMABLE,ESTIMABLE,-0.018213104496290336,-0.018213104496290336,"[-0.06170150157347511, 0.2210181609793794]","[-0.07442901455151851, 0.1901439903198363]",0.6128,0.5952,True,True,CONCORDANT,canonical interpretation unchanged
H4|AURC|baitbuster:youtube_human|tfidf_lr|65537|0.05,ESTIMABLE,ESTIMABLE,0.11182468176412505,0.11182468176412505,"[-0.11460992788461077, 0.5745344289984932]","[-0.11392703405026451, 0.5826127596113287]",0.4256,0.4272,True,True,UNCERTAINTY_WIDENED_INTERPRETATION_UNCHANGED,sensitivity CI is wider; interpretation otherwise unchanged
H4|LIFT|baitbuster:youtube_human|tfidf_lr|65537|0.1,NON_ESTIMABLE_UNDER_LOCKED_BOOTSTRAP,NON_ESTIMABLE,-0.7265648071162105,-0.7265648071162105,,,,,False,False,CONCORDANT,canonical interpretation unchanged
H4|ERROR_CAPTURE|baitbuster:youtube_human|tfidf_lr|65537|0.1,ESTIMABLE,ESTIMABLE,-0.04604550917235281,-0.04604550917235281,"[-0.1222737612812678, 0.3128700727415647]","[-0.14640942137278393, 0.26153963790327484]",0.5536,0.5412,True,True,CONCORDANT,canonical interpretation unchanged
H4|AURC|baitbuster:youtube_human|tfidf_lr|65537|0.1,ESTIMABLE,ESTIMABLE,0.11182468176412505,0.11182468176412505,"[-0.11460992788461077, 0.5745344289984932]","[-0.11392703405026451, 0.5826127596113287]",0.4256,0.4272,True,True,UNCERTAINTY_WIDENED_INTERPRETATION_UNCHANGED,sensitivity CI is wider; interpretation otherwise unchanged
H4|LIFT|baitbuster:youtube_human|tfidf_lr|65537|0.2,NON_ESTIMABLE_UNDER_LOCKED_BOOTSTRAP,NON_ESTIMABLE,-0.4647869867115686,-0.4647869867115686,,,,,False,False,CONCORDANT,canonical interpretation unchanged
H4|ERROR_CAPTURE|baitbuster:youtube_human|tfidf_lr|65537|0.2,ESTIMABLE,ESTIMABLE,-0.07734175580783248,-0.07734175580783248,"[-0.2123109960349969, 0.3538565026951158]","[-0.2427640785777531, 0.2737086179625855]",0.5176,0.5052,True,True,CONCORDANT,canonical interpretation unchanged
H4|AURC|baitbuster:youtube_human|tfidf_lr|65537|0.2,ESTIMABLE,ESTIMABLE,0.11182468176412505,0.11182468176412505,"[-0.11460992788461077, 0.5745344289984932]","[-0.11392703405026451, 0.5826127596113287]",0.4256,0.4272,True,True,UNCERTAINTY_WIDENED_INTERPRETATION_UNCHANGED,sensitivity CI is wider; interpretation otherwise unchanged
H4|LIFT|baitbuster:youtube_human|banglabert|42|0.05,NON_ESTIMABLE_UNDER_LOCKED_BOOTSTRAP,NON_ESTIMABLE,-0.9703422837746385,-0.9703422837746385,,,,,False,False,CONCORDANT,canonical interpretation unchanged
H4|ERROR_CAPTURE|baitbuster:youtube_human|banglabert|42|0.05,ESTIMABLE,ESTIMABLE,-0.015955041523544503,-0.015955041523544503,"[-0.07060958894753522, 0.26874222240383994]","[-0.07935429322022063, 0.26907749703679645]",0.71,0.708,True,True,UNCERTAINTY_WIDENED_INTERPRETATION_UNCHANGED,sensitivity CI is wider; interpretation otherwise unchanged
H4|AURC|baitbuster:youtube_human|banglabert|42|0.05,ESTIMABLE,ESTIMABLE,0.04980318716215941,0.04980318716215941,"[-0.0717698698057313, 0.49730102235518275]","[-0.07588730941113965, 0.4966495473519408]",0.6,0.594,True,True,UNCERTAINTY_WIDENED_INTERPRETATION_UNCHANGED,sensitivity CI is wider; interpretation otherwise unchanged
H4|LIFT|baitbuster:youtube_human|banglabert|42|0.1,NON_ESTIMABLE_UNDER_LOCKED_BOOTSTRAP,NON_ESTIMABLE,-0.833119226130528,-0.833119226130528,,,,,False,False,CONCORDANT,canonical interpretation unchanged
H4|ERROR_CAPTURE|baitbuster:youtube_human|banglabert|42|0.1,ESTIMABLE,ESTIMABLE,-0.03706900300013044,-0.03706900300013044,"[-0.1322173805263228, 0.3904127246168496]","[-0.15888097503282916, 0.38842082516999116]",0.6496,0.63,True,True,UNCERTAINTY_WIDENED_INTERPRETATION_UNCHANGED,sensitivity CI is wider; interpretation otherwise unchanged
H4|AURC|baitbuster:youtube_human|banglabert|42|0.1,ESTIMABLE,ESTIMABLE,0.04980318716215941,0.04980318716215941,"[-0.0717698698057313, 0.49730102235518275]","[-0.07588730941113965, 0.4966495473519408]",0.6,0.594,True,True,UNCERTAINTY_WIDENED_INTERPRETATION_UNCHANGED,sensitivity CI is wider; interpretation otherwise unchanged
H4|LIFT|baitbuster:youtube_human|banglabert|42|0.2,NON_ESTIMABLE_UNDER_LOCKED_BOOTSTRAP,NON_ESTIMABLE,-0.6573574457464342,-0.6573574457464342,,,,,False,False,CONCORDANT,canonical interpretation unchanged
H4|ERROR_CAPTURE|baitbuster:youtube_human|banglabert|42|0.2,ESTIMABLE,ESTIMABLE,-0.09729988260359146,-0.09729988260359146,"[-0.2565659152297279, 0.39789286719112155]","[-0.29191899205992067, 0.3948010462530437]",0.5324,0.5428,True,True,UNCERTAINTY_WIDENED_INTERPRETATION_UNCHANGED,sensitivity CI is wider; interpretation otherwise unchanged
H4|AURC|baitbuster:youtube_human|banglabert|42|0.2,ESTIMABLE,ESTIMABLE,0.04980318716215941,0.04980318716215941,"[-0.0717698698057313, 0.49730102235518275]","[-0.07588730941113965, 0.4966495473519408]",0.6,0.594,True,True,UNCERTAINTY_WIDENED_INTERPRETATION_UNCHANGED,sensitivity CI is wider; interpretation otherwise unchanged
H4|LIFT|baitbuster:youtube_human|banglabert|137|0.05,NON_ESTIMABLE_UNDER_LOCKED_BOOTSTRAP,NON_ESTIMABLE,-0.9284776221205031,-0.9284776221205031,,,,,False,False,CONCORDANT,canonical interpretation unchanged
H4|ERROR_CAPTURE|baitbuster:youtube_human|banglabert|137|0.05,ESTIMABLE,ESTIMABLE,-0.03359872302751049,-0.03359872302751049,"[-0.08573167648448066, 0.256513347248254]","[-0.09138906019787843, 0.25947793618779136]",0.5384,0.5536,True,True,UNCERTAINTY_WIDENED_INTERPRETATION_UNCHANGED,sensitivity CI is wider; interpretation otherwise unchanged
H4|AURC|baitbuster:youtube_human|banglabert|137|0.05,ESTIMABLE,ESTIMABLE,0.07357375895259652,0.07357375895259652,"[-0.07346708322917199, 0.5582498002119096]","[-0.07454889102372837, 0.5641701225316746]",0.5292,0.512,True,True,UNCERTAINTY_WIDENED_INTERPRETATION_UNCHANGED,sensitivity CI is wider; interpretation otherwise unchanged
H4|LIFT|baitbuster:youtube_human|banglabert|137|0.1,NON_ESTIMABLE_UNDER_LOCKED_BOOTSTRAP,NON_ESTIMABLE,-0.8366628122396704,-0.8366628122396704,,,,,False,False,CONCORDANT,canonical interpretation unchanged
H4|ERROR_CAPTURE|baitbuster:youtube_human|banglabert|137|0.1,ESTIMABLE,ESTIMABLE,-0.06453364008246038,-0.06453364008246038,"[-0.1510949296171433, 0.34915370354061354]","[-0.16880514835605265, 0.35340542274106235]",0.5316,0.5004,True,True,UNCERTAINTY_WIDENED_INTERPRETATION_UNCHANGED,sensitivity CI is wider; interpretation otherwise unchanged
H4|AURC|baitbuster:youtube_human|banglabert|137|0.1,ESTIMABLE,ESTIMABLE,0.07357375895259652,0.07357375895259652,"[-0.07346708322917199, 0.5582498002119096]","[-0.07454889102372837, 0.5641701225316746]",0.5292,0.512,True,True,UNCERTAINTY_WIDENED_INTERPRETATION_UNCHANGED,sensitivity CI is wider; interpretation otherwise unchanged
H4|LIFT|baitbuster:youtube_human|banglabert|137|0.2,NON_ESTIMABLE_UNDER_LOCKED_BOOTSTRAP,NON_ESTIMABLE,-0.6661081888347336,-0.6661081888347336,,,,,False,False,CONCORDANT,canonical interpretation unchanged
H4|ERROR_CAPTURE|baitbuster:youtube_human|banglabert|137|0.2,ESTIMABLE,ESTIMABLE,-0.10522033591614377,-0.10522033591614377,"[-0.26828528106059785, 0.3662061198419571]","[-0.2959117153298305, 0.3791427563116016]",0.5132,0.5056,True,True,UNCERTAINTY_WIDENED_INTERPRETATION_UNCHANGED,sensitivity CI is wider; interpretation otherwise unchanged
H4|AURC|baitbuster:youtube_human|banglabert|137|0.2,ESTIMABLE,ESTIMABLE,0.07357375895259652,0.07357375895259652,"[-0.07346708322917199, 0.5582498002119096]","[-0.07454889102372837, 0.5641701225316746]",0.5292,0.512,True,True,UNCERTAINTY_WIDENED_INTERPRETATION_UNCHANGED,sensitivity CI is wider; interpretation otherwise unchanged
H4|LIFT|baitbuster:youtube_human|banglabert|2718|0.05,NON_ESTIMABLE_UNDER_LOCKED_BOOTSTRAP,NON_ESTIMABLE,-0.9075452912934354,-0.9075452912934354,,,,,False,False,CONCORDANT,canonical interpretation unchanged
H4|ERROR_CAPTURE|baitbuster:youtube_human|banglabert|2718|0.05,ESTIMABLE,ESTIMABLE,-0.02164948664443865,-0.02164948664443865,"[-0.07205599977681398, 0.28928991177946156]","[-0.08295242937729404, 0.22306568985598155]",0.6376,0.6036,True,True,CONCORDANT,canonical interpretation unchanged
H4|AURC|baitbuster:youtube_human|banglabert|2718|0.05,ESTIMABLE,ESTIMABLE,0.06352693193310506,0.06352693193310506,"[-0.07376109996096283, 0.5543281278976121]","[-0.07232509916879508, 0.5550366243111835]",0.5412,0.5212,True,True,CONCORDANT,canonical interpretation unchanged
H4|LIFT|baitbuster:youtube_human|banglabert|2718|0.1,NON_ESTIMABLE_UNDER_LOCKED_BOOTSTRAP,NON_ESTIMABLE,-0.8786775264445377,-0.8786775264445377,,,,,False,False,CONCORDANT,canonical interpretation unchanged
H4|ERROR_CAPTURE|baitbuster:youtube_human|banglabert|2718|0.1,ESTIMABLE,ESTIMABLE,-0.04005339088714632,-0.04005339088714632,"[-0.1444546538603523, 0.40319705341626205]","[-0.16769028618688755, 0.3378078125515792]",0.6096,0.5936,True,True,CONCORDANT,canonical interpretation unchanged
H4|AURC|baitbuster:youtube_human|banglabert|2718|0.1,ESTIMABLE,ESTIMABLE,0.06352693193310506,0.06352693193310506,"[-0.07376109996096283, 0.5543281278976121]","[-0.07232509916879508, 0.5550366243111835]",0.5412,0.5212,True,True,CONCORDANT,canonical interpretation unchanged
H4|LIFT|baitbuster:youtube_human|banglabert|2718|0.2,NON_ESTIMABLE_UNDER_LOCKED_BOOTSTRAP,NON_ESTIMABLE,-0.7046547472970737,-0.7046547472970737,,,,,False,False,CONCORDANT,canonical interpretation unchanged
H4|ERROR_CAPTURE|baitbuster:youtube_human|banglabert|2718|0.2,ESTIMABLE,ESTIMABLE,-0.07949597693666377,-0.07949597693666377,"[-0.24920105522235805, 0.44212688056556476]","[-0.28067114543815874, 0.3795632234399687]",0.5732,0.5476,True,True,CONCORDANT,canonical interpretation unchanged
H4|AURC|baitbuster:youtube_human|banglabert|2718|0.2,ESTIMABLE,ESTIMABLE,0.06352693193310506,0.06352693193310506,"[-0.07376109996096283, 0.5543281278976121]","[-0.07232509916879508, 0.5550366243111835]",0.5412,0.5212,True,True,CONCORDANT,canonical interpretation unchanged
H4|LIFT|baitbuster:youtube_human|banglabert|31415|0.05,NON_ESTIMABLE_UNDER_LOCKED_BOOTSTRAP,NON_ESTIMABLE,-0.9703422837746385,-0.9703422837746385,,,,,False,False,CONCORDANT,canonical interpretation unchanged
H4|ERROR_CAPTURE|baitbuster:youtube_human|banglabert|31415|0.05,ESTIMABLE,ESTIMABLE,-0.023063020342628013,-0.023063020342628013,"[-0.08457559611573119, 0.2907570856363559]","[-0.09064274578865422, 0.27954147335017904]",0.6136,0.626,True,True,CONCORDANT,canonical interpretation unchanged
H4|AURC|baitbuster:youtube_human|banglabert|31415|0.05,ESTIMABLE,ESTIMABLE,0.04068002480793584,0.04068002480793584,"[-0.07391662035780734, 0.48947106205427976]","[-0.07999861598312769, 0.49011861211109503]",0.6212,0.632,True,True,UNCERTAINTY_WIDENED_INTERPRETATION_UNCHANGED,sensitivity CI is wider; interpretation otherwise unchanged
H4|LIFT|baitbuster:youtube_human|banglabert|31415|0.1,NON_ESTIMABLE_UNDER_LOCKED_BOOTSTRAP,NON_ESTIMABLE,-0.8243873406338826,-0.8243873406338826,,,,,False,False,CONCORDANT,canonical interpretation unchanged
H4|ERROR_CAPTURE|baitbuster:youtube_human|banglabert|31415|0.1,ESTIMABLE,ESTIMABLE,-0.056987505190860765,-0.056987505190860765,"[-0.15756913580694393, 0.39703402538995775]","[-0.17039626254021653, 0.39548076280040995]",0.5488,0.5884,True,True,UNCERTAINTY_WIDENED_INTERPRETATION_UNCHANGED,sensitivity CI is wider; interpretation otherwise unchanged
H4|AURC|baitbuster:youtube_human|banglabert|31415|0.1,ESTIMABLE,ESTIMABLE,0.04068002480793584,0.04068002480793584,"[-0.07391662035780734, 0.48947106205427976]","[-0.07999861598312769, 0.49011861211109503]",0.6212,0.632,True,True,UNCERTAINTY_WIDENED_INTERPRETATION_UNCHANGED,sensitivity CI is wider; interpretation otherwise unchanged
H4|LIFT|baitbuster:youtube_human|banglabert|31415|0.2,NON_ESTIMABLE_UNDER_LOCKED_BOOTSTRAP,NON_ESTIMABLE,-0.6573574457464342,-0.6573574457464342,,,,,False,False,CONCORDANT,canonical interpretation unchanged
H4|ERROR_CAPTURE|baitbuster:youtube_human|banglabert|31415|0.2,ESTIMABLE,ESTIMABLE,-0.060364424422800544,-0.060364424422800544,"[-0.23590530788985284, 0.4499977922562653]","[-0.2679700782177367, 0.43092963321415667]",0.6464,0.652,True,True,UNCERTAINTY_WIDENED_INTERPRETATION_UNCHANGED,sensitivity CI is wider; interpretation otherwise unchanged
H4|AURC|baitbuster:youtube_human|banglabert|31415|0.2,ESTIMABLE,ESTIMABLE,0.04068002480793584,0.04068002480793584,"[-0.07391662035780734, 0.48947106205427976]","[-0.07999861598312769, 0.49011861211109503]",0.6212,0.632,True,True,UNCERTAINTY_WIDENED_INTERPRETATION_UNCHANGED,sensitivity CI is wider; interpretation otherwise unchanged
H4|LIFT|baitbuster:youtube_human|banglabert|65537|0.05,NON_ESTIMABLE_UNDER_LOCKED_BOOTSTRAP,NON_ESTIMABLE,-0.9564971251658556,-0.9564971251658556,,,,,False,False,CONCORDANT,canonical interpretation unchanged
H4|ERROR_CAPTURE|baitbuster:youtube_human|banglabert|65537|0.05,ESTIMABLE,ESTIMABLE,-0.006941351038982926,-0.006941351038982926,"[-0.061668135432618766, 0.23802690601267384]","[-0.06470573852172389, 0.24721734060336514]",0.8208,0.8152,True,True,UNCERTAINTY_WIDENED_INTERPRETATION_UNCHANGED,sensitivity CI is wider; interpretation otherwise unchanged
H4|AURC|baitbuster:youtube_human|banglabert|65537|0.05,ESTIMABLE,ESTIMABLE,0.05096457969688539,0.05096457969688539,"[-0.07184248423719267, 0.4183638402437293]","[-0.0780507265733865, 0.423207911369367]",0.5724,0.57,True,True,UNCERTAINTY_WIDENED_INTERPRETATION_UNCHANGED,sensitivity CI is wider; interpretation otherwise unchanged
H4|LIFT|baitbuster:youtube_human|banglabert|65537|0.1,NON_ESTIMABLE_UNDER_LOCKED_BOOTSTRAP,NON_ESTIMABLE,-0.8051517765860206,-0.8051517765860206,,,,,False,False,CONCORDANT,canonical interpretation unchanged
H4|ERROR_CAPTURE|baitbuster:youtube_human|banglabert|65537|0.1,ESTIMABLE,ESTIMABLE,-0.026556969492668142,-0.026556969492668142,"[-0.12731989651230718, 0.33144793068637557]","[-0.13954939190053517, 0.34972083914355445]",0.7164,0.71,True,True,UNCERTAINTY_WIDENED_INTERPRETATION_UNCHANGED,sensitivity CI is wider; interpretation otherwise unchanged
H4|AURC|baitbuster:youtube_human|banglabert|65537|0.1,ESTIMABLE,ESTIMABLE,0.05096457969688539,0.05096457969688539,"[-0.07184248423719267, 0.4183638402437293]","[-0.0780507265733865, 0.423207911369367]",0.5724,0.57,True,True,UNCERTAINTY_WIDENED_INTERPRETATION_UNCHANGED,sensitivity CI is wider; interpretation otherwise unchanged
H4|LIFT|baitbuster:youtube_human|banglabert|65537|0.2,NON_ESTIMABLE_UNDER_LOCKED_BOOTSTRAP,NON_ESTIMABLE,-0.652927963110006,-0.652927963110006,,,,,False,False,CONCORDANT,canonical interpretation unchanged
H4|ERROR_CAPTURE|baitbuster:youtube_human|banglabert|65537|0.2,ESTIMABLE,ESTIMABLE,-0.07463024608124053,-0.07463024608124053,"[-0.22532913707651983, 0.40087264422399865]","[-0.2560162344855178, 0.4145167002859894]",0.6076,0.606,True,True,UNCERTAINTY_WIDENED_INTERPRETATION_UNCHANGED,sensitivity CI is wider; interpretation otherwise unchanged
H4|AURC|baitbuster:youtube_human|banglabert|65537|0.2,ESTIMABLE,ESTIMABLE,0.05096457969688539,0.05096457969688539,"[-0.07184248423719267, 0.4183638402437293]","[-0.0780507265733865, 0.423207911369367]",0.5724,0.57,True,True,UNCERTAINTY_WIDENED_INTERPRETATION_UNCHANGED,sensitivity CI is wider; interpretation otherwise unchanged
H4|LIFT|baitbuster:youtube_human|xlmr|42|0.05,NON_ESTIMABLE_UNDER_LOCKED_BOOTSTRAP,NON_ESTIMABLE,-0.8763113879667277,-0.8763113879667277,,,,,False,False,CONCORDANT,canonical interpretation unchanged
H4|ERROR_CAPTURE|baitbuster:youtube_human|xlmr|42|0.05,ESTIMABLE,ESTIMABLE,-0.03575068758143968,-0.03575068758143968,"[-0.0819378723954807, 0.33584183236845566]","[-0.08981981633123982, 0.3247852462835502]",0.4844,0.4772,True,True,CONCORDANT,canonical interpretation unchanged
H4|AURC|baitbuster:youtube_human|xlmr|42|0.05,ESTIMABLE,ESTIMABLE,0.11167337160044256,0.11167337160044256,"[-0.08122500398143814, 0.5275328371364592]","[-0.08025193109203473, 0.5225822210492312]",0.3788,0.3816,True,True,CONCORDANT,canonical interpretation unchanged
H4|LIFT|baitbuster:youtube_human|xlmr|42|0.1,NON_ESTIMABLE_UNDER_LOCKED_BOOTSTRAP,NON_ESTIMABLE,-0.8839929056082514,-0.8839929056082514,,,,,False,False,CONCORDANT,canonical interpretation unchanged
H4|ERROR_CAPTURE|baitbuster:youtube_human|xlmr|42|0.1,ESTIMABLE,ESTIMABLE,-0.07721781965146776,-0.07721781965146776,"[-0.15176921921046668, 0.4991500420080203]","[-0.17231699276443208, 0.49076915489763084]",0.4476,0.4384,True,True,UNCERTAINTY_WIDENED_INTERPRETATION_UNCHANGED,sensitivity CI is wider; interpretation otherwise unchanged
H4|AURC|baitbuster:youtube_human|xlmr|42|0.1,ESTIMABLE,ESTIMABLE,0.11167337160044256,0.11167337160044256,"[-0.08122500398143814, 0.5275328371364592]","[-0.08025193109203473, 0.5225822210492312]",0.3788,0.3816,True,True,CONCORDANT,canonical interpretation unchanged
H4|LIFT|baitbuster:youtube_human|xlmr|42|0.2,NON_ESTIMABLE_UNDER_LOCKED_BOOTSTRAP,NON_ESTIMABLE,-0.6513185033322701,-0.6513185033322701,,,,,False,False,CONCORDANT,canonical interpretation unchanged
H4|ERROR_CAPTURE|baitbuster:youtube_human|xlmr|42|0.2,ESTIMABLE,ESTIMABLE,-0.16873177584017368,-0.16873177584017368,"[-0.2874181955246313, 0.4457384179236672]","[-0.3127611617876028, 0.45257874314077545]",0.3452,0.3244,True,True,UNCERTAINTY_WIDENED_INTERPRETATION_UNCHANGED,sensitivity CI is wider; interpretation otherwise unchanged
H4|AURC|baitbuster:youtube_human|xlmr|42|0.2,ESTIMABLE,ESTIMABLE,0.11167337160044256,0.11167337160044256,"[-0.08122500398143814, 0.5275328371364592]","[-0.08025193109203473, 0.5225822210492312]",0.3788,0.3816,True,True,CONCORDANT,canonical interpretation unchanged
H4|LIFT|baitbuster:youtube_human|xlmr|137|0.05,NON_ESTIMABLE_UNDER_LOCKED_BOOTSTRAP,NON_ESTIMABLE,-0.8937001326846525,-0.8937001326846525,,,,,False,False,CONCORDANT,canonical interpretation unchanged
H4|ERROR_CAPTURE|baitbuster:youtube_human|xlmr|137|0.05,ESTIMABLE,ESTIMABLE,-0.04983693818645275,-0.04983693818645275,"[-0.09756628630283934, 0.2905575931899876]","[-0.10977253595595383, 0.21064390536385189]",0.4236,0.4104,True,True,CONCORDANT,canonical interpretation unchanged
H4|AURC|baitbuster:youtube_human|xlmr|137|0.05,ESTIMABLE,ESTIMABLE,0.08830413211485852,0.08830413211485852,"[-0.07513746369550348, 0.4610217281725223]","[-0.07382466737900195, 0.47138257512020826]",0.4596,0.428,True,True,UNCERTAINTY_WIDENED_INTERPRETATION_UNCHANGED,sensitivity CI is wider; interpretation otherwise unchanged
H4|LIFT|baitbuster:youtube_human|xlmr|137|0.1,NON_ESTIMABLE_UNDER_LOCKED_BOOTSTRAP,NON_ESTIMABLE,-0.8367898920158812,-0.8367898920158812,,,,,False,False,CONCORDANT,canonical interpretation unchanged
H4|ERROR_CAPTURE|baitbuster:youtube_human|xlmr|137|0.1,ESTIMABLE,ESTIMABLE,-0.0998844197873324,-0.0998844197873324,"[-0.18068214651712264, 0.3795005754218165]","[-0.203246406761885, 0.26341620850041547]",0.3756,0.3684,True,True,CONCORDANT,canonical interpretation unchanged
H4|AURC|baitbuster:youtube_human|xlmr|137|0.1,ESTIMABLE,ESTIMABLE,0.08830413211485852,0.08830413211485852,"[-0.07513746369550348, 0.4610217281725223]","[-0.07382466737900195, 0.47138257512020826]",0.4596,0.428,True,True,UNCERTAINTY_WIDENED_INTERPRETATION_UNCHANGED,sensitivity CI is wider; interpretation otherwise unchanged
H4|LIFT|baitbuster:youtube_human|xlmr|137|0.2,NON_ESTIMABLE_UNDER_LOCKED_BOOTSTRAP,NON_ESTIMABLE,-0.6750753762921464,-0.6750753762921464,,,,,False,False,CONCORDANT,canonical interpretation unchanged
H4|ERROR_CAPTURE|baitbuster:youtube_human|xlmr|137|0.2,ESTIMABLE,ESTIMABLE,-0.11460746460746457,-0.11460746460746457,"[-0.2642313837948246, 0.42804737395081954]","[-0.29762868263115994, 0.2779530479370069]",0.4364,0.4116,True,True,CONCORDANT,canonical interpretation unchanged
H4|AURC|baitbuster:youtube_human|xlmr|137|0.2,ESTIMABLE,ESTIMABLE,0.08830413211485852,0.08830413211485852,"[-0.07513746369550348, 0.4610217281725223]","[-0.07382466737900195, 0.47138257512020826]",0.4596,0.428,True,True,UNCERTAINTY_WIDENED_INTERPRETATION_UNCHANGED,sensitivity CI is wider; interpretation otherwise unchanged
H4|LIFT|baitbuster:youtube_human|xlmr|2718|0.05,NON_ESTIMABLE_UNDER_LOCKED_BOOTSTRAP,NON_ESTIMABLE,-0.8901565465755101,-0.8901565465755101,,,,,False,False,CONCORDANT,canonical interpretation unchanged
H4|ERROR_CAPTURE|baitbuster:youtube_human|xlmr|2718|0.05,ESTIMABLE,ESTIMABLE,-0.0212069106689593,-0.0212069106689593,"[-0.07414942573200402, 0.2452622763806367]","[-0.08126652676356254, 0.2533194178945983]",0.6148,0.614,True,True,UNCERTAINTY_WIDENED_INTERPRETATION_UNCHANGED,sensitivity CI is wider; interpretation otherwise unchanged
H4|AURC|baitbuster:youtube_human|xlmr|2718|0.05,ESTIMABLE,ESTIMABLE,0.06962793603937316,0.06962793603937316,"[-0.07487775537263101, 0.49195009334541756]","[-0.0801628587424636, 0.49640515367850313]",0.536,0.5188,True,True,UNCERTAINTY_WIDENED_INTERPRETATION_UNCHANGED,sensitivity CI is wider; interpretation otherwise unchanged
H4|LIFT|baitbuster:youtube_human|xlmr|2718|0.1,NON_ESTIMABLE_UNDER_LOCKED_BOOTSTRAP,NON_ESTIMABLE,-0.815655455137237,-0.815655455137237,,,,,False,False,CONCORDANT,canonical interpretation unchanged
H4|ERROR_CAPTURE|baitbuster:youtube_human|xlmr|2718|0.1,ESTIMABLE,ESTIMABLE,-0.05718087284041595,-0.05718087284041595,"[-0.14847908348280411, 0.3454389091578323]","[-0.16361635452626155, 0.3380985160744792]",0.5148,0.5124,True,True,UNCERTAINTY_WIDENED_INTERPRETATION_UNCHANGED,sensitivity CI is wider; interpretation otherwise unchanged
H4|AURC|baitbuster:youtube_human|xlmr|2718|0.1,ESTIMABLE,ESTIMABLE,0.06962793603937316,0.06962793603937316,"[-0.07487775537263101, 0.49195009334541756]","[-0.0801628587424636, 0.49640515367850313]",0.536,0.5188,True,True,UNCERTAINTY_WIDENED_INTERPRETATION_UNCHANGED,sensitivity CI is wider; interpretation otherwise unchanged
H4|LIFT|baitbuster:youtube_human|xlmr|2718|0.2,NON_ESTIMABLE_UNDER_LOCKED_BOOTSTRAP,NON_ESTIMABLE,-0.6293334234269647,-0.6293334234269647,,,,,False,False,CONCORDANT,canonical interpretation unchanged
H4|ERROR_CAPTURE|baitbuster:youtube_human|xlmr|2718|0.2,ESTIMABLE,ESTIMABLE,-0.09977210076694232,-0.09977210076694232,"[-0.242285061142638, 0.4251711322826995]","[-0.2642798044503375, 0.4284692413582185]",0.5204,0.522,True,True,UNCERTAINTY_WIDENED_INTERPRETATION_UNCHANGED,sensitivity CI is wider; interpretation otherwise unchanged
H4|AURC|baitbuster:youtube_human|xlmr|2718|0.2,ESTIMABLE,ESTIMABLE,0.06962793603937316,0.06962793603937316,"[-0.07487775537263101, 0.49195009334541756]","[-0.0801628587424636, 0.49640515367850313]",0.536,0.5188,True,True,UNCERTAINTY_WIDENED_INTERPRETATION_UNCHANGED,sensitivity CI is wider; interpretation otherwise unchanged
H4|LIFT|baitbuster:youtube_human|xlmr|31415|0.05,NON_ESTIMABLE_UNDER_LOCKED_BOOTSTRAP,NON_ESTIMABLE,-0.85537905713966,-0.85537905713966,,,,,False,False,CONCORDANT,canonical interpretation unchanged
H4|ERROR_CAPTURE|baitbuster:youtube_human|xlmr|31415|0.05,ESTIMABLE,ESTIMABLE,-0.04560365387211447,-0.04560365387211447,"[-0.09053243663093147, 0.22105619700948634]","[-0.10544717656309961, 0.22279010078506822]",0.4128,0.3932,True,True,UNCERTAINTY_WIDENED_INTERPRETATION_UNCHANGED,sensitivity CI is wider; interpretation otherwise unchanged
H4|AURC|baitbuster:youtube_human|xlmr|31415|0.05,ESTIMABLE,ESTIMABLE,0.09275596796713577,0.09275596796713577,"[-0.08024533018439006, 0.5261636865745647]","[-0.08484546314574912, 0.5338410417544696]",0.5308,0.4868,True,True,UNCERTAINTY_WIDENED_INTERPRETATION_UNCHANGED,sensitivity CI is wider; interpretation otherwise unchanged
H4|LIFT|baitbuster:youtube_human|xlmr|31415|0.1,NON_ESTIMABLE_UNDER_LOCKED_BOOTSTRAP,NON_ESTIMABLE,-0.7703513143756491,-0.7703513143756491,,,,,False,False,CONCORDANT,canonical interpretation unchanged
H4|ERROR_CAPTURE|baitbuster:youtube_human|xlmr|31415|0.1,ESTIMABLE,ESTIMABLE,-0.08831840885569003,-0.08831840885569003,"[-0.1609037783548805, 0.32589627524968034]","[-0.18517252950280455, 0.33130705719012105]",0.4364,0.4236,True,True,UNCERTAINTY_WIDENED_INTERPRETATION_UNCHANGED,sensitivity CI is wider; interpretation otherwise unchanged
H4|AURC|baitbuster:youtube_human|xlmr|31415|0.1,ESTIMABLE,ESTIMABLE,0.09275596796713577,0.09275596796713577,"[-0.08024533018439006, 0.5261636865745647]","[-0.08484546314574912, 0.5338410417544696]",0.5308,0.4868,True,True,UNCERTAINTY_WIDENED_INTERPRETATION_UNCHANGED,sensitivity CI is wider; interpretation otherwise unchanged
H4|LIFT|baitbuster:youtube_human|xlmr|31415|0.2,NON_ESTIMABLE_UNDER_LOCKED_BOOTSTRAP,NON_ESTIMABLE,-0.6445559976676551,-0.6445559976676551,,,,,False,False,CONCORDANT,canonical interpretation unchanged
H4|ERROR_CAPTURE|baitbuster:youtube_human|xlmr|31415|0.2,ESTIMABLE,ESTIMABLE,-0.1274974125905593,-0.1274974125905593,"[-0.25986486981121515, 0.3686775249573075]","[-0.27789828767859803, 0.39255805251067133]",0.4716,0.4432,True,True,UNCERTAINTY_WIDENED_INTERPRETATION_UNCHANGED,sensitivity CI is wider; interpretation otherwise unchanged
H4|AURC|baitbuster:youtube_human|xlmr|31415|0.2,ESTIMABLE,ESTIMABLE,0.09275596796713577,0.09275596796713577,"[-0.08024533018439006, 0.5261636865745647]","[-0.08484546314574912, 0.5338410417544696]",0.5308,0.4868,True,True,UNCERTAINTY_WIDENED_INTERPRETATION_UNCHANGED,sensitivity CI is wider; interpretation otherwise unchanged
H4|LIFT|baitbuster:youtube_human|xlmr|65537|0.05,NON_ESTIMABLE_UNDER_LOCKED_BOOTSTRAP,NON_ESTIMABLE,-0.9284776221205031,-0.9284776221205031,,,,,False,False,CONCORDANT,canonical interpretation unchanged
H4|ERROR_CAPTURE|baitbuster:youtube_human|xlmr|65537|0.05,ESTIMABLE,ESTIMABLE,-0.059514670278065354,-0.059514670278065354,"[-0.1089339011009232, 0.28353582832341157]","[-0.12428042674763537, 0.23742814462432466]",0.3876,0.4188,True,True,CONCORDANT,canonical interpretation unchanged
H4|AURC|baitbuster:youtube_human|xlmr|65537|0.05,ESTIMABLE,ESTIMABLE,0.035103174593347955,0.035103174593347955,"[-0.07508271218548579, 0.3624387159472569]","[-0.08183249233402258, 0.3650691436394748]",0.6548,0.6764,True,True,UNCERTAINTY_WIDENED_INTERPRETATION_UNCHANGED,sensitivity CI is wider; interpretation otherwise unchanged
H4|LIFT|baitbuster:youtube_human|xlmr|65537|0.1,NON_ESTIMABLE_UNDER_LOCKED_BOOTSTRAP,NON_ESTIMABLE,-0.8104671557497343,-0.8104671557497343,,,,,False,False,CONCORDANT,canonical interpretation unchanged
H4|ERROR_CAPTURE|baitbuster:youtube_human|xlmr|65537|0.1,ESTIMABLE,ESTIMABLE,-0.09184505837307314,-0.09184505837307314,"[-0.1791251871744706, 0.37148153896314223]","[-0.1898986872394831, 0.33766273348688663]",0.4236,0.4524,True,True,CONCORDANT,canonical interpretation unchanged
H4|AURC|baitbuster:youtube_human|xlmr|65537|0.1,ESTIMABLE,ESTIMABLE,0.035103174593347955,0.035103174593347955,"[-0.07508271218548579, 0.3624387159472569]","[-0.08183249233402258, 0.3650691436394748]",0.6548,0.6764,True,True,UNCERTAINTY_WIDENED_INTERPRETATION_UNCHANGED,sensitivity CI is wider; interpretation otherwise unchanged
H4|LIFT|baitbuster:youtube_human|xlmr|65537|0.2,NON_ESTIMABLE_UNDER_LOCKED_BOOTSTRAP,NON_ESTIMABLE,-0.6872073722127532,-0.6872073722127532,,,,,False,False,CONCORDANT,canonical interpretation unchanged
H4|ERROR_CAPTURE|baitbuster:youtube_human|xlmr|65537|0.2,ESTIMABLE,ESTIMABLE,-0.10221616663476507,-0.10221616663476507,"[-0.26216120136028864, 0.4302046899276886]","[-0.2861204060312213, 0.4069683167551735]",0.5304,0.5528,True,True,UNCERTAINTY_WIDENED_INTERPRETATION_UNCHANGED,sensitivity CI is wider; interpretation otherwise unchanged
H4|AURC|baitbuster:youtube_human|xlmr|65537|0.2,ESTIMABLE,ESTIMABLE,0.035103174593347955,0.035103174593347955,"[-0.07508271218548579, 0.3624387159472569]","[-0.08183249233402258, 0.3650691436394748]",0.6548,0.6764,True,True,UNCERTAINTY_WIDENED_INTERPRETATION_UNCHANGED,sensitivity CI is wider; interpretation otherwise unchanged
H4|LIFT|banglaclick:news|ebm|42|0.05,ESTIMABLE,ESTIMABLE,-1.2863477843545028,-1.2863477843545028,"[-1.5235556241829817, -1.0915594123983865]","[-2.1383525993385475, -0.8724718991710144]",0.0,0.0,True,True,UNCERTAINTY_WIDENED_INTERPRETATION_UNCHANGED,sensitivity CI is wider; interpretation otherwise unchanged
H4|ERROR_CAPTURE|banglaclick:news|ebm|42|0.05,ESTIMABLE,ESTIMABLE,-0.037397347695889704,-0.037397347695889704,"[-0.053807086322742226, -0.017082845290354327]","[-0.07030844537488636, -0.013517088509471724]",0.0,0.0012,True,True,UNCERTAINTY_WIDENED_INTERPRETATION_UNCHANGED,sensitivity CI is wider; interpretation otherwise unchanged
H4|AURC|banglaclick:news|ebm|42|0.05,ESTIMABLE,ESTIMABLE,0.37844720045341007,0.37844720045341007,"[0.3372039309886954, 0.42576487281969916]","[0.31094846097032464, 0.45384256226458164]",0.0,0.0,True,True,UNCERTAINTY_WIDENED_INTERPRETATION_UNCHANGED,sensitivity CI is wider; interpretation otherwise unchanged
H4|LIFT|banglaclick:news|ebm|42|0.1,ESTIMABLE,ESTIMABLE,-1.083284326120724,-1.083284326120724,"[-1.2603282931779656, -0.9121630660767808]","[-1.7984381924530195, -0.7442078163899473]",0.0,0.0,True,True,UNCERTAINTY_WIDENED_INTERPRETATION_UNCHANGED,sensitivity CI is wider; interpretation otherwise unchanged
H4|ERROR_CAPTURE|banglaclick:news|ebm|42|0.1,ESTIMABLE,ESTIMABLE,-0.07374134775199344,-0.07374134775199344,"[-0.10006731613659427, -0.0491195234938659]","[-0.1360133157876536, -0.040965260208808925]",0.0,0.0,True,True,UNCERTAINTY_WIDENED_INTERPRETATION_UNCHANGED,sensitivity CI is wider; interpretation otherwise unchanged
H4|AURC|banglaclick:news|ebm|42|0.1,ESTIMABLE,ESTIMABLE,0.37844720045341007,0.37844720045341007,"[0.3372039309886954, 0.42576487281969916]","[0.31094846097032464, 0.45384256226458164]",0.0,0.0,True,True,UNCERTAINTY_WIDENED_INTERPRETATION_UNCHANGED,sensitivity CI is wider; interpretation otherwise unchanged
H4|LIFT|banglaclick:news|ebm|42|0.2,ESTIMABLE,ESTIMABLE,-0.8110418756697313,-0.8110418756697313,"[-0.9372368590227332, -0.6600759933684318]","[-1.2512522940584594, -0.5470417119634938]",0.0,0.0,True,True,UNCERTAINTY_WIDENED_INTERPRETATION_UNCHANGED,sensitivity CI is wider; interpretation otherwise unchanged
H4|ERROR_CAPTURE|banglaclick:news|ebm|42|0.2,ESTIMABLE,ESTIMABLE,-0.1075031733675566,-0.1075031733675566,"[-0.14109651806494136, -0.07656635239948828]","[-0.1778973827185143, -0.06511462794171739]",0.0,0.0,True,True,UNCERTAINTY_WIDENED_INTERPRETATION_UNCHANGED,sensitivity CI is wider; interpretation otherwise unchanged
H4|AURC|banglaclick:news|ebm|42|0.2,ESTIMABLE,ESTIMABLE,0.37844720045341007,0.37844720045341007,"[0.3372039309886954, 0.42576487281969916]","[0.31094846097032464, 0.45384256226458164]",0.0,0.0,True,True,UNCERTAINTY_WIDENED_INTERPRETATION_UNCHANGED,sensitivity CI is wider; interpretation otherwise unchanged
H4|LIFT|banglaclick:news|ebm|137|0.05,ESTIMABLE,ESTIMABLE,-1.2863477843545028,-1.2863477843545028,"[-1.520229616497738, -1.0867331381235963]","[-2.1031609659341797, -0.8741751226643124]",0.0,0.0,True,True,UNCERTAINTY_WIDENED_INTERPRETATION_UNCHANGED,sensitivity CI is wider; interpretation otherwise unchanged
H4|ERROR_CAPTURE|banglaclick:news|ebm|137|0.05,ESTIMABLE,ESTIMABLE,-0.038399651792985316,-0.038399651792985316,"[-0.054466563903532786, -0.017229058671982815]","[-0.07122348093419786, -0.015322992087159837]",0.0008,0.0008,True,True,UNCERTAINTY_WIDENED_INTERPRETATION_UNCHANGED,sensitivity CI is wider; interpretation otherwise unchanged
H4|AURC|banglaclick:news|ebm|137|0.05,ESTIMABLE,ESTIMABLE,0.37853997966988673,0.37853997966988673,"[0.33623826505790827, 0.42662526824635677]","[0.3123262919888611, 0.45490980459222324]",0.0,0.0,True,True,UNCERTAINTY_WIDENED_INTERPRETATION_UNCHANGED,sensitivity CI is wider; interpretation otherwise unchanged
H4|LIFT|banglaclick:news|ebm|137|0.1,ESTIMABLE,ESTIMABLE,-1.072780647569507,-1.072780647569507,"[-1.2555143613202548, -0.8976430791276129]","[-1.7682683419951668, -0.7465231059692652]",0.0,0.0,True,True,UNCERTAINTY_WIDENED_INTERPRETATION_UNCHANGED,sensitivity CI is wider; interpretation otherwise unchanged
H4|ERROR_CAPTURE|banglaclick:news|ebm|137|0.1,ESTIMABLE,ESTIMABLE,-0.07468900058970544,-0.07468900058970544,"[-0.10056702242167061, -0.04972832980395321]","[-0.13702150463680143, -0.04155235345689874]",0.0,0.0,True,True,UNCERTAINTY_WIDENED_INTERPRETATION_UNCHANGED,sensitivity CI is wider; interpretation otherwise unchanged
H4|AURC|banglaclick:news|ebm|137|0.1,ESTIMABLE,ESTIMABLE,0.37853997966988673,0.37853997966988673,"[0.33623826505790827, 0.42662526824635677]","[0.3123262919888611, 0.45490980459222324]",0.0,0.0,True,True,UNCERTAINTY_WIDENED_INTERPRETATION_UNCHANGED,sensitivity CI is wider; interpretation otherwise unchanged
H4|LIFT|banglaclick:news|ebm|137|0.2,ESTIMABLE,ESTIMABLE,-0.8110418756697313,-0.8110418756697313,"[-0.93995869533701, -0.6651838141105423]","[-1.219261503222387, -0.5454969784357027]",0.0,0.0,True,True,UNCERTAINTY_WIDENED_INTERPRETATION_UNCHANGED,sensitivity CI is wider; interpretation otherwise unchanged
H4|ERROR_CAPTURE|banglaclick:news|ebm|137|0.2,ESTIMABLE,ESTIMABLE,-0.10938754879110385,-0.10938754879110385,"[-0.14240231133072184, -0.07661909116926331]","[-0.17657462279578334, -0.06565046091531947]",0.0,0.0,True,True,UNCERTAINTY_WIDENED_INTERPRETATION_UNCHANGED,sensitivity CI is wider; interpretation otherwise unchanged
H4|AURC|banglaclick:news|ebm|137|0.2,ESTIMABLE,ESTIMABLE,0.37853997966988673,0.37853997966988673,"[0.33623826505790827, 0.42662526824635677]","[0.3123262919888611, 0.45490980459222324]",0.0,0.0,True,True,UNCERTAINTY_WIDENED_INTERPRETATION_UNCHANGED,sensitivity CI is wider; interpretation otherwise unchanged
H4|LIFT|banglaclick:news|ebm|2718|0.05,ESTIMABLE,ESTIMABLE,-1.2863477843545028,-1.2863477843545028,"[-1.529789042183041, -1.093639705197899]","[-2.1100485960960946, -0.8775970673727937]",0.0,0.0,True,True,UNCERTAINTY_WIDENED_INTERPRETATION_UNCHANGED,sensitivity CI is wider; interpretation otherwise unchanged
H4|ERROR_CAPTURE|banglaclick:news|ebm|2718|0.05,ESTIMABLE,ESTIMABLE,-0.03605506581669507,-0.03605506581669507,"[-0.0529014716235841, -0.01683758489920304]","[-0.06860263383904755, -0.01420054139099412]",0.0,0.0004,True,True,UNCERTAINTY_WIDENED_INTERPRETATION_UNCHANGED,sensitivity CI is wider; interpretation otherwise unchanged
H4|AURC|banglaclick:news|ebm|2718|0.05,ESTIMABLE,ESTIMABLE,0.3784852521346273,0.3784852521346273,"[0.3364546316578812, 0.42567405526187463]","[0.3102602997953239, 0.45386280331994194]",0.0,0.0,True,True,UNCERTAINTY_WIDENED_INTERPRETATION_UNCHANGED,sensitivity CI is wider; interpretation otherwise unchanged
H4|LIFT|banglaclick:news|ebm|2718|0.1,ESTIMABLE,ESTIMABLE,-1.0812912858673793,-1.0812912858673793,"[-1.2580599821638985, -0.9058278333715414]","[-1.7648071587787642, -0.7486629025031045]",0.0,0.0,True,True,UNCERTAINTY_WIDENED_INTERPRETATION_UNCHANGED,sensitivity CI is wider; interpretation otherwise unchanged
H4|ERROR_CAPTURE|banglaclick:news|ebm|2718|0.1,ESTIMABLE,ESTIMABLE,-0.0726964156725786,-0.0726964156725786,"[-0.09953028771782932, -0.04937521887166304]","[-0.1343811023927062, -0.041487149148166313]",0.0,0.0,True,True,UNCERTAINTY_WIDENED_INTERPRETATION_UNCHANGED,sensitivity CI is wider; interpretation otherwise unchanged
H4|AURC|banglaclick:news|ebm|2718|0.1,ESTIMABLE,ESTIMABLE,0.3784852521346273,0.3784852521346273,"[0.3364546316578812, 0.42567405526187463]","[0.3102602997953239, 0.45386280331994194]",0.0,0.0,True,True,UNCERTAINTY_WIDENED_INTERPRETATION_UNCHANGED,sensitivity CI is wider; interpretation otherwise unchanged
H4|LIFT|banglaclick:news|ebm|2718|0.2,ESTIMABLE,ESTIMABLE,-0.8163031437411665,-0.8163031437411665,"[-0.9421595512912564, -0.6639650037111737]","[-1.2282743917598302, -0.5520549945642368]",0.0,0.0,True,True,UNCERTAINTY_WIDENED_INTERPRETATION_UNCHANGED,sensitivity CI is wider; interpretation otherwise unchanged
H4|ERROR_CAPTURE|banglaclick:news|ebm|2718|0.2,ESTIMABLE,ESTIMABLE,-0.1075031733675566,-0.1075031733675566,"[-0.14168901466412318, -0.07632582980165298]","[-0.17311775360739923, -0.06627034193196704]",0.0,0.0,True,True,UNCERTAINTY_WIDENED_INTERPRETATION_UNCHANGED,sensitivity CI is wider; interpretation otherwise unchanged
H4|AURC|banglaclick:news|ebm|2718|0.2,ESTIMABLE,ESTIMABLE,0.3784852521346273,0.3784852521346273,"[0.3364546316578812, 0.42567405526187463]","[0.3102602997953239, 0.45386280331994194]",0.0,0.0,True,True,UNCERTAINTY_WIDENED_INTERPRETATION_UNCHANGED,sensitivity CI is wider; interpretation otherwise unchanged
H4|LIFT|banglaclick:news|ebm|31415|0.05,ESTIMABLE,ESTIMABLE,-1.2863477843545028,-1.2863477843545028,"[-1.5189279309859782, -1.089099879871262]","[-2.1017880162756666, -0.8773143683198105]",0.0,0.0,True,True,UNCERTAINTY_WIDENED_INTERPRETATION_UNCHANGED,sensitivity CI is wider; interpretation otherwise unchanged
H4|ERROR_CAPTURE|banglaclick:news|ebm|31415|0.05,ESTIMABLE,ESTIMABLE,-0.03605506581669507,-0.03605506581669507,"[-0.05235901840330756, -0.015753437422594718]","[-0.0687840039436102, -0.01375936361217481]",0.0,0.0012,True,True,UNCERTAINTY_WIDENED_INTERPRETATION_UNCHANGED,sensitivity CI is wider; interpretation otherwise unchanged
H4|AURC|banglaclick:news|ebm|31415|0.05,ESTIMABLE,ESTIMABLE,0.3782281090814915,0.3782281090814915,"[0.3353514698081316, 0.4236876680067102]","[0.3123180009161124, 0.45525790296994334]",0.0,0.0,True,True,UNCERTAINTY_WIDENED_INTERPRETATION_UNCHANGED,sensitivity CI is wider; interpretation otherwise unchanged
H4|LIFT|banglaclick:news|ebm|31415|0.1,ESTIMABLE,ESTIMABLE,-1.072780647569507,-1.072780647569507,"[-1.2555692363879707, -0.902432830554541]","[-1.7636958418899513, -0.7435139263939545]",0.0,0.0,True,True,UNCERTAINTY_WIDENED_INTERPRETATION_UNCHANGED,sensitivity CI is wider; interpretation otherwise unchanged
H4|ERROR_CAPTURE|banglaclick:news|ebm|31415|0.1,ESTIMABLE,ESTIMABLE,-0.0726964156725786,-0.0726964156725786,"[-0.09940502265987392, -0.04951694572447893]","[-0.13238455671261842, -0.04116531518145893]",0.0,0.0,True,True,UNCERTAINTY_WIDENED_INTERPRETATION_UNCHANGED,sensitivity CI is wider; interpretation otherwise unchanged
H4|AURC|banglaclick:news|ebm|31415|0.1,ESTIMABLE,ESTIMABLE,0.3782281090814915,0.3782281090814915,"[0.3353514698081316, 0.4236876680067102]","[0.3123180009161124, 0.45525790296994334]",0.0,0.0,True,True,UNCERTAINTY_WIDENED_INTERPRETATION_UNCHANGED,sensitivity CI is wider; interpretation otherwise unchanged
H4|LIFT|banglaclick:news|ebm|31415|0.2,ESTIMABLE,ESTIMABLE,-0.8110418756697313,-0.8110418756697313,"[-0.9319817777120982, -0.6663895524651081]","[-1.2153048989680226, -0.5515169355243633]",0.0,0.0,True,True,UNCERTAINTY_WIDENED_INTERPRETATION_UNCHANGED,sensitivity CI is wider; interpretation otherwise unchanged
H4|ERROR_CAPTURE|banglaclick:news|ebm|31415|0.2,ESTIMABLE,ESTIMABLE,-0.1075031733675566,-0.1075031733675566,"[-0.14080890385529077, -0.07625404979260009]","[-0.17403155998560035, -0.06517215416020461]",0.0,0.0,True,True,UNCERTAINTY_WIDENED_INTERPRETATION_UNCHANGED,sensitivity CI is wider; interpretation otherwise unchanged
H4|AURC|banglaclick:news|ebm|31415|0.2,ESTIMABLE,ESTIMABLE,0.3782281090814915,0.3782281090814915,"[0.3353514698081316, 0.4236876680067102]","[0.3123180009161124, 0.45525790296994334]",0.0,0.0,True,True,UNCERTAINTY_WIDENED_INTERPRETATION_UNCHANGED,sensitivity CI is wider; interpretation otherwise unchanged
H4|LIFT|banglaclick:news|ebm|65537|0.05,ESTIMABLE,ESTIMABLE,-1.2863477843545028,-1.2863477843545028,"[-1.5221436908230084, -1.091774719748668]","[-2.0702089708258957, -0.8769308944078228]",0.0,0.0,True,True,UNCERTAINTY_WIDENED_INTERPRETATION_UNCHANGED,sensitivity CI is wider; interpretation otherwise unchanged
H4|ERROR_CAPTURE|banglaclick:news|ebm|65537|0.05,ESTIMABLE,ESTIMABLE,-0.03605506581669507,-0.03605506581669507,"[-0.05365926659495581, -0.0176865476206103]","[-0.06786949010954026, -0.013201642468583848]",0.0,0.002,True,True,UNCERTAINTY_WIDENED_INTERPRETATION_UNCHANGED,sensitivity CI is wider; interpretation otherwise unchanged
H4|AURC|banglaclick:news|ebm|65537|0.05,ESTIMABLE,ESTIMABLE,0.3783184354146961,0.3783184354146961,"[0.336030079667803, 0.4259187394636804]","[0.3122625711589541, 0.45165651454589306]",0.0,0.0,True,True,UNCERTAINTY_WIDENED_INTERPRETATION_UNCHANGED,sensitivity CI is wider; interpretation otherwise unchanged
H4|LIFT|banglaclick:news|ebm|65537|0.1,ESTIMABLE,ESTIMABLE,-1.0812912858673793,-1.0812912858673793,"[-1.2586302387596964, -0.903667961026175]","[-1.733871904295297, -0.7406794668170936]",0.0,0.0,True,True,UNCERTAINTY_WIDENED_INTERPRETATION_UNCHANGED,sensitivity CI is wider; interpretation otherwise unchanged
H4|ERROR_CAPTURE|banglaclick:news|ebm|65537|0.1,ESTIMABLE,ESTIMABLE,-0.07135413379338397,-0.07135413379338397,"[-0.09949766398305138, -0.049612603253778385]","[-0.13140657434376574, -0.03936716177704591]",0.0,0.0,True,True,UNCERTAINTY_WIDENED_INTERPRETATION_UNCHANGED,sensitivity CI is wider; interpretation otherwise unchanged
H4|AURC|banglaclick:news|ebm|65537|0.1,ESTIMABLE,ESTIMABLE,0.3783184354146961,0.3783184354146961,"[0.336030079667803, 0.4259187394636804]","[0.3122625711589541, 0.45165651454589306]",0.0,0.0,True,True,UNCERTAINTY_WIDENED_INTERPRETATION_UNCHANGED,sensitivity CI is wider; interpretation otherwise unchanged
H4|LIFT|banglaclick:news|ebm|65537|0.2,ESTIMABLE,ESTIMABLE,-0.8110418756697313,-0.8110418756697313,"[-0.9372602372213393, -0.662962401960121]","[-1.209162526272993, -0.5512613987524448]",0.0,0.0,True,True,UNCERTAINTY_WIDENED_INTERPRETATION_UNCHANGED,sensitivity CI is wider; interpretation otherwise unchanged
H4|ERROR_CAPTURE|banglaclick:news|ebm|65537|0.2,ESTIMABLE,ESTIMABLE,-0.10854810544697144,-0.10854810544697144,"[-0.142780084467715, -0.07694500559155823]","[-0.17263811924771663, -0.06409984950326356]",0.0,0.0,True,True,UNCERTAINTY_WIDENED_INTERPRETATION_UNCHANGED,sensitivity CI is wider; interpretation otherwise unchanged
H4|AURC|banglaclick:news|ebm|65537|0.2,ESTIMABLE,ESTIMABLE,0.3783184354146961,0.3783184354146961,"[0.336030079667803, 0.4259187394636804]","[0.3122625711589541, 0.45165651454589306]",0.0,0.0,True,True,UNCERTAINTY_WIDENED_INTERPRETATION_UNCHANGED,sensitivity CI is wider; interpretation otherwise unchanged
H4|LIFT|banglaclick:news|tfidf_lr|42|0.05,ESTIMABLE,ESTIMABLE,-1.3910094384898417,-1.3910094384898417,"[-1.6355898980888486, -1.211555079892783]","[-2.2670532831717334, -0.9604936011400892]",0.0,0.0,True,True,UNCERTAINTY_WIDENED_INTERPRETATION_UNCHANGED,sensitivity CI is wider; interpretation otherwise unchanged
H4|ERROR_CAPTURE|banglaclick:news|tfidf_lr|42|0.05,ESTIMABLE,ESTIMABLE,-0.0452222033768661,-0.0452222033768661,"[-0.06632255509822702, -0.027187735304839988]","[-0.08462183378875382, -0.02408458613457952]",0.0,0.0,True,True,UNCERTAINTY_WIDENED_INTERPRETATION_UNCHANGED,sensitivity CI is wider; interpretation otherwise unchanged
H4|AURC|banglaclick:news|tfidf_lr|42|0.05,ESTIMABLE,ESTIMABLE,0.452701861335994,0.452701861335994,"[0.39941163081375736, 0.5139703100183166]","[0.3833331923018897, 0.5302313071627605]",0.0,0.0,True,True,UNCERTAINTY_WIDENED_INTERPRETATION_UNCHANGED,sensitivity CI is wider; interpretation otherwise unchanged
H4|LIFT|banglaclick:news|tfidf_lr|42|0.1,ESTIMABLE,ESTIMABLE,-1.2448255848956638,-1.2448255848956638,"[-1.4199514766488, -1.0741029521094052]","[-1.9303802574133924, -0.8698428139892961]",0.0,0.0,True,True,UNCERTAINTY_WIDENED_INTERPRETATION_UNCHANGED,sensitivity CI is wider; interpretation otherwise unchanged
H4|ERROR_CAPTURE|banglaclick:news|tfidf_lr|42|0.1,ESTIMABLE,ESTIMABLE,-0.10571080803344274,-0.10571080803344274,"[-0.13177874270874404, -0.07851383482755213]","[-0.1699861328450877, -0.07041207479521085]",0.0,0.0,True,True,UNCERTAINTY_WIDENED_INTERPRETATION_UNCHANGED,sensitivity CI is wider; interpretation otherwise unchanged
H4|AURC|banglaclick:news|tfidf_lr|42|0.1,ESTIMABLE,ESTIMABLE,0.452701861335994,0.452701861335994,"[0.39941163081375736, 0.5139703100183166]","[0.3833331923018897, 0.5302313071627605]",0.0,0.0,True,True,UNCERTAINTY_WIDENED_INTERPRETATION_UNCHANGED,sensitivity CI is wider; interpretation otherwise unchanged
H4|LIFT|banglaclick:news|tfidf_lr|42|0.2,ESTIMABLE,ESTIMABLE,-0.9706602921988494,-0.9706602921988494,"[-1.107739289323777, -0.8377242256372706]","[-1.3896169398848057, -0.6888612829081704]",0.0,0.0,True,True,UNCERTAINTY_WIDENED_INTERPRETATION_UNCHANGED,sensitivity CI is wider; interpretation otherwise unchanged
H4|ERROR_CAPTURE|banglaclick:news|tfidf_lr|42|0.2,ESTIMABLE,ESTIMABLE,-0.19779974924590862,-0.19779974924590862,"[-0.2316014473343326, -0.16258428128537158]","[-0.27891660600397344, -0.14722883447899623]",0.0,0.0,True,True,UNCERTAINTY_WIDENED_INTERPRETATION_UNCHANGED,sensitivity CI is wider; interpretation otherwise unchanged
H4|AURC|banglaclick:news|tfidf_lr|42|0.2,ESTIMABLE,ESTIMABLE,0.452701861335994,0.452701861335994,"[0.39941163081375736, 0.5139703100183166]","[0.3833331923018897, 0.5302313071627605]",0.0,0.0,True,True,UNCERTAINTY_WIDENED_INTERPRETATION_UNCHANGED,sensitivity CI is wider; interpretation otherwise unchanged
H4|LIFT|banglaclick:news|tfidf_lr|137|0.05,ESTIMABLE,ESTIMABLE,-1.3910094384898417,-1.3910094384898417,"[-1.6263160685399756, -1.21156450550748]","[-2.2924935843051486, -0.9551493265406515]",0.0,0.0,True,True,UNCERTAINTY_WIDENED_INTERPRETATION_UNCHANGED,sensitivity CI is wider; interpretation otherwise unchanged
H4|ERROR_CAPTURE|banglaclick:news|tfidf_lr|137|0.05,ESTIMABLE,ESTIMABLE,-0.0452222033768661,-0.0452222033768661,"[-0.066432219478078, -0.02777942832305733]","[-0.08662438243597499, -0.02412652032652629]",0.0,0.0,True,True,UNCERTAINTY_WIDENED_INTERPRETATION_UNCHANGED,sensitivity CI is wider; interpretation otherwise unchanged
H4|AURC|banglaclick:news|tfidf_lr|137|0.05,ESTIMABLE,ESTIMABLE,0.452701861335994,0.452701861335994,"[0.40047971636756613, 0.5136046264494832]","[0.3810857447671061, 0.5300769976676829]",0.0,0.0,True,True,UNCERTAINTY_WIDENED_INTERPRETATION_UNCHANGED,sensitivity CI is wider; interpretation otherwise unchanged
H4|LIFT|banglaclick:news|tfidf_lr|137|0.1,ESTIMABLE,ESTIMABLE,-1.2448255848956638,-1.2448255848956638,"[-1.4140383357033242, -1.0678491833265042]","[-1.9391022562643483, -0.8472335282410107]",0.0,0.0,True,True,UNCERTAINTY_WIDENED_INTERPRETATION_UNCHANGED,sensitivity CI is wider; interpretation otherwise unchanged
H4|ERROR_CAPTURE|banglaclick:news|tfidf_lr|137|0.1,ESTIMABLE,ESTIMABLE,-0.10571080803344274,-0.10571080803344274,"[-0.13138215106752718, -0.07878710139614852]","[-0.17297644908205362, -0.06874511726206035]",0.0,0.0,True,True,UNCERTAINTY_WIDENED_INTERPRETATION_UNCHANGED,sensitivity CI is wider; interpretation otherwise unchanged
H4|AURC|banglaclick:news|tfidf_lr|137|0.1,ESTIMABLE,ESTIMABLE,0.452701861335994,0.452701861335994,"[0.40047971636756613, 0.5136046264494832]","[0.3810857447671061, 0.5300769976676829]",0.0,0.0,True,True,UNCERTAINTY_WIDENED_INTERPRETATION_UNCHANGED,sensitivity CI is wider; interpretation otherwise unchanged
H4|LIFT|banglaclick:news|tfidf_lr|137|0.2,ESTIMABLE,ESTIMABLE,-0.9706602921988494,-0.9706602921988494,"[-1.1012497513489485, -0.8343282396315511]","[-1.4045729050600464, -0.6754234913214933]",0.0,0.0,True,True,UNCERTAINTY_WIDENED_INTERPRETATION_UNCHANGED,sensitivity CI is wider; interpretation otherwise unchanged
H4|ERROR_CAPTURE|banglaclick:news|tfidf_lr|137|0.2,ESTIMABLE,ESTIMABLE,-0.19779974924590862,-0.19779974924590862,"[-0.2315011386623169, -0.16031067877074479]","[-0.2811785797283185, -0.14549828429523198]",0.0,0.0,True,True,UNCERTAINTY_WIDENED_INTERPRETATION_UNCHANGED,sensitivity CI is wider; interpretation otherwise unchanged
H4|AURC|banglaclick:news|tfidf_lr|137|0.2,ESTIMABLE,ESTIMABLE,0.452701861335994,0.452701861335994,"[0.40047971636756613, 0.5136046264494832]","[0.3810857447671061, 0.5300769976676829]",0.0,0.0,True,True,UNCERTAINTY_WIDENED_INTERPRETATION_UNCHANGED,sensitivity CI is wider; interpretation otherwise unchanged
H4|LIFT|banglaclick:news|tfidf_lr|2718|0.05,ESTIMABLE,ESTIMABLE,-1.3910094384898417,-1.3910094384898417,"[-1.6274528267725146, -1.208281860986451]","[-2.262641682259887, -0.9537754067676307]",0.0,0.0,True,True,UNCERTAINTY_WIDENED_INTERPRETATION_UNCHANGED,sensitivity CI is wider; interpretation otherwise unchanged
H4|ERROR_CAPTURE|banglaclick:news|tfidf_lr|2718|0.05,ESTIMABLE,ESTIMABLE,-0.0452222033768661,-0.0452222033768661,"[-0.067221479920607, -0.02660118999447339]","[-0.08505907409466824, -0.023267598974088716]",0.0,0.0,True,True,UNCERTAINTY_WIDENED_INTERPRETATION_UNCHANGED,sensitivity CI is wider; interpretation otherwise unchanged
H4|AURC|banglaclick:news|tfidf_lr|2718|0.05,ESTIMABLE,ESTIMABLE,0.452701861335994,0.452701861335994,"[0.3977242996615822, 0.5117914964538265]","[0.38086676017850957, 0.5294325436383638]",0.0,0.0,True,True,UNCERTAINTY_WIDENED_INTERPRETATION_UNCHANGED,sensitivity CI is wider; interpretation otherwise unchanged
H4|LIFT|banglaclick:news|tfidf_lr|2718|0.1,ESTIMABLE,ESTIMABLE,-1.2448255848956638,-1.2448255848956638,"[-1.4217529587231825, -1.0619003095960122]","[-1.9063406462604529, -0.8541357290083023]",0.0,0.0,True,True,UNCERTAINTY_WIDENED_INTERPRETATION_UNCHANGED,sensitivity CI is wider; interpretation otherwise unchanged
H4|ERROR_CAPTURE|banglaclick:news|tfidf_lr|2718|0.1,ESTIMABLE,ESTIMABLE,-0.10571080803344274,-0.10571080803344274,"[-0.13185656181859645, -0.07725144295810824]","[-0.1674219845650885, -0.06908387837169694]",0.0,0.0,True,True,UNCERTAINTY_WIDENED_INTERPRETATION_UNCHANGED,sensitivity CI is wider; interpretation otherwise unchanged
H4|AURC|banglaclick:news|tfidf_lr|2718|0.1,ESTIMABLE,ESTIMABLE,0.452701861335994,0.452701861335994,"[0.3977242996615822, 0.5117914964538265]","[0.38086676017850957, 0.5294325436383638]",0.0,0.0,True,True,UNCERTAINTY_WIDENED_INTERPRETATION_UNCHANGED,sensitivity CI is wider; interpretation otherwise unchanged
H4|LIFT|banglaclick:news|tfidf_lr|2718|0.2,ESTIMABLE,ESTIMABLE,-0.9706602921988494,-0.9706602921988494,"[-1.101848161047201, -0.8324169232706644]","[-1.3639805689039732, -0.6757055090858253]",0.0,0.0,True,True,UNCERTAINTY_WIDENED_INTERPRETATION_UNCHANGED,sensitivity CI is wider; interpretation otherwise unchanged
H4|ERROR_CAPTURE|banglaclick:news|tfidf_lr|2718|0.2,ESTIMABLE,ESTIMABLE,-0.19779974924590862,-0.19779974924590862,"[-0.23149649120226637, -0.16067821403511462]","[-0.2787342536699651, -0.14538042818631358]",0.0,0.0,True,True,UNCERTAINTY_WIDENED_INTERPRETATION_UNCHANGED,sensitivity CI is wider; interpretation otherwise unchanged
H4|AURC|banglaclick:news|tfidf_lr|2718|0.2,ESTIMABLE,ESTIMABLE,0.452701861335994,0.452701861335994,"[0.3977242996615822, 0.5117914964538265]","[0.38086676017850957, 0.5294325436383638]",0.0,0.0,True,True,UNCERTAINTY_WIDENED_INTERPRETATION_UNCHANGED,sensitivity CI is wider; interpretation otherwise unchanged
H4|LIFT|banglaclick:news|tfidf_lr|31415|0.05,ESTIMABLE,ESTIMABLE,-1.3910094384898417,-1.3910094384898417,"[-1.6219829467360398, -1.2131035744198115]","[-2.2932734723738726, -0.9591868943098829]",0.0,0.0,True,True,UNCERTAINTY_WIDENED_INTERPRETATION_UNCHANGED,sensitivity CI is wider; interpretation otherwise unchanged
H4|ERROR_CAPTURE|banglaclick:news|tfidf_lr|31415|0.05,ESTIMABLE,ESTIMABLE,-0.0452222033768661,-0.0452222033768661,"[-0.06662652634804364, -0.026626280437802814]","[-0.08711710159259993, -0.02362512239087242]",0.0,0.0,True,True,UNCERTAINTY_WIDENED_INTERPRETATION_UNCHANGED,sensitivity CI is wider; interpretation otherwise unchanged
H4|AURC|banglaclick:news|tfidf_lr|31415|0.05,ESTIMABLE,ESTIMABLE,0.452701861335994,0.452701861335994,"[0.40092495223681995, 0.5098151656611442]","[0.3808293247946654, 0.5302981942643828]",0.0,0.0,True,True,UNCERTAINTY_WIDENED_INTERPRETATION_UNCHANGED,sensitivity CI is wider; interpretation otherwise unchanged
H4|LIFT|banglaclick:news|tfidf_lr|31415|0.1,ESTIMABLE,ESTIMABLE,-1.2448255848956638,-1.2448255848956638,"[-1.4121036397579103, -1.0690778902304148]","[-1.938636621962195, -0.8572899698150631]",0.0,0.0,True,True,UNCERTAINTY_WIDENED_INTERPRETATION_UNCHANGED,sensitivity CI is wider; interpretation otherwise unchanged
H4|ERROR_CAPTURE|banglaclick:news|tfidf_lr|31415|0.1,ESTIMABLE,ESTIMABLE,-0.10571080803344274,-0.10571080803344274,"[-0.1318776620649403, -0.07695770578675629]","[-0.17280351912145406, -0.06884459938217871]",0.0,0.0,True,True,UNCERTAINTY_WIDENED_INTERPRETATION_UNCHANGED,sensitivity CI is wider; interpretation otherwise unchanged
H4|AURC|banglaclick:news|tfidf_lr|31415|0.1,ESTIMABLE,ESTIMABLE,0.452701861335994,0.452701861335994,"[0.40092495223681995, 0.5098151656611442]","[0.3808293247946654, 0.5302981942643828]",0.0,0.0,True,True,UNCERTAINTY_WIDENED_INTERPRETATION_UNCHANGED,sensitivity CI is wider; interpretation otherwise unchanged
H4|LIFT|banglaclick:news|tfidf_lr|31415|0.2,ESTIMABLE,ESTIMABLE,-0.9706602921988494,-0.9706602921988494,"[-1.099160923182185, -0.8376882754963505]","[-1.3953818052975153, -0.6789513995620313]",0.0,0.0,True,True,UNCERTAINTY_WIDENED_INTERPRETATION_UNCHANGED,sensitivity CI is wider; interpretation otherwise unchanged
H4|ERROR_CAPTURE|banglaclick:news|tfidf_lr|31415|0.2,ESTIMABLE,ESTIMABLE,-0.19779974924590862,-0.19779974924590862,"[-0.2321156484455497, -0.16207768829287267]","[-0.28184484747017435, -0.146097188598978]",0.0,0.0,True,True,UNCERTAINTY_WIDENED_INTERPRETATION_UNCHANGED,sensitivity CI is wider; interpretation otherwise unchanged
H4|AURC|banglaclick:news|tfidf_lr|31415|0.2,ESTIMABLE,ESTIMABLE,0.452701861335994,0.452701861335994,"[0.40092495223681995, 0.5098151656611442]","[0.3808293247946654, 0.5302981942643828]",0.0,0.0,True,True,UNCERTAINTY_WIDENED_INTERPRETATION_UNCHANGED,sensitivity CI is wider; interpretation otherwise unchanged
H4|LIFT|banglaclick:news|tfidf_lr|65537|0.05,ESTIMABLE,ESTIMABLE,-1.3910094384898417,-1.3910094384898417,"[-1.6336477862136378, -1.216052039300785]","[-2.2588560552657726, -0.9508802596627806]",0.0,0.0,True,True,UNCERTAINTY_WIDENED_INTERPRETATION_UNCHANGED,sensitivity CI is wider; interpretation otherwise unchanged
H4|ERROR_CAPTURE|banglaclick:news|tfidf_lr|65537|0.05,ESTIMABLE,ESTIMABLE,-0.0452222033768661,-0.0452222033768661,"[-0.06641010338731998, -0.026919943874139474]","[-0.0859724317397024, -0.02307903180549349]",0.0,0.0,True,True,UNCERTAINTY_WIDENED_INTERPRETATION_UNCHANGED,sensitivity CI is wider; interpretation otherwise unchanged
H4|AURC|banglaclick:news|tfidf_lr|65537|0.05,ESTIMABLE,ESTIMABLE,0.452701861335994,0.452701861335994,"[0.39978367268277465, 0.5109729428011824]","[0.37712260247113716, 0.527194993238625]",0.0,0.0,True,True,UNCERTAINTY_WIDENED_INTERPRETATION_UNCHANGED,sensitivity CI is wider; interpretation otherwise unchanged
H4|LIFT|banglaclick:news|tfidf_lr|65537|0.1,ESTIMABLE,ESTIMABLE,-1.2448255848956638,-1.2448255848956638,"[-1.4178279403380596, -1.068317465286889]","[-1.9204069691735455, -0.8495034932392168]",0.0,0.0,True,True,UNCERTAINTY_WIDENED_INTERPRETATION_UNCHANGED,sensitivity CI is wider; interpretation otherwise unchanged
H4|ERROR_CAPTURE|banglaclick:news|tfidf_lr|65537|0.1,ESTIMABLE,ESTIMABLE,-0.10571080803344274,-0.10571080803344274,"[-0.13056986353030556, -0.07798100855522827]","[-0.16980067574677712, -0.0682664696315509]",0.0,0.0,True,True,UNCERTAINTY_WIDENED_INTERPRETATION_UNCHANGED,sensitivity CI is wider; interpretation otherwise unchanged
H4|AURC|banglaclick:news|tfidf_lr|65537|0.1,ESTIMABLE,ESTIMABLE,0.452701861335994,0.452701861335994,"[0.39978367268277465, 0.5109729428011824]","[0.37712260247113716, 0.527194993238625]",0.0,0.0,True,True,UNCERTAINTY_WIDENED_INTERPRETATION_UNCHANGED,sensitivity CI is wider; interpretation otherwise unchanged
H4|LIFT|banglaclick:news|tfidf_lr|65537|0.2,ESTIMABLE,ESTIMABLE,-0.9706602921988494,-0.9706602921988494,"[-1.1046826416849325, -0.8338397049459545]","[-1.3717100671037958, -0.6780108528719974]",0.0,0.0,True,True,UNCERTAINTY_WIDENED_INTERPRETATION_UNCHANGED,sensitivity CI is wider; interpretation otherwise unchanged
H4|ERROR_CAPTURE|banglaclick:news|tfidf_lr|65537|0.2,ESTIMABLE,ESTIMABLE,-0.19779974924590862,-0.19779974924590862,"[-0.23083812582245108, -0.16244193505136365]","[-0.2812843684485409, -0.14420107506849084]",0.0,0.0,True,True,UNCERTAINTY_WIDENED_INTERPRETATION_UNCHANGED,sensitivity CI is wider; interpretation otherwise unchanged
H4|AURC|banglaclick:news|tfidf_lr|65537|0.2,ESTIMABLE,ESTIMABLE,0.452701861335994,0.452701861335994,"[0.39978367268277465, 0.5109729428011824]","[0.37712260247113716, 0.527194993238625]",0.0,0.0,True,True,UNCERTAINTY_WIDENED_INTERPRETATION_UNCHANGED,sensitivity CI is wider; interpretation otherwise unchanged
H4|LIFT|banglaclick:news|banglabert|42|0.05,ESTIMABLE,ESTIMABLE,-1.4655395936650133,-1.4655395936650133,"[-1.6550697130576628, -1.2733350024604004]","[-2.3397661141809185, -1.0024368002003647]",0.0,0.0,True,True,UNCERTAINTY_WIDENED_INTERPRETATION_UNCHANGED,sensitivity CI is wider; interpretation otherwise unchanged
H4|ERROR_CAPTURE|banglaclick:news|banglabert|42|0.05,ESTIMABLE,ESTIMABLE,-0.06448590637849477,-0.06448590637849477,"[-0.08837410133454095, -0.040300458190491696]","[-0.10227595351070924, -0.04123161458767404]",0.0,0.0,True,True,UNCERTAINTY_WIDENED_INTERPRETATION_UNCHANGED,sensitivity CI is wider; interpretation otherwise unchanged
H4|AURC|banglaclick:news|banglabert|42|0.05,ESTIMABLE,ESTIMABLE,0.5092345152516806,0.5092345152516806,"[0.4603980519319754, 0.5740542639778112]","[0.45177228167541406, 0.5829077404057983]",0.0,0.0,True,True,UNCERTAINTY_WIDENED_INTERPRETATION_UNCHANGED,sensitivity CI is wider; interpretation otherwise unchanged
H4|LIFT|banglaclick:news|banglabert|42|0.1,ESTIMABLE,ESTIMABLE,-1.3623590892123922,-1.3623590892123922,"[-1.5276670795388563, -1.1773389676788595]","[-2.0520579912625476, -0.9518977823535768]",0.0,0.0,True,True,UNCERTAINTY_WIDENED_INTERPRETATION_UNCHANGED,sensitivity CI is wider; interpretation otherwise unchanged
H4|ERROR_CAPTURE|banglaclick:news|banglabert|42|0.1,ESTIMABLE,ESTIMABLE,-0.1372000595585793,-0.1372000595585793,"[-0.16802262071053378, -0.10474245753611973]","[-0.21287508981392764, -0.09701888266173297]",0.0,0.0,True,True,UNCERTAINTY_WIDENED_INTERPRETATION_UNCHANGED,sensitivity CI is wider; interpretation otherwise unchanged
H4|AURC|banglaclick:news|banglabert|42|0.1,ESTIMABLE,ESTIMABLE,0.5092345152516806,0.5092345152516806,"[0.4603980519319754, 0.5740542639778112]","[0.45177228167541406, 0.5829077404057983]",0.0,0.0,True,True,UNCERTAINTY_WIDENED_INTERPRETATION_UNCHANGED,sensitivity CI is wider; interpretation otherwise unchanged
H4|LIFT|banglaclick:news|banglabert|42|0.2,ESTIMABLE,ESTIMABLE,-1.1841288618237598,-1.1841288618237598,"[-1.3122734904955558, -1.0372939774115626]","[-1.6958531789068678, -0.8622832769282367]",0.0,0.0,True,True,UNCERTAINTY_WIDENED_INTERPRETATION_UNCHANGED,sensitivity CI is wider; interpretation otherwise unchanged
H4|ERROR_CAPTURE|banglaclick:news|banglabert|42|0.2,ESTIMABLE,ESTIMABLE,-0.27748342095316636,-0.27748342095316636,"[-0.31607525445915413, -0.23419518252153837]","[-0.37467574917243146, -0.21395298809299992]",0.0,0.0,True,True,UNCERTAINTY_WIDENED_INTERPRETATION_UNCHANGED,sensitivity CI is wider; interpretation otherwise unchanged
H4|AURC|banglaclick:news|banglabert|42|0.2,ESTIMABLE,ESTIMABLE,0.5092345152516806,0.5092345152516806,"[0.4603980519319754, 0.5740542639778112]","[0.45177228167541406, 0.5829077404057983]",0.0,0.0,True,True,UNCERTAINTY_WIDENED_INTERPRETATION_UNCHANGED,sensitivity CI is wider; interpretation otherwise unchanged
H4|LIFT|banglaclick:news|banglabert|137|0.05,ESTIMABLE,ESTIMABLE,-1.4406962086066226,-1.4406962086066226,"[-1.6109616166266099, -1.2213458550741307]","[-2.2773986161613893, -0.9539635763521785]",0.0,0.0,True,True,UNCERTAINTY_WIDENED_INTERPRETATION_UNCHANGED,sensitivity CI is wider; interpretation otherwise unchanged
H4|ERROR_CAPTURE|banglaclick:news|banglabert|137|0.05,ESTIMABLE,ESTIMABLE,-0.07319606809513474,-0.07319606809513474,"[-0.09791962009990418, -0.050831925101749637]","[-0.10589400077175881, -0.043306185945232153]",0.0,0.0,True,True,UNCERTAINTY_WIDENED_INTERPRETATION_UNCHANGED,sensitivity CI is wider; interpretation otherwise unchanged
H4|AURC|banglaclick:news|banglabert|137|0.05,ESTIMABLE,ESTIMABLE,0.5084464588815025,0.5084464588815025,"[0.46181348421306423, 0.5700693926375018]","[0.45074636707018595, 0.5779657264808119]",0.0,0.0,True,True,UNCERTAINTY_WIDENED_INTERPRETATION_UNCHANGED,sensitivity CI is wider; interpretation otherwise unchanged
H4|LIFT|banglaclick:news|banglabert|137|0.1,ESTIMABLE,ESTIMABLE,-1.3708697275102646,-1.3708697275102646,"[-1.5371971754053688, -1.1897168849842221]","[-2.179190350650236, -0.9500615595133843]",0.0,0.0,True,True,UNCERTAINTY_WIDENED_INTERPRETATION_UNCHANGED,sensitivity CI is wider; interpretation otherwise unchanged
H4|ERROR_CAPTURE|banglaclick:news|banglabert|137|0.1,ESTIMABLE,ESTIMABLE,-0.14612634721785392,-0.14612634721785392,"[-0.17578925958286423, -0.1119127482561166]","[-0.20819509067789657, -0.11071888397069708]",0.0,0.0,True,True,UNCERTAINTY_WIDENED_INTERPRETATION_UNCHANGED,sensitivity CI is wider; interpretation otherwise unchanged
H4|AURC|banglaclick:news|banglabert|137|0.1,ESTIMABLE,ESTIMABLE,0.5084464588815025,0.5084464588815025,"[0.46181348421306423, 0.5700693926375018]","[0.45074636707018595, 0.5779657264808119]",0.0,0.0,True,True,UNCERTAINTY_WIDENED_INTERPRETATION_UNCHANGED,sensitivity CI is wider; interpretation otherwise unchanged
H4|LIFT|banglaclick:news|banglabert|137|0.2,ESTIMABLE,ESTIMABLE,-1.2031620362645026,-1.2031620362645026,"[-1.3290340224768415, -1.0697426549242972]","[-1.7342387014218095, -0.8832587619575776]",0.0,0.0,True,True,UNCERTAINTY_WIDENED_INTERPRETATION_UNCHANGED,sensitivity CI is wider; interpretation otherwise unchanged
H4|ERROR_CAPTURE|banglaclick:news|banglabert|137|0.2,ESTIMABLE,ESTIMABLE,-0.259598304266356,-0.259598304266356,"[-0.3049374686695131, -0.22316724007046132]","[-0.3620782501440945, -0.20305192180055162]",0.0,0.0,True,True,UNCERTAINTY_WIDENED_INTERPRETATION_UNCHANGED,sensitivity CI is wider; interpretation otherwise unchanged
H4|AURC|banglaclick:news|banglabert|137|0.2,ESTIMABLE,ESTIMABLE,0.5084464588815025,0.5084464588815025,"[0.46181348421306423, 0.5700693926375018]","[0.45074636707018595, 0.5779657264808119]",0.0,0.0,True,True,UNCERTAINTY_WIDENED_INTERPRETATION_UNCHANGED,sensitivity CI is wider; interpretation otherwise unchanged
H4|LIFT|banglaclick:news|banglabert|2718|0.05,ESTIMABLE,ESTIMABLE,-1.419763877779555,-1.419763877779555,"[-1.6206350849581446, -1.2198087490458687]","[-2.326068270693084, -1.0073335364244431]",0.0,0.0,True,True,UNCERTAINTY_WIDENED_INTERPRETATION_UNCHANGED,sensitivity CI is wider; interpretation otherwise unchanged
H4|ERROR_CAPTURE|banglaclick:news|banglabert|2718|0.05,ESTIMABLE,ESTIMABLE,-0.06062122391489678,-0.06062122391489678,"[-0.08445739123389567, -0.037105184284744686]","[-0.09907830961945098, -0.036657440509316026]",0.0,0.0,True,True,UNCERTAINTY_WIDENED_INTERPRETATION_UNCHANGED,sensitivity CI is wider; interpretation otherwise unchanged
H4|AURC|banglaclick:news|banglabert|2718|0.05,ESTIMABLE,ESTIMABLE,0.5173358219302192,0.5173358219302192,"[0.46230815667008124, 0.5846762541214715]","[0.453583870227612, 0.5876543272659603]",0.0,0.0,True,True,UNCERTAINTY_WIDENED_INTERPRETATION_UNCHANGED,sensitivity CI is wider; interpretation otherwise unchanged
H4|LIFT|banglaclick:news|banglabert|2718|0.1,ESTIMABLE,ESTIMABLE,-1.3958631651193871,-1.3958631651193871,"[-1.5800670834805786, -1.2300444428729818]","[-2.153871079779583, -0.9994722326306513]",0.0,0.0,True,True,UNCERTAINTY_WIDENED_INTERPRETATION_UNCHANGED,sensitivity CI is wider; interpretation otherwise unchanged
H4|ERROR_CAPTURE|banglaclick:news|banglabert|2718|0.1,ESTIMABLE,ESTIMABLE,-0.12859538900626416,-0.12859538900626416,"[-0.16249270523539644, -0.09963447348038847]","[-0.19678701968377565, -0.08773815584667652]",0.0,0.0,True,True,UNCERTAINTY_WIDENED_INTERPRETATION_UNCHANGED,sensitivity CI is wider; interpretation otherwise unchanged
H4|AURC|banglaclick:news|banglabert|2718|0.1,ESTIMABLE,ESTIMABLE,0.5173358219302192,0.5173358219302192,"[0.46230815667008124, 0.5846762541214715]","[0.453583870227612, 0.5876543272659603]",0.0,0.0,True,True,UNCERTAINTY_WIDENED_INTERPRETATION_UNCHANGED,sensitivity CI is wider; interpretation otherwise unchanged
H4|LIFT|banglaclick:news|banglabert|2718|0.2,ESTIMABLE,ESTIMABLE,-1.2282309042402406,-1.2282309042402406,"[-1.36804064096253, -1.0860364714531436]","[-1.711864849779142, -0.9113283518559975]",0.0,0.0,True,True,UNCERTAINTY_WIDENED_INTERPRETATION_UNCHANGED,sensitivity CI is wider; interpretation otherwise unchanged
H4|ERROR_CAPTURE|banglaclick:news|banglabert|2718|0.2,ESTIMABLE,ESTIMABLE,-0.2733700285407169,-0.2733700285407169,"[-0.31442097520656925, -0.2322195668849719]","[-0.3712159531299537, -0.2180908376614956]",0.0,0.0,True,True,UNCERTAINTY_WIDENED_INTERPRETATION_UNCHANGED,sensitivity CI is wider; interpretation otherwise unchanged
H4|AURC|banglaclick:news|banglabert|2718|0.2,ESTIMABLE,ESTIMABLE,0.5173358219302192,0.5173358219302192,"[0.46230815667008124, 0.5846762541214715]","[0.453583870227612, 0.5876543272659603]",0.0,0.0,True,True,UNCERTAINTY_WIDENED_INTERPRETATION_UNCHANGED,sensitivity CI is wider; interpretation otherwise unchanged
H4|LIFT|banglaclick:news|banglabert|31415|0.05,ESTIMABLE,ESTIMABLE,-1.4655395936650133,-1.4655395936650133,"[-1.6603341536226608, -1.28573571342927]","[-2.2770283976148753, -1.0194597534502068]",0.0,0.0,True,True,UNCERTAINTY_WIDENED_INTERPRETATION_UNCHANGED,sensitivity CI is wider; interpretation otherwise unchanged
H4|ERROR_CAPTURE|banglaclick:news|banglabert|31415|0.05,ESTIMABLE,ESTIMABLE,-0.07338276539452918,-0.07338276539452918,"[-0.09810037348492985, -0.051928082823052266]","[-0.11284312705021776, -0.0511782947776594]",0.0,0.0,True,True,UNCERTAINTY_WIDENED_INTERPRETATION_UNCHANGED,sensitivity CI is wider; interpretation otherwise unchanged
H4|AURC|banglaclick:news|banglabert|31415|0.05,ESTIMABLE,ESTIMABLE,0.5002106935987228,0.5002106935987228,"[0.44981608319325345, 0.5633157024769215]","[0.44141576212541483, 0.569862352878778]",0.0,0.0,True,True,UNCERTAINTY_WIDENED_INTERPRETATION_UNCHANGED,sensitivity CI is wider; interpretation otherwise unchanged
H4|LIFT|banglaclick:news|banglabert|31415|0.1,ESTIMABLE,ESTIMABLE,-1.3433447723633034,-1.3433447723633034,"[-1.5276505374646854, -1.1812986299022443]","[-2.0942722642390574, -0.9554725467796822]",0.0,0.0,True,True,UNCERTAINTY_WIDENED_INTERPRETATION_UNCHANGED,sensitivity CI is wider; interpretation otherwise unchanged
H4|ERROR_CAPTURE|banglaclick:news|banglabert|31415|0.1,ESTIMABLE,ESTIMABLE,-0.15787525406792555,-0.15787525406792555,"[-0.19018699921857235, -0.12578170152940416]","[-0.2136926472929647, -0.10848308532966208]",0.0,0.0,True,True,UNCERTAINTY_WIDENED_INTERPRETATION_UNCHANGED,sensitivity CI is wider; interpretation otherwise unchanged
H4|AURC|banglaclick:news|banglabert|31415|0.1,ESTIMABLE,ESTIMABLE,0.5002106935987228,0.5002106935987228,"[0.44981608319325345, 0.5633157024769215]","[0.44141576212541483, 0.569862352878778]",0.0,0.0,True,True,UNCERTAINTY_WIDENED_INTERPRETATION_UNCHANGED,sensitivity CI is wider; interpretation otherwise unchanged
H4|LIFT|banglaclick:news|banglabert|31415|0.2,ESTIMABLE,ESTIMABLE,-1.1841288618237598,-1.1841288618237598,"[-1.3104386481559198, -1.0476612619169277]","[-1.7543113748866015, -0.8689734700950916]",0.0,0.0,True,True,UNCERTAINTY_WIDENED_INTERPRETATION_UNCHANGED,sensitivity CI is wider; interpretation otherwise unchanged
H4|ERROR_CAPTURE|banglaclick:news|banglabert|31415|0.2,ESTIMABLE,ESTIMABLE,-0.25804671443332916,-0.25804671443332916,"[-0.2974684680057177, -0.21883335325631711]","[-0.35848674199839964, -0.20931354995454984]",0.0,0.0,True,True,UNCERTAINTY_WIDENED_INTERPRETATION_UNCHANGED,sensitivity CI is wider; interpretation otherwise unchanged
H4|AURC|banglaclick:news|banglabert|31415|0.2,ESTIMABLE,ESTIMABLE,0.5002106935987228,0.5002106935987228,"[0.44981608319325345, 0.5633157024769215]","[0.44141576212541483, 0.569862352878778]",0.0,0.0,True,True,UNCERTAINTY_WIDENED_INTERPRETATION_UNCHANGED,sensitivity CI is wider; interpretation otherwise unchanged
H4|LIFT|banglaclick:news|banglabert|65537|0.05,ESTIMABLE,ESTIMABLE,-1.4446072628379456,-1.4446072628379456,"[-1.6508028430344635, -1.257221476241597]","[-2.2562081660516884, -0.9864501218401616]",0.0,0.0,True,True,UNCERTAINTY_WIDENED_INTERPRETATION_UNCHANGED,sensitivity CI is wider; interpretation otherwise unchanged
H4|ERROR_CAPTURE|banglaclick:news|banglabert|65537|0.05,ESTIMABLE,ESTIMABLE,-0.0554438341601701,-0.0554438341601701,"[-0.0798562931284426, -0.033522385762249175]","[-0.08695536978276275, -0.03463709988969835]",0.0,0.0,True,True,UNCERTAINTY_WIDENED_INTERPRETATION_UNCHANGED,sensitivity CI is wider; interpretation otherwise unchanged
H4|AURC|banglaclick:news|banglabert|65537|0.05,ESTIMABLE,ESTIMABLE,0.5184334185447008,0.5184334185447008,"[0.4626784948925285, 0.587009798950575]","[0.45474087947090913, 0.594732264672352]",0.0,0.0,True,True,UNCERTAINTY_WIDENED_INTERPRETATION_UNCHANGED,sensitivity CI is wider; interpretation otherwise unchanged
H4|LIFT|banglaclick:news|banglabert|65537|0.1,ESTIMABLE,ESTIMABLE,-1.3308480535587424,-1.3308480535587424,"[-1.5074321808458644, -1.1668631569352135]","[-2.061776072452931, -0.9361947042316866]",0.0,0.0,True,True,UNCERTAINTY_WIDENED_INTERPRETATION_UNCHANGED,sensitivity CI is wider; interpretation otherwise unchanged
H4|ERROR_CAPTURE|banglaclick:news|banglabert|65537|0.1,ESTIMABLE,ESTIMABLE,-0.13149362154500355,-0.13149362154500355,"[-0.16444228122699753, -0.10240672711480325]","[-0.18256406495294328, -0.09635666660619036]",0.0,0.0,True,True,UNCERTAINTY_WIDENED_INTERPRETATION_UNCHANGED,sensitivity CI is wider; interpretation otherwise unchanged
H4|AURC|banglaclick:news|banglabert|65537|0.1,ESTIMABLE,ESTIMABLE,0.5184334185447008,0.5184334185447008,"[0.4626784948925285, 0.587009798950575]","[0.45474087947090913, 0.594732264672352]",0.0,0.0,True,True,UNCERTAINTY_WIDENED_INTERPRETATION_UNCHANGED,sensitivity CI is wider; interpretation otherwise unchanged
H4|LIFT|banglaclick:news|banglabert|65537|0.2,ESTIMABLE,ESTIMABLE,-1.2011501384195045,-1.2011501384195045,"[-1.3388258041563508, -1.065311280349924]","[-1.7114312285146844, -0.8891410826374555]",0.0,0.0,True,True,UNCERTAINTY_WIDENED_INTERPRETATION_UNCHANGED,sensitivity CI is wider; interpretation otherwise unchanged
H4|ERROR_CAPTURE|banglaclick:news|banglabert|65537|0.2,ESTIMABLE,ESTIMABLE,-0.25614369241672574,-0.25614369241672574,"[-0.2942491586951309, -0.21581858825496222]","[-0.33844553432398555, -0.2058894077692551]",0.0,0.0,True,True,UNCERTAINTY_WIDENED_INTERPRETATION_UNCHANGED,sensitivity CI is wider; interpretation otherwise unchanged
H4|AURC|banglaclick:news|banglabert|65537|0.2,ESTIMABLE,ESTIMABLE,0.5184334185447008,0.5184334185447008,"[0.4626784948925285, 0.587009798950575]","[0.45474087947090913, 0.594732264672352]",0.0,0.0,True,True,UNCERTAINTY_WIDENED_INTERPRETATION_UNCHANGED,sensitivity CI is wider; interpretation otherwise unchanged
H4|LIFT|banglaclick:news|xlmr|42|0.05,ESTIMABLE,ESTIMABLE,-1.37789921612542,-1.37789921612542,"[-1.5826419430000218, -1.168758735013501]","[-2.276895894446248, -0.8963579979324037]",0.0,0.0,True,True,UNCERTAINTY_WIDENED_INTERPRETATION_UNCHANGED,sensitivity CI is wider; interpretation otherwise unchanged
H4|ERROR_CAPTURE|banglaclick:news|xlmr|42|0.05,ESTIMABLE,ESTIMABLE,-0.07821975537054168,-0.07821975537054168,"[-0.09808459323270045, -0.053028894143978066]","[-0.10971283705603022, -0.04800869200857527]",0.0,0.0,True,True,UNCERTAINTY_WIDENED_INTERPRETATION_UNCHANGED,sensitivity CI is wider; interpretation otherwise unchanged
H4|AURC|banglaclick:news|xlmr|42|0.05,ESTIMABLE,ESTIMABLE,0.4288927309275199,0.4288927309275199,"[0.3830973398406608, 0.48387707664204255]","[0.37204152503842775, 0.49124357182938244]",0.0,0.0,True,True,UNCERTAINTY_WIDENED_INTERPRETATION_UNCHANGED,sensitivity CI is wider; interpretation otherwise unchanged
H4|LIFT|banglaclick:news|xlmr|42|0.1,ESTIMABLE,ESTIMABLE,-1.3958631651193871,-1.3958631651193871,"[-1.5806900987212553, -1.2402738258900015]","[-2.0305494456842816, -0.9616609192222914]",0.0,0.0,True,True,UNCERTAINTY_WIDENED_INTERPRETATION_UNCHANGED,sensitivity CI is wider; interpretation otherwise unchanged
H4|ERROR_CAPTURE|banglaclick:news|xlmr|42|0.1,ESTIMABLE,ESTIMABLE,-0.13082022818378045,-0.13082022818378045,"[-0.16325736776760744, -0.09716069668426512]","[-0.19126577091803917, -0.08439943775331656]",0.0,0.0,True,True,UNCERTAINTY_WIDENED_INTERPRETATION_UNCHANGED,sensitivity CI is wider; interpretation otherwise unchanged
H4|AURC|banglaclick:news|xlmr|42|0.1,ESTIMABLE,ESTIMABLE,0.4288927309275199,0.4288927309275199,"[0.3830973398406608, 0.48387707664204255]","[0.37204152503842775, 0.49124357182938244]",0.0,0.0,True,True,UNCERTAINTY_WIDENED_INTERPRETATION_UNCHANGED,sensitivity CI is wider; interpretation otherwise unchanged
H4|LIFT|banglaclick:news|xlmr|42|0.2,ESTIMABLE,ESTIMABLE,-1.1598344193115817,-1.1598344193115817,"[-1.3039795011498323, -1.0291916340922656]","[-1.6642130220883027, -0.8453999883487634]",0.0,0.0,True,True,UNCERTAINTY_WIDENED_INTERPRETATION_UNCHANGED,sensitivity CI is wider; interpretation otherwise unchanged
H4|ERROR_CAPTURE|banglaclick:news|xlmr|42|0.2,ESTIMABLE,ESTIMABLE,-0.25549902353787646,-0.25549902353787646,"[-0.29820222328741935, -0.21561375037790964]","[-0.328372410538298, -0.20584801516806414]",0.0,0.0,True,True,UNCERTAINTY_WIDENED_INTERPRETATION_UNCHANGED,sensitivity CI is wider; interpretation otherwise unchanged
H4|AURC|banglaclick:news|xlmr|42|0.2,ESTIMABLE,ESTIMABLE,0.4288927309275199,0.4288927309275199,"[0.3830973398406608, 0.48387707664204255]","[0.37204152503842775, 0.49124357182938244]",0.0,0.0,True,True,UNCERTAINTY_WIDENED_INTERPRETATION_UNCHANGED,sensitivity CI is wider; interpretation otherwise unchanged
H4|LIFT|banglaclick:news|xlmr|137|0.05,ESTIMABLE,ESTIMABLE,-1.3818102703567425,-1.3818102703567425,"[-1.5914743788099361, -1.1741266615511845]","[-2.268815057808428, -0.9549707053019958]",0.0,0.0,True,True,UNCERTAINTY_WIDENED_INTERPRETATION_UNCHANGED,sensitivity CI is wider; interpretation otherwise unchanged
H4|ERROR_CAPTURE|banglaclick:news|xlmr|137|0.05,ESTIMABLE,ESTIMABLE,-0.10052450472722414,-0.10052450472722414,"[-0.1217169951073105, -0.07701490128927749]","[-0.14204924242424244, -0.06905346800255711]",0.0,0.0,True,True,UNCERTAINTY_WIDENED_INTERPRETATION_UNCHANGED,sensitivity CI is wider; interpretation otherwise unchanged
H4|AURC|banglaclick:news|xlmr|137|0.05,ESTIMABLE,ESTIMABLE,0.4708688804360024,0.4708688804360024,"[0.4243208891231254, 0.5229606685327033]","[0.4156355535999637, 0.5319966776964701]",0.0,0.0,True,True,UNCERTAINTY_WIDENED_INTERPRETATION_UNCHANGED,sensitivity CI is wider; interpretation otherwise unchanged
H4|LIFT|banglaclick:news|xlmr|137|0.1,ESTIMABLE,ESTIMABLE,-1.334834134065431,-1.334834134065431,"[-1.5052059913182583, -1.1652290994403278]","[-2.107037184818344, -0.9591323151874627]",0.0,0.0,True,True,UNCERTAINTY_WIDENED_INTERPRETATION_UNCHANGED,sensitivity CI is wider; interpretation otherwise unchanged
H4|ERROR_CAPTURE|banglaclick:news|xlmr|137|0.1,ESTIMABLE,ESTIMABLE,-0.19373712402142562,-0.19373712402142562,"[-0.22207484786164874, -0.1563304684190211]","[-0.2535822019468682, -0.13201290913001038]",0.0,0.0,True,True,UNCERTAINTY_WIDENED_INTERPRETATION_UNCHANGED,sensitivity CI is wider; interpretation otherwise unchanged
H4|AURC|banglaclick:news|xlmr|137|0.1,ESTIMABLE,ESTIMABLE,0.4708688804360024,0.4708688804360024,"[0.4243208891231254, 0.5229606685327033]","[0.4156355535999637, 0.5319966776964701]",0.0,0.0,True,True,UNCERTAINTY_WIDENED_INTERPRETATION_UNCHANGED,sensitivity CI is wider; interpretation otherwise unchanged
H4|LIFT|banglaclick:news|xlmr|137|0.2,ESTIMABLE,ESTIMABLE,-1.1798735426748235,-1.1798735426748235,"[-1.323432227454653, -1.0408370419463]","[-1.7107317531039699, -0.866969797762996]",0.0,0.0,True,True,UNCERTAINTY_WIDENED_INTERPRETATION_UNCHANGED,sensitivity CI is wider; interpretation otherwise unchanged
H4|ERROR_CAPTURE|banglaclick:news|xlmr|137|0.2,ESTIMABLE,ESTIMABLE,-0.259274602167062,-0.259274602167062,"[-0.30599241185208786, -0.2241313478099965]","[-0.3590522419602574, -0.2180804807262018]",0.0,0.0,True,True,UNCERTAINTY_WIDENED_INTERPRETATION_UNCHANGED,sensitivity CI is wider; interpretation otherwise unchanged
H4|AURC|banglaclick:news|xlmr|137|0.2,ESTIMABLE,ESTIMABLE,0.4708688804360024,0.4708688804360024,"[0.4243208891231254, 0.5229606685327033]","[0.4156355535999637, 0.5319966776964701]",0.0,0.0,True,True,UNCERTAINTY_WIDENED_INTERPRETATION_UNCHANGED,sensitivity CI is wider; interpretation otherwise unchanged
H4|LIFT|banglaclick:news|xlmr|2718|0.05,ESTIMABLE,ESTIMABLE,-1.3818102703567425,-1.3818102703567425,"[-1.5910260630577522, -1.1735477978735895]","[-2.3089543361197578, -0.9348069953779821]",0.0,0.0,True,True,UNCERTAINTY_WIDENED_INTERPRETATION_UNCHANGED,sensitivity CI is wider; interpretation otherwise unchanged
H4|ERROR_CAPTURE|banglaclick:news|xlmr|2718|0.05,ESTIMABLE,ESTIMABLE,-0.06185002736726874,-0.06185002736726874,"[-0.08765744865355, -0.04060644925524889]","[-0.0994847222156257, -0.037798064286410124]",0.0,0.0,True,True,UNCERTAINTY_WIDENED_INTERPRETATION_UNCHANGED,sensitivity CI is wider; interpretation otherwise unchanged
H4|AURC|banglaclick:news|xlmr|2718|0.05,ESTIMABLE,ESTIMABLE,0.49361224176964136,0.49361224176964136,"[0.44133151854870306, 0.5490911154762571]","[0.43291818228582607, 0.5619399060190249]",0.0,0.0,True,True,UNCERTAINTY_WIDENED_INTERPRETATION_UNCHANGED,sensitivity CI is wider; interpretation otherwise unchanged
H4|LIFT|banglaclick:news|xlmr|2718|0.1,ESTIMABLE,ESTIMABLE,-1.3158198172163418,-1.3158198172163418,"[-1.4873801701923315, -1.143967288828126]","[-2.069952229613277, -0.9174256890669641]",0.0,0.0,True,True,UNCERTAINTY_WIDENED_INTERPRETATION_UNCHANGED,sensitivity CI is wider; interpretation otherwise unchanged
H4|ERROR_CAPTURE|banglaclick:news|xlmr|2718|0.1,ESTIMABLE,ESTIMABLE,-0.1304871373836891,-0.1304871373836891,"[-0.1649366552568885, -0.10010060448878605]","[-0.19203307944073514, -0.08609648775837729]",0.0,0.0,True,True,UNCERTAINTY_WIDENED_INTERPRETATION_UNCHANGED,sensitivity CI is wider; interpretation otherwise unchanged
H4|AURC|banglaclick:news|xlmr|2718|0.1,ESTIMABLE,ESTIMABLE,0.49361224176964136,0.49361224176964136,"[0.44133151854870306, 0.5490911154762571]","[0.43291818228582607, 0.5619399060190249]",0.0,0.0,True,True,UNCERTAINTY_WIDENED_INTERPRETATION_UNCHANGED,sensitivity CI is wider; interpretation otherwise unchanged
H4|LIFT|banglaclick:news|xlmr|2718|0.2,ESTIMABLE,ESTIMABLE,-1.1355399767994032,-1.1355399767994032,"[-1.276540787644817, -1.0037667393657335]","[-1.7074997011462663, -0.8519759758729302]",0.0,0.0,True,True,UNCERTAINTY_WIDENED_INTERPRETATION_UNCHANGED,sensitivity CI is wider; interpretation otherwise unchanged
H4|ERROR_CAPTURE|banglaclick:news|xlmr|2718|0.2,ESTIMABLE,ESTIMABLE,-0.225770844736362,-0.225770844736362,"[-0.26195253305788124, -0.181743471713794]","[-0.3066578414784556, -0.16541977338692804]",0.0,0.0,True,True,UNCERTAINTY_WIDENED_INTERPRETATION_UNCHANGED,sensitivity CI is wider; interpretation otherwise unchanged
H4|AURC|banglaclick:news|xlmr|2718|0.2,ESTIMABLE,ESTIMABLE,0.49361224176964136,0.49361224176964136,"[0.44133151854870306, 0.5490911154762571]","[0.43291818228582607, 0.5619399060190249]",0.0,0.0,True,True,UNCERTAINTY_WIDENED_INTERPRETATION_UNCHANGED,sensitivity CI is wider; interpretation otherwise unchanged
H4|LIFT|banglaclick:news|xlmr|31415|0.05,ESTIMABLE,ESTIMABLE,-1.3569668852983523,-1.3569668852983523,"[-1.5348848024015274, -1.1345715786830346]","[-2.2223247433895352, -0.9255620950398021]",0.0,0.0,True,True,UNCERTAINTY_WIDENED_INTERPRETATION_UNCHANGED,sensitivity CI is wider; interpretation otherwise unchanged
H4|ERROR_CAPTURE|banglaclick:news|xlmr|31415|0.05,ESTIMABLE,ESTIMABLE,-0.07029118150539822,-0.07029118150539822,"[-0.09366470868198647, -0.04795694518010969]","[-0.11298917307431378, -0.04380262401258549]",0.0,0.0,True,True,UNCERTAINTY_WIDENED_INTERPRETATION_UNCHANGED,sensitivity CI is wider; interpretation otherwise unchanged
H4|AURC|banglaclick:news|xlmr|31415|0.05,ESTIMABLE,ESTIMABLE,0.4645045888563655,0.4645045888563655,"[0.4182689169010376, 0.5120955956433805]","[0.40522614048224564, 0.5266675866702393]",0.0,0.0,True,True,UNCERTAINTY_WIDENED_INTERPRETATION_UNCHANGED,sensitivity CI is wider; interpretation otherwise unchanged
H4|LIFT|banglaclick:news|xlmr|31415|0.1,ESTIMABLE,ESTIMABLE,-1.2783296608026586,-1.2783296608026586,"[-1.4333642000919653, -1.0917809681621957]","[-1.9489648676944709, -0.8713613174132201]",0.0,0.0,True,True,UNCERTAINTY_WIDENED_INTERPRETATION_UNCHANGED,sensitivity CI is wider; interpretation otherwise unchanged
H4|ERROR_CAPTURE|banglaclick:news|xlmr|31415|0.1,ESTIMABLE,ESTIMABLE,-0.1395569566617515,-0.1395569566617515,"[-0.16821773085233324, -0.10774032406459681]","[-0.20382014779697524, -0.09691207247120859]",0.0,0.0,True,True,UNCERTAINTY_WIDENED_INTERPRETATION_UNCHANGED,sensitivity CI is wider; interpretation otherwise unchanged
H4|AURC|banglaclick:news|xlmr|31415|0.1,ESTIMABLE,ESTIMABLE,0.4645045888563655,0.4645045888563655,"[0.4182689169010376, 0.5120955956433805]","[0.40522614048224564, 0.5266675866702393]",0.0,0.0,True,True,UNCERTAINTY_WIDENED_INTERPRETATION_UNCHANGED,sensitivity CI is wider; interpretation otherwise unchanged
H4|LIFT|banglaclick:news|xlmr|31415|0.2,ESTIMABLE,ESTIMABLE,-1.1240114917340334,-1.1240114917340334,"[-1.2630029619275163, -0.9874709868968083]","[-1.6498149337351027, -0.8135271649890211]",0.0,0.0,True,True,UNCERTAINTY_WIDENED_INTERPRETATION_UNCHANGED,sensitivity CI is wider; interpretation otherwise unchanged
H4|ERROR_CAPTURE|banglaclick:news|xlmr|31415|0.2,ESTIMABLE,ESTIMABLE,-0.24490474737716308,-0.24490474737716308,"[-0.28123097496368954, -0.20301889643187804]","[-0.30872417128910085, -0.199235523482392]",0.0,0.0,True,True,UNCERTAINTY_WIDENED_INTERPRETATION_UNCHANGED,sensitivity CI is wider; interpretation otherwise unchanged
H4|AURC|banglaclick:news|xlmr|31415|0.2,ESTIMABLE,ESTIMABLE,0.4645045888563655,0.4645045888563655,"[0.4182689169010376, 0.5120955956433805]","[0.40522614048224564, 0.5266675866702393]",0.0,0.0,True,True,UNCERTAINTY_WIDENED_INTERPRETATION_UNCHANGED,sensitivity CI is wider; interpretation otherwise unchanged
H4|LIFT|banglaclick:news|xlmr|65537|0.05,ESTIMABLE,ESTIMABLE,-1.4406962086066226,-1.4406962086066226,"[-1.659173104543207, -1.2398237345507008]","[-2.4072950226949987, -1.0260417119153404]",0.0,0.0,True,True,UNCERTAINTY_WIDENED_INTERPRETATION_UNCHANGED,sensitivity CI is wider; interpretation otherwise unchanged
H4|ERROR_CAPTURE|banglaclick:news|xlmr|65537|0.05,ESTIMABLE,ESTIMABLE,-0.08955075163540269,-0.08955075163540269,"[-0.11521202042707171, -0.06598763640262938]","[-0.1391093106731645, -0.05775376323708782]",0.0,0.0,True,True,UNCERTAINTY_WIDENED_INTERPRETATION_UNCHANGED,sensitivity CI is wider; interpretation otherwise unchanged
H4|AURC|banglaclick:news|xlmr|65537|0.05,ESTIMABLE,ESTIMABLE,0.42358953249686093,0.42358953249686093,"[0.3746617912261055, 0.47600903838955566]","[0.36489949191834625, 0.4838527937899387]",0.0,0.0,True,True,UNCERTAINTY_WIDENED_INTERPRETATION_UNCHANGED,sensitivity CI is wider; interpretation otherwise unchanged
H4|LIFT|banglaclick:news|xlmr|65537|0.1,ESTIMABLE,ESTIMABLE,-1.3393586918566147,-1.3393586918566147,"[-1.51952372030606, -1.1655137674074163]","[-2.1338733164000083, -0.9709513492082448]",0.0,0.0,True,True,UNCERTAINTY_WIDENED_INTERPRETATION_UNCHANGED,sensitivity CI is wider; interpretation otherwise unchanged
H4|ERROR_CAPTURE|banglaclick:news|xlmr|65537|0.1,ESTIMABLE,ESTIMABLE,-0.16764935233721787,-0.16764935233721787,"[-0.19751004359976748, -0.13410390531555352]","[-0.21658533007839237, -0.12830829232199475]",0.0,0.0,True,True,UNCERTAINTY_WIDENED_INTERPRETATION_UNCHANGED,sensitivity CI is wider; interpretation otherwise unchanged
H4|AURC|banglaclick:news|xlmr|65537|0.1,ESTIMABLE,ESTIMABLE,0.42358953249686093,0.42358953249686093,"[0.3746617912261055, 0.47600903838955566]","[0.36489949191834625, 0.4838527937899387]",0.0,0.0,True,True,UNCERTAINTY_WIDENED_INTERPRETATION_UNCHANGED,sensitivity CI is wider; interpretation otherwise unchanged
H4|LIFT|banglaclick:news|xlmr|65537|0.2,ESTIMABLE,ESTIMABLE,-1.2104352021809364,-1.2104352021809364,"[-1.3453866929713014, -1.0568886341596015]","[-1.7596020507118386, -0.8637974410469871]",0.0,0.0,True,True,UNCERTAINTY_WIDENED_INTERPRETATION_UNCHANGED,sensitivity CI is wider; interpretation otherwise unchanged
H4|ERROR_CAPTURE|banglaclick:news|xlmr|65537|0.2,ESTIMABLE,ESTIMABLE,-0.2565892648269289,-0.2565892648269289,"[-0.29509832503440225, -0.2117288712779118]","[-0.34795158375318164, -0.1930817505255154]",0.0,0.0,True,True,UNCERTAINTY_WIDENED_INTERPRETATION_UNCHANGED,sensitivity CI is wider; interpretation otherwise unchanged
H4|AURC|banglaclick:news|xlmr|65537|0.2,ESTIMABLE,ESTIMABLE,0.42358953249686093,0.42358953249686093,"[0.3746617912261055, 0.47600903838955566]","[0.36489949191834625, 0.4838527937899387]",0.0,0.0,True,True,UNCERTAINTY_WIDENED_INTERPRETATION_UNCHANGED,sensitivity CI is wider; interpretation otherwise unchanged
H4|LIFT|banglaclick:facebook|ebm|42|0.05,ESTIMABLE,ESTIMABLE,-1.9901984010305087,-1.9901984010305087,"[-2.34388508815776, -1.419736841735588]","[-2.789655228651176, -1.292073610086957]",0.0,0.0,True,True,UNCERTAINTY_WIDENED_INTERPRETATION_UNCHANGED,sensitivity CI is wider; interpretation otherwise unchanged
H4|ERROR_CAPTURE|banglaclick:facebook|ebm|42|0.05,ESTIMABLE,ESTIMABLE,-0.03675431257009596,-0.03675431257009596,"[-0.05269713964974595, -0.015567758528292936]","[-0.06922364145923325, -0.013006792006186756]",0.0,0.0012,True,True,UNCERTAINTY_WIDENED_INTERPRETATION_UNCHANGED,sensitivity CI is wider; interpretation otherwise unchanged
H4|AURC|banglaclick:facebook|ebm|42|0.05,ESTIMABLE,ESTIMABLE,0.4175090311755236,0.4175090311755236,"[0.3166612333173509, 0.5062714879233595]","[0.30087142390023025, 0.5245271089449123]",0.0,0.0,True,True,UNCERTAINTY_WIDENED_INTERPRETATION_UNCHANGED,sensitivity CI is wider; interpretation otherwise unchanged
H4|LIFT|banglaclick:facebook|ebm|42|0.1,ESTIMABLE,ESTIMABLE,-1.6011997005365228,-1.6011997005365228,"[-1.9280999791409463, -1.1768988557054274]","[-2.3205210885344747, -1.074019296648675]",0.0,0.0,True,True,UNCERTAINTY_WIDENED_INTERPRETATION_UNCHANGED,sensitivity CI is wider; interpretation otherwise unchanged
H4|ERROR_CAPTURE|banglaclick:facebook|ebm|42|0.1,ESTIMABLE,ESTIMABLE,-0.08555711818845353,-0.08555711818845353,"[-0.10945233513829172, -0.06123289122413224]","[-0.14521121586316024, -0.051632346489812575]",0.0,0.0,True,True,UNCERTAINTY_WIDENED_INTERPRETATION_UNCHANGED,sensitivity CI is wider; interpretation otherwise unchanged
H4|AURC|banglaclick:facebook|ebm|42|0.1,ESTIMABLE,ESTIMABLE,0.4175090311755236,0.4175090311755236,"[0.3166612333173509, 0.5062714879233595]","[0.30087142390023025, 0.5245271089449123]",0.0,0.0,True,True,UNCERTAINTY_WIDENED_INTERPRETATION_UNCHANGED,sensitivity CI is wider; interpretation otherwise unchanged
H4|LIFT|banglaclick:facebook|ebm|42|0.2,ESTIMABLE,ESTIMABLE,-1.1537553019448574,-1.1537553019448574,"[-1.4741749121088612, -0.8648547505367424]","[-1.6572301561914888, -0.7760582923183816]",0.0,0.0,True,True,UNCERTAINTY_WIDENED_INTERPRETATION_UNCHANGED,sensitivity CI is wider; interpretation otherwise unchanged
H4|ERROR_CAPTURE|banglaclick:facebook|ebm|42|0.2,ESTIMABLE,ESTIMABLE,-0.12478474237326354,-0.12478474237326354,"[-0.15653927932297607, -0.09103187160810836]","[-0.1956992229777023, -0.08093970621625617]",0.0,0.0,True,True,UNCERTAINTY_WIDENED_INTERPRETATION_UNCHANGED,sensitivity CI is wider; interpretation otherwise unchanged
H4|AURC|banglaclick:facebook|ebm|42|0.2,ESTIMABLE,ESTIMABLE,0.4175090311755236,0.4175090311755236,"[0.3166612333173509, 0.5062714879233595]","[0.30087142390023025, 0.5245271089449123]",0.0,0.0,True,True,UNCERTAINTY_WIDENED_INTERPRETATION_UNCHANGED,sensitivity CI is wider; interpretation otherwise unchanged
H4|LIFT|banglaclick:facebook|ebm|137|0.05,ESTIMABLE,ESTIMABLE,-1.9901984010305087,-1.9901984010305087,"[-2.3528603989791987, -1.4364369112155877]","[-2.7963907311072593, -1.2971517624602906]",0.0,0.0,True,True,UNCERTAINTY_WIDENED_INTERPRETATION_UNCHANGED,sensitivity CI is wider; interpretation otherwise unchanged
H4|ERROR_CAPTURE|banglaclick:facebook|ebm|137|0.05,ESTIMABLE,ESTIMABLE,-0.03675431257009596,-0.03675431257009596,"[-0.05207802295456439, -0.015558925549889741]","[-0.06677028454248501, -0.01290548455368549]",0.0,0.0008,True,True,UNCERTAINTY_WIDENED_INTERPRETATION_UNCHANGED,sensitivity CI is wider; interpretation otherwise unchanged
H4|AURC|banglaclick:facebook|ebm|137|0.05,ESTIMABLE,ESTIMABLE,0.4177578361012012,0.4177578361012012,"[0.31549532352660165, 0.5049642640930945]","[0.30520398618033917, 0.526790815157462]",0.0,0.0,True,True,UNCERTAINTY_WIDENED_INTERPRETATION_UNCHANGED,sensitivity CI is wider; interpretation otherwise unchanged
H4|LIFT|banglaclick:facebook|ebm|137|0.1,ESTIMABLE,ESTIMABLE,-1.590696021985306,-1.590696021985306,"[-1.9357963358850876, -1.1758352958328822]","[-2.3160359926867597, -1.081583385577902]",0.0,0.0,True,True,UNCERTAINTY_WIDENED_INTERPRETATION_UNCHANGED,sensitivity CI is wider; interpretation otherwise unchanged
H4|ERROR_CAPTURE|banglaclick:facebook|ebm|137|0.1,ESTIMABLE,ESTIMABLE,-0.08644129148641994,-0.08644129148641994,"[-0.10885425854373254, -0.059681312859792536]","[-0.14371314496697532, -0.051643966066499895]",0.0,0.0,True,True,UNCERTAINTY_WIDENED_INTERPRETATION_UNCHANGED,sensitivity CI is wider; interpretation otherwise unchanged
H4|AURC|banglaclick:facebook|ebm|137|0.1,ESTIMABLE,ESTIMABLE,0.4177578361012012,0.4177578361012012,"[0.31549532352660165, 0.5049642640930945]","[0.30520398618033917, 0.526790815157462]",0.0,0.0,True,True,UNCERTAINTY_WIDENED_INTERPRETATION_UNCHANGED,sensitivity CI is wider; interpretation otherwise unchanged
H4|LIFT|banglaclick:facebook|ebm|137|0.2,ESTIMABLE,ESTIMABLE,-1.1497730019584633,-1.1497730019584633,"[-1.4732702889488678, -0.8563478935909845]","[-1.6672554639115125, -0.77820351708235]",0.0,0.0,True,True,UNCERTAINTY_WIDENED_INTERPRETATION_UNCHANGED,sensitivity CI is wider; interpretation otherwise unchanged
H4|ERROR_CAPTURE|banglaclick:facebook|ebm|137|0.2,ESTIMABLE,ESTIMABLE,-0.12390056907529715,-0.12390056907529715,"[-0.15860225927127092, -0.08931752485838147]","[-0.1899322376803648, -0.08043546292444378]",0.0,0.0,True,True,UNCERTAINTY_WIDENED_INTERPRETATION_UNCHANGED,sensitivity CI is wider; interpretation otherwise unchanged
H4|AURC|banglaclick:facebook|ebm|137|0.2,ESTIMABLE,ESTIMABLE,0.4177578361012012,0.4177578361012012,"[0.31549532352660165, 0.5049642640930945]","[0.30520398618033917, 0.526790815157462]",0.0,0.0,True,True,UNCERTAINTY_WIDENED_INTERPRETATION_UNCHANGED,sensitivity CI is wider; interpretation otherwise unchanged
H4|LIFT|banglaclick:facebook|ebm|2718|0.05,ESTIMABLE,ESTIMABLE,-1.9901984010305087,-1.9901984010305087,"[-2.346060067681478, -1.428884731069081]","[-2.8153650675497905, -1.2733650846811055]",0.0,0.0,True,True,UNCERTAINTY_WIDENED_INTERPRETATION_UNCHANGED,sensitivity CI is wider; interpretation otherwise unchanged
H4|ERROR_CAPTURE|banglaclick:facebook|ebm|2718|0.05,ESTIMABLE,ESTIMABLE,-0.03625942863930629,-0.03625942863930629,"[-0.052791392893608735, -0.017136436497325318]","[-0.06862113537923319, -0.014187932767077895]",0.0,0.0016,True,True,UNCERTAINTY_WIDENED_INTERPRETATION_UNCHANGED,sensitivity CI is wider; interpretation otherwise unchanged
H4|AURC|banglaclick:facebook|ebm|2718|0.05,ESTIMABLE,ESTIMABLE,0.41752043613863793,0.41752043613863793,"[0.31582961414009886, 0.5055825717199326]","[0.29815143549447887, 0.5217679208781201]",0.0,0.0,True,True,UNCERTAINTY_WIDENED_INTERPRETATION_UNCHANGED,sensitivity CI is wider; interpretation otherwise unchanged
H4|LIFT|banglaclick:facebook|ebm|2718|0.1,ESTIMABLE,ESTIMABLE,-1.590696021985306,-1.590696021985306,"[-1.918629499688913, -1.1725339915663628]","[-2.324894010406869, -1.078836975233888]",0.0,0.0,True,True,UNCERTAINTY_WIDENED_INTERPRETATION_UNCHANGED,sensitivity CI is wider; interpretation otherwise unchanged
H4|ERROR_CAPTURE|banglaclick:facebook|ebm|2718|0.1,ESTIMABLE,ESTIMABLE,-0.08636930569578904,-0.08636930569578904,"[-0.11000811093995842, -0.061415473862767515]","[-0.14415286147299566, -0.05250450769973806]",0.0,0.0,True,True,UNCERTAINTY_WIDENED_INTERPRETATION_UNCHANGED,sensitivity CI is wider; interpretation otherwise unchanged
H4|AURC|banglaclick:facebook|ebm|2718|0.1,ESTIMABLE,ESTIMABLE,0.41752043613863793,0.41752043613863793,"[0.31582961414009886, 0.5055825717199326]","[0.29815143549447887, 0.5217679208781201]",0.0,0.0,True,True,UNCERTAINTY_WIDENED_INTERPRETATION_UNCHANGED,sensitivity CI is wider; interpretation otherwise unchanged
H4|LIFT|banglaclick:facebook|ebm|2718|0.2,ESTIMABLE,ESTIMABLE,-1.1550342700298986,-1.1550342700298986,"[-1.4671342513780943, -0.8555493216682063]","[-1.6535179444393835, -0.7641993025006385]",0.0,0.0,True,True,UNCERTAINTY_WIDENED_INTERPRETATION_UNCHANGED,sensitivity CI is wider; interpretation otherwise unchanged
H4|ERROR_CAPTURE|banglaclick:facebook|ebm|2718|0.2,ESTIMABLE,ESTIMABLE,-0.1255092950050484,-0.1255092950050484,"[-0.1595255798007264, -0.09171724205252074]","[-0.19227931159478298, -0.08145859066507667]",0.0,0.0,True,True,UNCERTAINTY_WIDENED_INTERPRETATION_UNCHANGED,sensitivity CI is wider; interpretation otherwise unchanged
H4|AURC|banglaclick:facebook|ebm|2718|0.2,ESTIMABLE,ESTIMABLE,0.41752043613863793,0.41752043613863793,"[0.31582961414009886, 0.5055825717199326]","[0.29815143549447887, 0.5217679208781201]",0.0,0.0,True,True,UNCERTAINTY_WIDENED_INTERPRETATION_UNCHANGED,sensitivity CI is wider; interpretation otherwise unchanged
H4|LIFT|banglaclick:facebook|ebm|31415|0.05,ESTIMABLE,ESTIMABLE,-1.9901984010305087,-1.9901984010305087,"[-2.3561605794328506, -1.4216233153785967]","[-2.838921547982855, -1.3189870402279382]",0.0,0.0,True,True,UNCERTAINTY_WIDENED_INTERPRETATION_UNCHANGED,sensitivity CI is wider; interpretation otherwise unchanged
H4|ERROR_CAPTURE|banglaclick:facebook|ebm|31415|0.05,ESTIMABLE,ESTIMABLE,-0.035412030690901326,-0.035412030690901326,"[-0.05182506990748058, -0.014893395702479535]","[-0.06906635856286211, -0.012809611865187854]",0.0008,0.0024,True,True,UNCERTAINTY_WIDENED_INTERPRETATION_UNCHANGED,sensitivity CI is wider; interpretation otherwise unchanged
H4|AURC|banglaclick:facebook|ebm|31415|0.05,ESTIMABLE,ESTIMABLE,0.4173115673678268,0.4173115673678268,"[0.3134859428594778, 0.5063075630969094]","[0.3049414610907123, 0.5267092661676098]",0.0,0.0,True,True,UNCERTAINTY_WIDENED_INTERPRETATION_UNCHANGED,sensitivity CI is wider; interpretation otherwise unchanged
H4|LIFT|banglaclick:facebook|ebm|31415|0.1,ESTIMABLE,ESTIMABLE,-1.590696021985306,-1.590696021985306,"[-1.927287257031036, -1.1810270134976482]","[-2.343523868911109, -1.0973882990216668]",0.0,0.0,True,True,UNCERTAINTY_WIDENED_INTERPRETATION_UNCHANGED,sensitivity CI is wider; interpretation otherwise unchanged
H4|ERROR_CAPTURE|banglaclick:facebook|ebm|31415|0.1,ESTIMABLE,ESTIMABLE,-0.08555711818845353,-0.08555711818845353,"[-0.10829240418986767, -0.06110801438257877]","[-0.14488982636570713, -0.050832148828627834]",0.0,0.0,True,True,UNCERTAINTY_WIDENED_INTERPRETATION_UNCHANGED,sensitivity CI is wider; interpretation otherwise unchanged
H4|AURC|banglaclick:facebook|ebm|31415|0.1,ESTIMABLE,ESTIMABLE,0.4173115673678268,0.4173115673678268,"[0.3134859428594778, 0.5063075630969094]","[0.3049414610907123, 0.5267092661676098]",0.0,0.0,True,True,UNCERTAINTY_WIDENED_INTERPRETATION_UNCHANGED,sensitivity CI is wider; interpretation otherwise unchanged
H4|LIFT|banglaclick:facebook|ebm|31415|0.2,ESTIMABLE,ESTIMABLE,-1.1497730019584633,-1.1497730019584633,"[-1.4740280146745228, -0.8547698020694339]","[-1.664688644836433, -0.7894598247677584]",0.0,0.0,True,True,UNCERTAINTY_WIDENED_INTERPRETATION_UNCHANGED,sensitivity CI is wider; interpretation otherwise unchanged
H4|ERROR_CAPTURE|banglaclick:facebook|ebm|31415|0.2,ESTIMABLE,ESTIMABLE,-0.12213222247936434,-0.12213222247936434,"[-0.15968791948672334, -0.09192307416623331]","[-0.19296905367186015, -0.07944291144411997]",0.0,0.0,True,True,UNCERTAINTY_WIDENED_INTERPRETATION_UNCHANGED,sensitivity CI is wider; interpretation otherwise unchanged
H4|AURC|banglaclick:facebook|ebm|31415|0.2,ESTIMABLE,ESTIMABLE,0.4173115673678268,0.4173115673678268,"[0.3134859428594778, 0.5063075630969094]","[0.3049414610907123, 0.5267092661676098]",0.0,0.0,True,True,UNCERTAINTY_WIDENED_INTERPRETATION_UNCHANGED,sensitivity CI is wider; interpretation otherwise unchanged
H4|LIFT|banglaclick:facebook|ebm|65537|0.05,ESTIMABLE,ESTIMABLE,-1.9901984010305087,-1.9901984010305087,"[-2.329195583441665, -1.4293765287636135]","[-2.8284403058934835, -1.314180551674123]",0.0,0.0,True,True,UNCERTAINTY_WIDENED_INTERPRETATION_UNCHANGED,sensitivity CI is wider; interpretation otherwise unchanged
H4|ERROR_CAPTURE|banglaclick:facebook|ebm|65537|0.05,ESTIMABLE,ESTIMABLE,-0.035412030690901326,-0.035412030690901326,"[-0.05252668030425928, -0.0160993952877129]","[-0.0694579445324641, -0.013220768791230731]",0.0,0.0012,True,True,UNCERTAINTY_WIDENED_INTERPRETATION_UNCHANGED,sensitivity CI is wider; interpretation otherwise unchanged
H4|AURC|banglaclick:facebook|ebm|65537|0.05,ESTIMABLE,ESTIMABLE,0.41717394565328414,0.41717394565328414,"[0.3139383393684719, 0.5050986022802861]","[0.30633691447525047, 0.5264755625450116]",0.0,0.0,True,True,UNCERTAINTY_WIDENED_INTERPRETATION_UNCHANGED,sensitivity CI is wider; interpretation otherwise unchanged
H4|LIFT|banglaclick:facebook|ebm|65537|0.1,ESTIMABLE,ESTIMABLE,-1.590696021985306,-1.590696021985306,"[-1.91795236409193, -1.1762275436104106]","[-2.348045327794652, -1.0936775272802222]",0.0,0.0,True,True,UNCERTAINTY_WIDENED_INTERPRETATION_UNCHANGED,sensitivity CI is wider; interpretation otherwise unchanged
H4|ERROR_CAPTURE|banglaclick:facebook|ebm|65537|0.1,ESTIMABLE,ESTIMABLE,-0.0842148363092589,-0.0842148363092589,"[-0.10870726927482628, -0.0600523426166155]","[-0.14515223147005712, -0.05105246427310214]",0.0,0.0,True,True,UNCERTAINTY_WIDENED_INTERPRETATION_UNCHANGED,sensitivity CI is wider; interpretation otherwise unchanged
H4|AURC|banglaclick:facebook|ebm|65537|0.1,ESTIMABLE,ESTIMABLE,0.41717394565328414,0.41717394565328414,"[0.3139383393684719, 0.5050986022802861]","[0.30633691447525047, 0.5264755625450116]",0.0,0.0,True,True,UNCERTAINTY_WIDENED_INTERPRETATION_UNCHANGED,sensitivity CI is wider; interpretation otherwise unchanged
H4|LIFT|banglaclick:facebook|ebm|65537|0.2,ESTIMABLE,ESTIMABLE,-1.1497730019584633,-1.1497730019584633,"[-1.4657728460736668, -0.8665330043194881]","[-1.6754708533518585, -0.7862586884242958]",0.0,0.0,True,True,UNCERTAINTY_WIDENED_INTERPRETATION_UNCHANGED,sensitivity CI is wider; interpretation otherwise unchanged
H4|ERROR_CAPTURE|banglaclick:facebook|ebm|65537|0.2,ESTIMABLE,ESTIMABLE,-0.12390056907529715,-0.12390056907529715,"[-0.15873385466785012, -0.09231293489138945]","[-0.19238233302174088, -0.07986014568461472]",0.0,0.0,True,True,UNCERTAINTY_WIDENED_INTERPRETATION_UNCHANGED,sensitivity CI is wider; interpretation otherwise unchanged
H4|AURC|banglaclick:facebook|ebm|65537|0.2,ESTIMABLE,ESTIMABLE,0.41717394565328414,0.41717394565328414,"[0.3139383393684719, 0.5050986022802861]","[0.30633691447525047, 0.5264755625450116]",0.0,0.0,True,True,UNCERTAINTY_WIDENED_INTERPRETATION_UNCHANGED,sensitivity CI is wider; interpretation otherwise unchanged
H4|LIFT|banglaclick:facebook|tfidf_lr|42|0.05,ESTIMABLE,ESTIMABLE,-1.4625190876293495,-1.4625190876293495,"[-1.8546498059366507, -1.164290768039443]","[-2.4421367144932273, -0.9374125549745971]",0.0,0.0,True,True,UNCERTAINTY_WIDENED_INTERPRETATION_UNCHANGED,sensitivity CI is wider; interpretation otherwise unchanged
H4|ERROR_CAPTURE|banglaclick:facebook|tfidf_lr|42|0.05,ESTIMABLE,ESTIMABLE,-0.05582654972327074,-0.05582654972327074,"[-0.07612244353509699, -0.037718754916924266]","[-0.09686791104711209, -0.03358636248220757]",0.0,0.0,True,True,UNCERTAINTY_WIDENED_INTERPRETATION_UNCHANGED,sensitivity CI is wider; interpretation otherwise unchanged
H4|AURC|banglaclick:facebook|tfidf_lr|42|0.05,ESTIMABLE,ESTIMABLE,0.4363860274350595,0.4363860274350595,"[0.3648636331033408, 0.5050457085501394]","[0.3514171023783992, 0.5212534558901059]",0.0,0.0,True,True,UNCERTAINTY_WIDENED_INTERPRETATION_UNCHANGED,sensitivity CI is wider; interpretation otherwise unchanged
H4|LIFT|banglaclick:facebook|tfidf_lr|42|0.1,ESTIMABLE,ESTIMABLE,-1.3666542028008757,-1.3666542028008757,"[-1.6580017272499015, -1.1105715312520867]","[-2.1186408691339738, -0.9261804759213584]",0.0,0.0,True,True,UNCERTAINTY_WIDENED_INTERPRETATION_UNCHANGED,sensitivity CI is wider; interpretation otherwise unchanged
H4|ERROR_CAPTURE|banglaclick:facebook|tfidf_lr|42|0.1,ESTIMABLE,ESTIMABLE,-0.10299923561257376,-0.10299923561257376,"[-0.13296597247710581, -0.0801032927591072]","[-0.17584195722369914, -0.07226149995997569]",0.0,0.0,True,True,UNCERTAINTY_WIDENED_INTERPRETATION_UNCHANGED,sensitivity CI is wider; interpretation otherwise unchanged
H4|AURC|banglaclick:facebook|tfidf_lr|42|0.1,ESTIMABLE,ESTIMABLE,0.4363860274350595,0.4363860274350595,"[0.3648636331033408, 0.5050457085501394]","[0.3514171023783992, 0.5212534558901059]",0.0,0.0,True,True,UNCERTAINTY_WIDENED_INTERPRETATION_UNCHANGED,sensitivity CI is wider; interpretation otherwise unchanged
H4|LIFT|banglaclick:facebook|tfidf_lr|42|0.2,ESTIMABLE,ESTIMABLE,-1.052453053509768,-1.052453053509768,"[-1.2668760153431653, -0.8818637560872005]","[-1.529757287898482, -0.74820128480382]",0.0,0.0,True,True,UNCERTAINTY_WIDENED_INTERPRETATION_UNCHANGED,sensitivity CI is wider; interpretation otherwise unchanged
H4|ERROR_CAPTURE|banglaclick:facebook|tfidf_lr|42|0.2,ESTIMABLE,ESTIMABLE,-0.1761111855360037,-0.1761111855360037,"[-0.21095171460705844, -0.14249581293592636]","[-0.26494409202131114, -0.1259949909644376]",0.0,0.0,True,True,UNCERTAINTY_WIDENED_INTERPRETATION_UNCHANGED,sensitivity CI is wider; interpretation otherwise unchanged
H4|AURC|banglaclick:facebook|tfidf_lr|42|0.2,ESTIMABLE,ESTIMABLE,0.4363860274350595,0.4363860274350595,"[0.3648636331033408, 0.5050457085501394]","[0.3514171023783992, 0.5212534558901059]",0.0,0.0,True,True,UNCERTAINTY_WIDENED_INTERPRETATION_UNCHANGED,sensitivity CI is wider; interpretation otherwise unchanged
H4|LIFT|banglaclick:facebook|tfidf_lr|137|0.05,ESTIMABLE,ESTIMABLE,-1.4625190876293495,-1.4625190876293495,"[-1.8542147527062562, -1.1654085214868575]","[-2.4095729842038374, -0.9321723115705536]",0.0,0.0,True,True,UNCERTAINTY_WIDENED_INTERPRETATION_UNCHANGED,sensitivity CI is wider; interpretation otherwise unchanged
H4|ERROR_CAPTURE|banglaclick:facebook|tfidf_lr|137|0.05,ESTIMABLE,ESTIMABLE,-0.05582654972327074,-0.05582654972327074,"[-0.07503749455732679, -0.03739254329745483]","[-0.09612427989494395, -0.03334333094205397]",0.0,0.0,True,True,UNCERTAINTY_WIDENED_INTERPRETATION_UNCHANGED,sensitivity CI is wider; interpretation otherwise unchanged
H4|AURC|banglaclick:facebook|tfidf_lr|137|0.05,ESTIMABLE,ESTIMABLE,0.4363860274350595,0.4363860274350595,"[0.3654550801128964, 0.5058878783340773]","[0.34989933831175096, 0.5202183224379042]",0.0,0.0,True,True,UNCERTAINTY_WIDENED_INTERPRETATION_UNCHANGED,sensitivity CI is wider; interpretation otherwise unchanged
H4|LIFT|banglaclick:facebook|tfidf_lr|137|0.1,ESTIMABLE,ESTIMABLE,-1.3666542028008757,-1.3666542028008757,"[-1.658658430402645, -1.1076534296235208]","[-2.1110469597097157, -0.9214314013733526]",0.0,0.0,True,True,UNCERTAINTY_WIDENED_INTERPRETATION_UNCHANGED,sensitivity CI is wider; interpretation otherwise unchanged
H4|ERROR_CAPTURE|banglaclick:facebook|tfidf_lr|137|0.1,ESTIMABLE,ESTIMABLE,-0.10299923561257376,-0.10299923561257376,"[-0.13216675040971615, -0.08005736925054596]","[-0.17658339715157895, -0.07025227444611035]",0.0,0.0,True,True,UNCERTAINTY_WIDENED_INTERPRETATION_UNCHANGED,sensitivity CI is wider; interpretation otherwise unchanged
H4|AURC|banglaclick:facebook|tfidf_lr|137|0.1,ESTIMABLE,ESTIMABLE,0.4363860274350595,0.4363860274350595,"[0.3654550801128964, 0.5058878783340773]","[0.34989933831175096, 0.5202183224379042]",0.0,0.0,True,True,UNCERTAINTY_WIDENED_INTERPRETATION_UNCHANGED,sensitivity CI is wider; interpretation otherwise unchanged
H4|LIFT|banglaclick:facebook|tfidf_lr|137|0.2,ESTIMABLE,ESTIMABLE,-1.052453053509768,-1.052453053509768,"[-1.2650342708107873, -0.8802664771827858]","[-1.5125086166370438, -0.7348981895111907]",0.0,0.0,True,True,UNCERTAINTY_WIDENED_INTERPRETATION_UNCHANGED,sensitivity CI is wider; interpretation otherwise unchanged
H4|ERROR_CAPTURE|banglaclick:facebook|tfidf_lr|137|0.2,ESTIMABLE,ESTIMABLE,-0.1761111855360037,-0.1761111855360037,"[-0.21016125049418816, -0.14189935465333028]","[-0.2622552201143598, -0.12524796474643618]",0.0,0.0,True,True,UNCERTAINTY_WIDENED_INTERPRETATION_UNCHANGED,sensitivity CI is wider; interpretation otherwise unchanged
H4|AURC|banglaclick:facebook|tfidf_lr|137|0.2,ESTIMABLE,ESTIMABLE,0.4363860274350595,0.4363860274350595,"[0.3654550801128964, 0.5058878783340773]","[0.34989933831175096, 0.5202183224379042]",0.0,0.0,True,True,UNCERTAINTY_WIDENED_INTERPRETATION_UNCHANGED,sensitivity CI is wider; interpretation otherwise unchanged
H4|LIFT|banglaclick:facebook|tfidf_lr|2718|0.05,ESTIMABLE,ESTIMABLE,-1.4625190876293495,-1.4625190876293495,"[-1.865720172745609, -1.165707700306843]","[-2.338608404704747, -0.9343002392611487]",0.0,0.0,True,True,UNCERTAINTY_WIDENED_INTERPRETATION_UNCHANGED,sensitivity CI is wider; interpretation otherwise unchanged
H4|ERROR_CAPTURE|banglaclick:facebook|tfidf_lr|2718|0.05,ESTIMABLE,ESTIMABLE,-0.05582654972327074,-0.05582654972327074,"[-0.07533685738747951, -0.037244430157729574]","[-0.09356337553556185, -0.03394699730648131]",0.0,0.0,True,True,UNCERTAINTY_WIDENED_INTERPRETATION_UNCHANGED,sensitivity CI is wider; interpretation otherwise unchanged
H4|AURC|banglaclick:facebook|tfidf_lr|2718|0.05,ESTIMABLE,ESTIMABLE,0.4363860274350595,0.4363860274350595,"[0.3652511915984893, 0.5036085014898581]","[0.3515599969546802, 0.5204000178883759]",0.0,0.0,True,True,UNCERTAINTY_WIDENED_INTERPRETATION_UNCHANGED,sensitivity CI is wider; interpretation otherwise unchanged
H4|LIFT|banglaclick:facebook|tfidf_lr|2718|0.1,ESTIMABLE,ESTIMABLE,-1.3666542028008757,-1.3666542028008757,"[-1.6614105192119817, -1.1162198323771446]","[-2.0705681199473007, -0.9376055282352742]",0.0,0.0,True,True,UNCERTAINTY_WIDENED_INTERPRETATION_UNCHANGED,sensitivity CI is wider; interpretation otherwise unchanged
H4|ERROR_CAPTURE|banglaclick:facebook|tfidf_lr|2718|0.1,ESTIMABLE,ESTIMABLE,-0.10299923561257376,-0.10299923561257376,"[-0.13275479401088455, -0.08029355557614427]","[-0.1738715046529446, -0.0718143774348508]",0.0,0.0,True,True,UNCERTAINTY_WIDENED_INTERPRETATION_UNCHANGED,sensitivity CI is wider; interpretation otherwise unchanged
H4|AURC|banglaclick:facebook|tfidf_lr|2718|0.1,ESTIMABLE,ESTIMABLE,0.4363860274350595,0.4363860274350595,"[0.3652511915984893, 0.5036085014898581]","[0.3515599969546802, 0.5204000178883759]",0.0,0.0,True,True,UNCERTAINTY_WIDENED_INTERPRETATION_UNCHANGED,sensitivity CI is wider; interpretation otherwise unchanged
H4|LIFT|banglaclick:facebook|tfidf_lr|2718|0.2,ESTIMABLE,ESTIMABLE,-1.052453053509768,-1.052453053509768,"[-1.2642901789404244, -0.8921076851854093]","[-1.5027944046910178, -0.7554232809812558]",0.0,0.0,True,True,UNCERTAINTY_WIDENED_INTERPRETATION_UNCHANGED,sensitivity CI is wider; interpretation otherwise unchanged
H4|ERROR_CAPTURE|banglaclick:facebook|tfidf_lr|2718|0.2,ESTIMABLE,ESTIMABLE,-0.1761111855360037,-0.1761111855360037,"[-0.2111625431384114, -0.1420730572309779]","[-0.2622565467078406, -0.12565173147301636]",0.0,0.0,True,True,UNCERTAINTY_WIDENED_INTERPRETATION_UNCHANGED,sensitivity CI is wider; interpretation otherwise unchanged
H4|AURC|banglaclick:facebook|tfidf_lr|2718|0.2,ESTIMABLE,ESTIMABLE,0.4363860274350595,0.4363860274350595,"[0.3652511915984893, 0.5036085014898581]","[0.3515599969546802, 0.5204000178883759]",0.0,0.0,True,True,UNCERTAINTY_WIDENED_INTERPRETATION_UNCHANGED,sensitivity CI is wider; interpretation otherwise unchanged
H4|LIFT|banglaclick:facebook|tfidf_lr|31415|0.05,ESTIMABLE,ESTIMABLE,-1.4625190876293495,-1.4625190876293495,"[-1.8644306308729583, -1.157365264809461]","[-2.389187807327304, -0.9414116637952479]",0.0,0.0,True,True,UNCERTAINTY_WIDENED_INTERPRETATION_UNCHANGED,sensitivity CI is wider; interpretation otherwise unchanged
H4|ERROR_CAPTURE|banglaclick:facebook|tfidf_lr|31415|0.05,ESTIMABLE,ESTIMABLE,-0.05582654972327074,-0.05582654972327074,"[-0.07469453616925792, -0.03742148973425762]","[-0.09482270269609827, -0.0341390802599715]",0.0,0.0,True,True,UNCERTAINTY_WIDENED_INTERPRETATION_UNCHANGED,sensitivity CI is wider; interpretation otherwise unchanged
H4|AURC|banglaclick:facebook|tfidf_lr|31415|0.05,ESTIMABLE,ESTIMABLE,0.4363860274350595,0.4363860274350595,"[0.3676032066120479, 0.503052799633389]","[0.35162768327081484, 0.5240552597081395]",0.0,0.0,True,True,UNCERTAINTY_WIDENED_INTERPRETATION_UNCHANGED,sensitivity CI is wider; interpretation otherwise unchanged
H4|LIFT|banglaclick:facebook|tfidf_lr|31415|0.1,ESTIMABLE,ESTIMABLE,-1.3666542028008757,-1.3666542028008757,"[-1.6648229360098976, -1.1145026969906529]","[-2.1043051235339014, -0.9258082538909682]",0.0,0.0,True,True,UNCERTAINTY_WIDENED_INTERPRETATION_UNCHANGED,sensitivity CI is wider; interpretation otherwise unchanged
H4|ERROR_CAPTURE|banglaclick:facebook|tfidf_lr|31415|0.1,ESTIMABLE,ESTIMABLE,-0.10299923561257376,-0.10299923561257376,"[-0.13226177156079927, -0.08065655972193476]","[-0.17317585450633452, -0.07246518440282816]",0.0,0.0,True,True,UNCERTAINTY_WIDENED_INTERPRETATION_UNCHANGED,sensitivity CI is wider; interpretation otherwise unchanged
H4|AURC|banglaclick:facebook|tfidf_lr|31415|0.1,ESTIMABLE,ESTIMABLE,0.4363860274350595,0.4363860274350595,"[0.3676032066120479, 0.503052799633389]","[0.35162768327081484, 0.5240552597081395]",0.0,0.0,True,True,UNCERTAINTY_WIDENED_INTERPRETATION_UNCHANGED,sensitivity CI is wider; interpretation otherwise unchanged
H4|LIFT|banglaclick:facebook|tfidf_lr|31415|0.2,ESTIMABLE,ESTIMABLE,-1.052453053509768,-1.052453053509768,"[-1.2681904658807814, -0.8850725049132055]","[-1.5159417771304693, -0.7408052145188606]",0.0,0.0,True,True,UNCERTAINTY_WIDENED_INTERPRETATION_UNCHANGED,sensitivity CI is wider; interpretation otherwise unchanged
H4|ERROR_CAPTURE|banglaclick:facebook|tfidf_lr|31415|0.2,ESTIMABLE,ESTIMABLE,-0.1761111855360037,-0.1761111855360037,"[-0.21055201858165115, -0.14369311773333093]","[-0.2599381382663407, -0.12785542823610924]",0.0,0.0,True,True,UNCERTAINTY_WIDENED_INTERPRETATION_UNCHANGED,sensitivity CI is wider; interpretation otherwise unchanged
H4|AURC|banglaclick:facebook|tfidf_lr|31415|0.2,ESTIMABLE,ESTIMABLE,0.4363860274350595,0.4363860274350595,"[0.3676032066120479, 0.503052799633389]","[0.35162768327081484, 0.5240552597081395]",0.0,0.0,True,True,UNCERTAINTY_WIDENED_INTERPRETATION_UNCHANGED,sensitivity CI is wider; interpretation otherwise unchanged
H4|LIFT|banglaclick:facebook|tfidf_lr|65537|0.05,ESTIMABLE,ESTIMABLE,-1.4625190876293495,-1.4625190876293495,"[-1.8524664560822957, -1.1574483295665252]","[-2.397705037778268, -0.9348870751864196]",0.0,0.0,True,True,UNCERTAINTY_WIDENED_INTERPRETATION_UNCHANGED,sensitivity CI is wider; interpretation otherwise unchanged
H4|ERROR_CAPTURE|banglaclick:facebook|tfidf_lr|65537|0.05,ESTIMABLE,ESTIMABLE,-0.05582654972327074,-0.05582654972327074,"[-0.07505294185433059, -0.037269038642351905]","[-0.09556776874704168, -0.03407633003585896]",0.0,0.0,True,True,UNCERTAINTY_WIDENED_INTERPRETATION_UNCHANGED,sensitivity CI is wider; interpretation otherwise unchanged
H4|AURC|banglaclick:facebook|tfidf_lr|65537|0.05,ESTIMABLE,ESTIMABLE,0.4363860274350595,0.4363860274350595,"[0.3681783091616272, 0.5032228969115103]","[0.3536540118502578, 0.5195189669166707]",0.0,0.0,True,True,UNCERTAINTY_WIDENED_INTERPRETATION_UNCHANGED,sensitivity CI is wider; interpretation otherwise unchanged
H4|LIFT|banglaclick:facebook|tfidf_lr|65537|0.1,ESTIMABLE,ESTIMABLE,-1.3666542028008757,-1.3666542028008757,"[-1.6613992009848548, -1.1189538149520104]","[-2.1059402172550157, -0.930691303647616]",0.0,0.0,True,True,UNCERTAINTY_WIDENED_INTERPRETATION_UNCHANGED,sensitivity CI is wider; interpretation otherwise unchanged
H4|ERROR_CAPTURE|banglaclick:facebook|tfidf_lr|65537|0.1,ESTIMABLE,ESTIMABLE,-0.10299923561257376,-0.10299923561257376,"[-0.13278617746634133, -0.08035608848448028]","[-0.17401044072313243, -0.07272500176944831]",0.0,0.0,True,True,UNCERTAINTY_WIDENED_INTERPRETATION_UNCHANGED,sensitivity CI is wider; interpretation otherwise unchanged
H4|AURC|banglaclick:facebook|tfidf_lr|65537|0.1,ESTIMABLE,ESTIMABLE,0.4363860274350595,0.4363860274350595,"[0.3681783091616272, 0.5032228969115103]","[0.3536540118502578, 0.5195189669166707]",0.0,0.0,True,True,UNCERTAINTY_WIDENED_INTERPRETATION_UNCHANGED,sensitivity CI is wider; interpretation otherwise unchanged
H4|LIFT|banglaclick:facebook|tfidf_lr|65537|0.2,ESTIMABLE,ESTIMABLE,-1.052453053509768,-1.052453053509768,"[-1.2638287580322247, -0.8859129161788624]","[-1.5140303304874598, -0.7516589415488998]",0.0,0.0,True,True,UNCERTAINTY_WIDENED_INTERPRETATION_UNCHANGED,sensitivity CI is wider; interpretation otherwise unchanged
H4|ERROR_CAPTURE|banglaclick:facebook|tfidf_lr|65537|0.2,ESTIMABLE,ESTIMABLE,-0.1761111855360037,-0.1761111855360037,"[-0.21048516114195498, -0.14250299394260593]","[-0.26200511785581826, -0.12756969056734194]",0.0,0.0,True,True,UNCERTAINTY_WIDENED_INTERPRETATION_UNCHANGED,sensitivity CI is wider; interpretation otherwise unchanged
H4|AURC|banglaclick:facebook|tfidf_lr|65537|0.2,ESTIMABLE,ESTIMABLE,0.4363860274350595,0.4363860274350595,"[0.3681783091616272, 0.5032228969115103]","[0.3536540118502578, 0.5195189669166707]",0.0,0.0,True,True,UNCERTAINTY_WIDENED_INTERPRETATION_UNCHANGED,sensitivity CI is wider; interpretation otherwise unchanged
H4|LIFT|banglaclick:facebook|banglabert|42|0.05,ESTIMABLE,ESTIMABLE,-1.2719425888235059,-1.2719425888235059,"[-1.524543565936017, -1.0357859247850028]","[-2.1380379387732207, -0.8044750332070358]",0.0,0.0,True,True,UNCERTAINTY_WIDENED_INTERPRETATION_UNCHANGED,sensitivity CI is wider; interpretation otherwise unchanged
H4|ERROR_CAPTURE|banglaclick:facebook|banglabert|42|0.05,ESTIMABLE,ESTIMABLE,-0.0626924698371911,-0.0626924698371911,"[-0.08372907770301569, -0.03895133440402223]","[-0.09801618868224068, -0.038828296049681375]",0.0,0.0,True,True,UNCERTAINTY_WIDENED_INTERPRETATION_UNCHANGED,sensitivity CI is wider; interpretation otherwise unchanged
H4|AURC|banglaclick:facebook|banglabert|42|0.05,ESTIMABLE,ESTIMABLE,0.4280310579157215,0.4280310579157215,"[0.34942209587625506, 0.49069187066442366]","[0.3441363849194527, 0.49747057157122143]",0.0,0.0,True,True,UNCERTAINTY_WIDENED_INTERPRETATION_UNCHANGED,sensitivity CI is wider; interpretation otherwise unchanged
H4|LIFT|banglaclick:facebook|banglabert|42|0.1,ESTIMABLE,ESTIMABLE,-1.166978550081638,-1.166978550081638,"[-1.397051861146466, -0.9764038132773781]","[-1.8455508729598809, -0.7588229635041536]",0.0,0.0,True,True,UNCERTAINTY_WIDENED_INTERPRETATION_UNCHANGED,sensitivity CI is wider; interpretation otherwise unchanged
H4|ERROR_CAPTURE|banglaclick:facebook|banglabert|42|0.1,ESTIMABLE,ESTIMABLE,-0.12972717965189812,-0.12972717965189812,"[-0.1585793134780453, -0.0958810017123348]","[-0.20182655169817837, -0.09007950903220828]",0.0,0.0,True,True,UNCERTAINTY_WIDENED_INTERPRETATION_UNCHANGED,sensitivity CI is wider; interpretation otherwise unchanged
H4|AURC|banglaclick:facebook|banglabert|42|0.1,ESTIMABLE,ESTIMABLE,0.4280310579157215,0.4280310579157215,"[0.34942209587625506, 0.49069187066442366]","[0.3441363849194527, 0.49747057157122143]",0.0,0.0,True,True,UNCERTAINTY_WIDENED_INTERPRETATION_UNCHANGED,sensitivity CI is wider; interpretation otherwise unchanged
H4|LIFT|banglaclick:facebook|banglabert|42|0.2,ESTIMABLE,ESTIMABLE,-1.0795725812617882,-1.0795725812617882,"[-1.2765958811358622, -0.9144070112985635]","[-1.5880197357071633, -0.7523840940334201]",0.0,0.0,True,True,UNCERTAINTY_WIDENED_INTERPRETATION_UNCHANGED,sensitivity CI is wider; interpretation otherwise unchanged
H4|ERROR_CAPTURE|banglaclick:facebook|banglabert|42|0.2,ESTIMABLE,ESTIMABLE,-0.24597193503703854,-0.24597193503703854,"[-0.28603181133192285, -0.20185702718876222]","[-0.34047969796144006, -0.18318542425783058]",0.0,0.0,True,True,UNCERTAINTY_WIDENED_INTERPRETATION_UNCHANGED,sensitivity CI is wider; interpretation otherwise unchanged
H4|AURC|banglaclick:facebook|banglabert|42|0.2,ESTIMABLE,ESTIMABLE,0.4280310579157215,0.4280310579157215,"[0.34942209587625506, 0.49069187066442366]","[0.3441363849194527, 0.49747057157122143]",0.0,0.0,True,True,UNCERTAINTY_WIDENED_INTERPRETATION_UNCHANGED,sensitivity CI is wider; interpretation otherwise unchanged
H4|LIFT|banglaclick:facebook|banglabert|137|0.05,ESTIMABLE,ESTIMABLE,-1.214269402980958,-1.214269402980958,"[-1.4543155260110385, -0.9572521182681196]","[-2.1041960433351763, -0.7311142914658962]",0.0,0.0,True,True,UNCERTAINTY_WIDENED_INTERPRETATION_UNCHANGED,sensitivity CI is wider; interpretation otherwise unchanged
H4|ERROR_CAPTURE|banglaclick:facebook|banglabert|137|0.05,ESTIMABLE,ESTIMABLE,-0.07133592470518699,-0.07133592470518699,"[-0.0975162891784716, -0.050941094941389195]","[-0.10657975356703367, -0.042380293408535746]",0.0,0.0,True,True,UNCERTAINTY_WIDENED_INTERPRETATION_UNCHANGED,sensitivity CI is wider; interpretation otherwise unchanged
H4|AURC|banglaclick:facebook|banglabert|137|0.05,ESTIMABLE,ESTIMABLE,0.4066483039299813,0.4066483039299813,"[0.3257573415207316, 0.47554607119548065]","[0.3195701522314089, 0.48236449795536357]",0.0,0.0,True,True,UNCERTAINTY_WIDENED_INTERPRETATION_UNCHANGED,sensitivity CI is wider; interpretation otherwise unchanged
H4|LIFT|banglaclick:facebook|banglabert|137|0.1,ESTIMABLE,ESTIMABLE,-1.1590341648295932,-1.1590341648295932,"[-1.3786524508037445, -0.9629955171094656]","[-1.9916945815114466, -0.7459289834695436]",0.0,0.0,True,True,UNCERTAINTY_WIDENED_INTERPRETATION_UNCHANGED,sensitivity CI is wider; interpretation otherwise unchanged
H4|ERROR_CAPTURE|banglaclick:facebook|banglabert|137|0.1,ESTIMABLE,ESTIMABLE,-0.13160173870926695,-0.13160173870926695,"[-0.16386781725015562, -0.09382187879110732]","[-0.19365755321176784, -0.09183504413307529]",0.0,0.0,True,True,UNCERTAINTY_WIDENED_INTERPRETATION_UNCHANGED,sensitivity CI is wider; interpretation otherwise unchanged
H4|AURC|banglaclick:facebook|banglabert|137|0.1,ESTIMABLE,ESTIMABLE,0.4066483039299813,0.4066483039299813,"[0.3257573415207316, 0.47554607119548065]","[0.3195701522314089, 0.48236449795536357]",0.0,0.0,True,True,UNCERTAINTY_WIDENED_INTERPRETATION_UNCHANGED,sensitivity CI is wider; interpretation otherwise unchanged
H4|LIFT|banglaclick:facebook|banglabert|137|0.2,ESTIMABLE,ESTIMABLE,-1.0821305174318707,-1.0821305174318707,"[-1.2906404816360186, -0.9295621110787212]","[-1.636538222792109, -0.7657381302123183]",0.0,0.0,True,True,UNCERTAINTY_WIDENED_INTERPRETATION_UNCHANGED,sensitivity CI is wider; interpretation otherwise unchanged
H4|ERROR_CAPTURE|banglaclick:facebook|banglabert|137|0.2,ESTIMABLE,ESTIMABLE,-0.23037282096958903,-0.23037282096958903,"[-0.2769111480438283, -0.18567224625303386]","[-0.33229287328437457, -0.16421158940196418]",0.0,0.0,True,True,UNCERTAINTY_WIDENED_INTERPRETATION_UNCHANGED,sensitivity CI is wider; interpretation otherwise unchanged
H4|AURC|banglaclick:facebook|banglabert|137|0.2,ESTIMABLE,ESTIMABLE,0.4066483039299813,0.4066483039299813,"[0.3257573415207316, 0.47554607119548065]","[0.3195701522314089, 0.48236449795536357]",0.0,0.0,True,True,UNCERTAINTY_WIDENED_INTERPRETATION_UNCHANGED,sensitivity CI is wider; interpretation otherwise unchanged
H4|LIFT|banglaclick:facebook|banglabert|2718|0.05,ESTIMABLE,ESTIMABLE,-1.1617200237770655,-1.1617200237770655,"[-1.4370882842852044, -0.9697514280555493]","[-2.1644095777046384, -0.7630231809425503]",0.0,0.0,True,True,UNCERTAINTY_WIDENED_INTERPRETATION_UNCHANGED,sensitivity CI is wider; interpretation otherwise unchanged
H4|ERROR_CAPTURE|banglaclick:facebook|banglabert|2718|0.05,ESTIMABLE,ESTIMABLE,-0.05890087404133213,-0.05890087404133213,"[-0.08139062528684698, -0.031487806241752084]","[-0.09761736905461059, -0.030753460856348936]",0.0,0.0,True,True,UNCERTAINTY_WIDENED_INTERPRETATION_UNCHANGED,sensitivity CI is wider; interpretation otherwise unchanged
H4|AURC|banglaclick:facebook|banglabert|2718|0.05,ESTIMABLE,ESTIMABLE,0.44015521575191424,0.44015521575191424,"[0.3627443515601802, 0.4996268387296281]","[0.3562957959614601, 0.5075969905881568]",0.0,0.0,True,True,UNCERTAINTY_WIDENED_INTERPRETATION_UNCHANGED,sensitivity CI is wider; interpretation otherwise unchanged
H4|LIFT|banglaclick:facebook|banglabert|2718|0.1,ESTIMABLE,ESTIMABLE,-1.2010488790344604,-1.2010488790344604,"[-1.4538062160393617, -1.0305953901794196]","[-2.025399255679496, -0.8056803860538965]",0.0,0.0,True,True,UNCERTAINTY_WIDENED_INTERPRETATION_UNCHANGED,sensitivity CI is wider; interpretation otherwise unchanged
H4|ERROR_CAPTURE|banglaclick:facebook|banglabert|2718|0.1,ESTIMABLE,ESTIMABLE,-0.11145925336807652,-0.11145925336807652,"[-0.15235133647900453, -0.07950628726012832]","[-0.19034378706598126, -0.06921562435165138]",0.0,0.0,True,True,UNCERTAINTY_WIDENED_INTERPRETATION_UNCHANGED,sensitivity CI is wider; interpretation otherwise unchanged
H4|AURC|banglaclick:facebook|banglabert|2718|0.1,ESTIMABLE,ESTIMABLE,0.44015521575191424,0.44015521575191424,"[0.3627443515601802, 0.4996268387296281]","[0.3562957959614601, 0.5075969905881568]",0.0,0.0,True,True,UNCERTAINTY_WIDENED_INTERPRETATION_UNCHANGED,sensitivity CI is wider; interpretation otherwise unchanged
H4|LIFT|banglaclick:facebook|banglabert|2718|0.2,ESTIMABLE,ESTIMABLE,-1.1441321619353233,-1.1441321619353233,"[-1.3394120246699317, -0.9880266344935881]","[-1.6799368692238068, -0.8185766847901922]",0.0,0.0,True,True,UNCERTAINTY_WIDENED_INTERPRETATION_UNCHANGED,sensitivity CI is wider; interpretation otherwise unchanged
H4|ERROR_CAPTURE|banglaclick:facebook|banglabert|2718|0.2,ESTIMABLE,ESTIMABLE,-0.23294180651194762,-0.23294180651194762,"[-0.27795971884475756, -0.1759250633631626]","[-0.3339427626871398, -0.16157705741453776]",0.0,0.0,True,True,UNCERTAINTY_WIDENED_INTERPRETATION_UNCHANGED,sensitivity CI is wider; interpretation otherwise unchanged
H4|AURC|banglaclick:facebook|banglabert|2718|0.2,ESTIMABLE,ESTIMABLE,0.44015521575191424,0.44015521575191424,"[0.3627443515601802, 0.4996268387296281]","[0.3562957959614601, 0.5075969905881568]",0.0,0.0,True,True,UNCERTAINTY_WIDENED_INTERPRETATION_UNCHANGED,sensitivity CI is wider; interpretation otherwise unchanged
H4|LIFT|banglaclick:facebook|banglabert|31415|0.05,ESTIMABLE,ESTIMABLE,-1.2877511130119184,-1.2877511130119184,"[-1.5323414824233268, -1.050425189821836]","[-2.097715160567141, -0.8058554284390468]",0.0,0.0,True,True,UNCERTAINTY_WIDENED_INTERPRETATION_UNCHANGED,sensitivity CI is wider; interpretation otherwise unchanged
H4|ERROR_CAPTURE|banglaclick:facebook|banglabert|31415|0.05,ESTIMABLE,ESTIMABLE,-0.06653666463538493,-0.06653666463538493,"[-0.09456508780688921, -0.04174813581273926]","[-0.10432882401298518, -0.04065949101378948]",0.0,0.0,True,True,UNCERTAINTY_WIDENED_INTERPRETATION_UNCHANGED,sensitivity CI is wider; interpretation otherwise unchanged
H4|AURC|banglaclick:facebook|banglabert|31415|0.05,ESTIMABLE,ESTIMABLE,0.4031766330291403,0.4031766330291403,"[0.31898137655394837, 0.473294583015293]","[0.3128663080218019, 0.4756562527648714]",0.0,0.0,True,True,UNCERTAINTY_WIDENED_INTERPRETATION_UNCHANGED,sensitivity CI is wider; interpretation otherwise unchanged
H4|LIFT|banglaclick:facebook|banglabert|31415|0.1,ESTIMABLE,ESTIMABLE,-1.1485304862783767,-1.1485304862783767,"[-1.381091727966665, -0.9842200477349101]","[-1.8900725359762511, -0.7759928541599268]",0.0,0.0,True,True,UNCERTAINTY_WIDENED_INTERPRETATION_UNCHANGED,sensitivity CI is wider; interpretation otherwise unchanged
H4|ERROR_CAPTURE|banglaclick:facebook|banglabert|31415|0.1,ESTIMABLE,ESTIMABLE,-0.14228519195612432,-0.14228519195612432,"[-0.17299202139467135, -0.10546567384064433]","[-0.19264417705849296, -0.08943344089251364]",0.0,0.0,True,True,UNCERTAINTY_WIDENED_INTERPRETATION_UNCHANGED,sensitivity CI is wider; interpretation otherwise unchanged
H4|AURC|banglaclick:facebook|banglabert|31415|0.1,ESTIMABLE,ESTIMABLE,0.4031766330291403,0.4031766330291403,"[0.31898137655394837, 0.473294583015293]","[0.3128663080218019, 0.4756562527648714]",0.0,0.0,True,True,UNCERTAINTY_WIDENED_INTERPRETATION_UNCHANGED,sensitivity CI is wider; interpretation otherwise unchanged
H4|LIFT|banglaclick:facebook|banglabert|31415|0.2,ESTIMABLE,ESTIMABLE,-1.0676256813026064,-1.0676256813026064,"[-1.2890218836221825, -0.9227383791053722]","[-1.6404559864830826, -0.7595134388085552]",0.0,0.0,True,True,UNCERTAINTY_WIDENED_INTERPRETATION_UNCHANGED,sensitivity CI is wider; interpretation otherwise unchanged
H4|ERROR_CAPTURE|banglaclick:facebook|banglabert|31415|0.2,ESTIMABLE,ESTIMABLE,-0.21137314645541333,-0.21137314645541333,"[-0.25868327255049467, -0.1586445043182043]","[-0.3108299131937018, -0.15099847885547638]",0.0,0.0,True,True,UNCERTAINTY_WIDENED_INTERPRETATION_UNCHANGED,sensitivity CI is wider; interpretation otherwise unchanged
H4|AURC|banglaclick:facebook|banglabert|31415|0.2,ESTIMABLE,ESTIMABLE,0.4031766330291403,0.4031766330291403,"[0.31898137655394837, 0.473294583015293]","[0.3128663080218019, 0.4756562527648714]",0.0,0.0,True,True,UNCERTAINTY_WIDENED_INTERPRETATION_UNCHANGED,sensitivity CI is wider; interpretation otherwise unchanged
H4|LIFT|banglaclick:facebook|banglabert|65537|0.05,ESTIMABLE,ESTIMABLE,-1.1877761612427884,-1.1877761612427884,"[-1.4642492476865165, -0.9643314001682716]","[-2.067976073997299, -0.7315289601090815]",0.0,0.0,True,True,UNCERTAINTY_WIDENED_INTERPRETATION_UNCHANGED,sensitivity CI is wider; interpretation otherwise unchanged
H4|ERROR_CAPTURE|banglaclick:facebook|banglabert|65537|0.05,ESTIMABLE,ESTIMABLE,-0.05630168734160331,-0.05630168734160331,"[-0.08263684869744609, -0.03161077141164453]","[-0.08902767262392454, -0.031085514151205598]",0.0,0.0,True,True,UNCERTAINTY_WIDENED_INTERPRETATION_UNCHANGED,sensitivity CI is wider; interpretation otherwise unchanged
H4|AURC|banglaclick:facebook|banglabert|65537|0.05,ESTIMABLE,ESTIMABLE,0.40131410596168393,0.40131410596168393,"[0.31467247172228097, 0.467314221344322]","[0.3091052287750159, 0.47401064134504883]",0.0,0.0,True,True,UNCERTAINTY_WIDENED_INTERPRETATION_UNCHANGED,sensitivity CI is wider; interpretation otherwise unchanged
H4|LIFT|banglaclick:facebook|banglabert|65537|0.1,ESTIMABLE,ESTIMABLE,-1.1116343586718538,-1.1116343586718538,"[-1.3617206964653712, -0.9358918191249084]","[-1.903485235753859, -0.7406606739186599]",0.0,0.0,True,True,UNCERTAINTY_WIDENED_INTERPRETATION_UNCHANGED,sensitivity CI is wider; interpretation otherwise unchanged
H4|ERROR_CAPTURE|banglaclick:facebook|banglabert|65537|0.1,ESTIMABLE,ESTIMABLE,-0.11768874216353209,-0.11768874216353209,"[-0.15578017422774984, -0.08442510978030258]","[-0.17280861389234992, -0.07759023277385692]",0.0,0.0,True,True,UNCERTAINTY_WIDENED_INTERPRETATION_UNCHANGED,sensitivity CI is wider; interpretation otherwise unchanged
H4|AURC|banglaclick:facebook|banglabert|65537|0.1,ESTIMABLE,ESTIMABLE,0.40131410596168393,0.40131410596168393,"[0.31467247172228097, 0.467314221344322]","[0.3091052287750159, 0.47401064134504883]",0.0,0.0,True,True,UNCERTAINTY_WIDENED_INTERPRETATION_UNCHANGED,sensitivity CI is wider; interpretation otherwise unchanged
H4|LIFT|banglaclick:facebook|banglabert|65537|0.2,ESTIMABLE,ESTIMABLE,-1.09151948122097,-1.09151948122097,"[-1.2884821061840244, -0.9457596243846109]","[-1.639298509847703, -0.7792891998058911]",0.0,0.0,True,True,UNCERTAINTY_WIDENED_INTERPRETATION_UNCHANGED,sensitivity CI is wider; interpretation otherwise unchanged
H4|ERROR_CAPTURE|banglaclick:facebook|banglabert|65537|0.2,ESTIMABLE,ESTIMABLE,-0.2202422635720955,-0.2202422635720955,"[-0.26850844185293277, -0.16868365347137138]","[-0.3046526207546374, -0.15987997186508549]",0.0,0.0,True,True,UNCERTAINTY_WIDENED_INTERPRETATION_UNCHANGED,sensitivity CI is wider; interpretation otherwise unchanged
H4|AURC|banglaclick:facebook|banglabert|65537|0.2,ESTIMABLE,ESTIMABLE,0.40131410596168393,0.40131410596168393,"[0.31467247172228097, 0.467314221344322]","[0.3091052287750159, 0.47401064134504883]",0.0,0.0,True,True,UNCERTAINTY_WIDENED_INTERPRETATION_UNCHANGED,sensitivity CI is wider; interpretation otherwise unchanged
H4|LIFT|banglaclick:facebook|xlmr|42|0.05,ESTIMABLE,ESTIMABLE,-1.135663886311343,-1.135663886311343,"[-1.4436296285357322, -0.9097251919774384]","[-2.1335614252053925, -0.6751987507448849]",0.0,0.0,True,True,UNCERTAINTY_WIDENED_INTERPRETATION_UNCHANGED,sensitivity CI is wider; interpretation otherwise unchanged
H4|ERROR_CAPTURE|banglaclick:facebook|xlmr|42|0.05,ESTIMABLE,ESTIMABLE,-0.06832400149309444,-0.06832400149309444,"[-0.09004595496432075, -0.04170608667588264]","[-0.10066875604991771, -0.03790258603341426]",0.0,0.0,True,True,UNCERTAINTY_WIDENED_INTERPRETATION_UNCHANGED,sensitivity CI is wider; interpretation otherwise unchanged
H4|AURC|banglaclick:facebook|xlmr|42|0.05,ESTIMABLE,ESTIMABLE,0.397472040667078,0.397472040667078,"[0.3215193118345986, 0.4615972828702969]","[0.31647083495226724, 0.4713075325334479]",0.0,0.0,True,True,UNCERTAINTY_WIDENED_INTERPRETATION_UNCHANGED,sensitivity CI is wider; interpretation otherwise unchanged
H4|LIFT|banglaclick:facebook|xlmr|42|0.1,ESTIMABLE,ESTIMABLE,-1.224882034790595,-1.224882034790595,"[-1.5120997416521058, -1.0548102205880185]","[-1.9475682280123598, -0.802929445691942]",0.0,0.0,True,True,UNCERTAINTY_WIDENED_INTERPRETATION_UNCHANGED,sensitivity CI is wider; interpretation otherwise unchanged
H4|ERROR_CAPTURE|banglaclick:facebook|xlmr|42|0.1,ESTIMABLE,ESTIMABLE,-0.13437476670399404,-0.13437476670399404,"[-0.16547852810376756, -0.09515738301577861]","[-0.190251165071832, -0.08460366393823784]",0.0,0.0,True,True,UNCERTAINTY_WIDENED_INTERPRETATION_UNCHANGED,sensitivity CI is wider; interpretation otherwise unchanged
H4|AURC|banglaclick:facebook|xlmr|42|0.1,ESTIMABLE,ESTIMABLE,0.397472040667078,0.397472040667078,"[0.3215193118345986, 0.4615972828702969]","[0.31647083495226724, 0.4713075325334479]",0.0,0.0,True,True,UNCERTAINTY_WIDENED_INTERPRETATION_UNCHANGED,sensitivity CI is wider; interpretation otherwise unchanged
H4|LIFT|banglaclick:facebook|xlmr|42|0.2,ESTIMABLE,ESTIMABLE,-1.1195409768569984,-1.1195409768569984,"[-1.3021708040985862, -0.9237962232357269]","[-1.6262558350144565, -0.75990155336892]",0.0,0.0,True,True,UNCERTAINTY_WIDENED_INTERPRETATION_UNCHANGED,sensitivity CI is wider; interpretation otherwise unchanged
H4|ERROR_CAPTURE|banglaclick:facebook|xlmr|42|0.2,ESTIMABLE,ESTIMABLE,-0.24569988801791715,-0.24569988801791715,"[-0.29006990804327193, -0.19826417023139065]","[-0.3212315027708082, -0.18817916133836]",0.0,0.0,True,True,UNCERTAINTY_WIDENED_INTERPRETATION_UNCHANGED,sensitivity CI is wider; interpretation otherwise unchanged
H4|AURC|banglaclick:facebook|xlmr|42|0.2,ESTIMABLE,ESTIMABLE,0.397472040667078,0.397472040667078,"[0.3215193118345986, 0.4615972828702969]","[0.31647083495226724, 0.4713075325334479]",0.0,0.0,True,True,UNCERTAINTY_WIDENED_INTERPRETATION_UNCHANGED,sensitivity CI is wider; interpretation otherwise unchanged
H4|LIFT|banglaclick:facebook|xlmr|137|0.05,ESTIMABLE,ESTIMABLE,-1.1091706445731728,-1.1091706445731728,"[-1.4517916696705124, -0.9268549177469518]","[-2.0559323331753068, -0.7319792702560693]",0.0,0.0,True,True,UNCERTAINTY_WIDENED_INTERPRETATION_UNCHANGED,sensitivity CI is wider; interpretation otherwise unchanged
H4|ERROR_CAPTURE|banglaclick:facebook|xlmr|137|0.05,ESTIMABLE,ESTIMABLE,-0.08653902282412002,-0.08653902282412002,"[-0.10853752939879596, -0.059016243644171]","[-0.12924382478475163, -0.052016665190470913]",0.0,0.0,True,True,UNCERTAINTY_WIDENED_INTERPRETATION_UNCHANGED,sensitivity CI is wider; interpretation otherwise unchanged
H4|AURC|banglaclick:facebook|xlmr|137|0.05,ESTIMABLE,ESTIMABLE,0.39115077308446977,0.39115077308446977,"[0.30862170029190444, 0.4597829150003812]","[0.3066983156917199, 0.4692822849028002]",0.0,0.0,True,True,UNCERTAINTY_WIDENED_INTERPRETATION_UNCHANGED,sensitivity CI is wider; interpretation otherwise unchanged
H4|LIFT|banglaclick:facebook|xlmr|137|0.1,ESTIMABLE,ESTIMABLE,-1.1723636420345114,-1.1723636420345114,"[-1.404172112190788, -0.9977514854529654]","[-1.9618096881103986, -0.8020432478747976]",0.0,0.0,True,True,UNCERTAINTY_WIDENED_INTERPRETATION_UNCHANGED,sensitivity CI is wider; interpretation otherwise unchanged
H4|ERROR_CAPTURE|banglaclick:facebook|xlmr|137|0.1,ESTIMABLE,ESTIMABLE,-0.1640748740100792,-0.1640748740100792,"[-0.194294354469523, -0.12435587146336219]","[-0.22694727153610522, -0.10193470379152723]",0.0,0.0,True,True,UNCERTAINTY_WIDENED_INTERPRETATION_UNCHANGED,sensitivity CI is wider; interpretation otherwise unchanged
H4|AURC|banglaclick:facebook|xlmr|137|0.1,ESTIMABLE,ESTIMABLE,0.39115077308446977,0.39115077308446977,"[0.30862170029190444, 0.4597829150003812]","[0.3066983156917199, 0.4692822849028002]",0.0,0.0,True,True,UNCERTAINTY_WIDENED_INTERPRETATION_UNCHANGED,sensitivity CI is wider; interpretation otherwise unchanged
H4|LIFT|banglaclick:facebook|xlmr|137|0.2,ESTIMABLE,ESTIMABLE,-1.0357672814114545,-1.0357672814114545,"[-1.2645254735053095, -0.9020815722215259]","[-1.64309930197876, -0.7514917269443373]",0.0,0.0,True,True,UNCERTAINTY_WIDENED_INTERPRETATION_UNCHANGED,sensitivity CI is wider; interpretation otherwise unchanged
H4|ERROR_CAPTURE|banglaclick:facebook|xlmr|137|0.2,ESTIMABLE,ESTIMABLE,-0.2362520187574183,-0.2362520187574183,"[-0.2823649467390067, -0.19629295380759867]","[-0.33618776827906793, -0.19162686997001255]",0.0,0.0,True,True,UNCERTAINTY_WIDENED_INTERPRETATION_UNCHANGED,sensitivity CI is wider; interpretation otherwise unchanged
H4|AURC|banglaclick:facebook|xlmr|137|0.2,ESTIMABLE,ESTIMABLE,0.39115077308446977,0.39115077308446977,"[0.30862170029190444, 0.4597829150003812]","[0.3066983156917199, 0.4692822849028002]",0.0,0.0,True,True,UNCERTAINTY_WIDENED_INTERPRETATION_UNCHANGED,sensitivity CI is wider; interpretation otherwise unchanged
H4|LIFT|banglaclick:facebook|xlmr|2718|0.05,ESTIMABLE,ESTIMABLE,-1.2040217897036476,-1.2040217897036476,"[-1.4995521395899059, -0.982632272219089]","[-2.1092332868567842, -0.774773798105442]",0.0,0.0,True,True,UNCERTAINTY_WIDENED_INTERPRETATION_UNCHANGED,sensitivity CI is wider; interpretation otherwise unchanged
H4|ERROR_CAPTURE|banglaclick:facebook|xlmr|2718|0.05,ESTIMABLE,ESTIMABLE,-0.04243265117354607,-0.04243265117354607,"[-0.06816315536796426, -0.01994344038988198]","[-0.07858490428752449, -0.01725071794000747]",0.0008,0.0008,True,True,UNCERTAINTY_WIDENED_INTERPRETATION_UNCHANGED,sensitivity CI is wider; interpretation otherwise unchanged
H4|AURC|banglaclick:facebook|xlmr|2718|0.05,ESTIMABLE,ESTIMABLE,0.3950788857436532,0.3950788857436532,"[0.3155578953390756, 0.4589455634416133]","[0.31227177528986005, 0.47087508367361947]",0.0,0.0,True,True,UNCERTAINTY_WIDENED_INTERPRETATION_UNCHANGED,sensitivity CI is wider; interpretation otherwise unchanged
H4|LIFT|banglaclick:facebook|xlmr|2718|0.1,ESTIMABLE,ESTIMABLE,-1.1698043487353391,-1.1698043487353391,"[-1.4931215286431205, -0.991779581797082]","[-1.962648827896525, -0.8026010614816704]",0.0,0.0,True,True,UNCERTAINTY_WIDENED_INTERPRETATION_UNCHANGED,sensitivity CI is wider; interpretation otherwise unchanged
H4|ERROR_CAPTURE|banglaclick:facebook|xlmr|2718|0.1,ESTIMABLE,ESTIMABLE,-0.09458318880795466,-0.09458318880795466,"[-0.13294579779226634, -0.060287293960094225]","[-0.15327825114085789, -0.050306493127048955]",0.0,0.0,True,True,UNCERTAINTY_WIDENED_INTERPRETATION_UNCHANGED,sensitivity CI is wider; interpretation otherwise unchanged
H4|AURC|banglaclick:facebook|xlmr|2718|0.1,ESTIMABLE,ESTIMABLE,0.3950788857436532,0.3950788857436532,"[0.3155578953390756, 0.4589455634416133]","[0.31227177528986005, 0.47087508367361947]",0.0,0.0,True,True,UNCERTAINTY_WIDENED_INTERPRETATION_UNCHANGED,sensitivity CI is wider; interpretation otherwise unchanged
H4|LIFT|banglaclick:facebook|xlmr|2718|0.2,ESTIMABLE,ESTIMABLE,-1.0918102726835102,-1.0918102726835102,"[-1.315500645739138, -0.926345620460637]","[-1.6744590045966312, -0.7972034734462109]",0.0,0.0,True,True,UNCERTAINTY_WIDENED_INTERPRETATION_UNCHANGED,sensitivity CI is wider; interpretation otherwise unchanged
H4|ERROR_CAPTURE|banglaclick:facebook|xlmr|2718|0.2,ESTIMABLE,ESTIMABLE,-0.186115928623733,-0.186115928623733,"[-0.22975308060726415, -0.13662910150205784]","[-0.2674976617342386, -0.12469461951085123]",0.0,0.0,True,True,UNCERTAINTY_WIDENED_INTERPRETATION_UNCHANGED,sensitivity CI is wider; interpretation otherwise unchanged
H4|AURC|banglaclick:facebook|xlmr|2718|0.2,ESTIMABLE,ESTIMABLE,0.3950788857436532,0.3950788857436532,"[0.3155578953390756, 0.4589455634416133]","[0.31227177528986005, 0.47087508367361947]",0.0,0.0,True,True,UNCERTAINTY_WIDENED_INTERPRETATION_UNCHANGED,sensitivity CI is wider; interpretation otherwise unchanged
H4|LIFT|banglaclick:facebook|xlmr|31415|0.05,ESTIMABLE,ESTIMABLE,-1.1621571280495127,-1.1621571280495127,"[-1.442449899063583, -0.9308196549099277]","[-2.052655709716325, -0.7427498454473994]",0.0,0.0,True,True,UNCERTAINTY_WIDENED_INTERPRETATION_UNCHANGED,sensitivity CI is wider; interpretation otherwise unchanged
H4|ERROR_CAPTURE|banglaclick:facebook|xlmr|31415|0.05,ESTIMABLE,ESTIMABLE,-0.07171472578901379,-0.07171472578901379,"[-0.09698183259897093, -0.04549012798125779]","[-0.1137837731534582, -0.04093083266378137]",0.0,0.0,True,True,UNCERTAINTY_WIDENED_INTERPRETATION_UNCHANGED,sensitivity CI is wider; interpretation otherwise unchanged
H4|AURC|banglaclick:facebook|xlmr|31415|0.05,ESTIMABLE,ESTIMABLE,0.3935294341359354,0.3935294341359354,"[0.3197865569595079, 0.4589155137853452]","[0.3116468461400206, 0.4693808109001136]",0.0,0.0,True,True,UNCERTAINTY_WIDENED_INTERPRETATION_UNCHANGED,sensitivity CI is wider; interpretation otherwise unchanged
H4|LIFT|banglaclick:facebook|xlmr|31415|0.1,ESTIMABLE,ESTIMABLE,-1.0988378921759943,-1.0988378921759943,"[-1.3636212934549445, -0.9047033892560473]","[-1.802763847582156, -0.7132470829491395]",0.0,0.0,True,True,UNCERTAINTY_WIDENED_INTERPRETATION_UNCHANGED,sensitivity CI is wider; interpretation otherwise unchanged
H4|ERROR_CAPTURE|banglaclick:facebook|xlmr|31415|0.1,ESTIMABLE,ESTIMABLE,-0.13323262392440868,-0.13323262392440868,"[-0.16277346628992276, -0.09557035288009047]","[-0.19295742782164477, -0.08650828203371973]",0.0,0.0,True,True,UNCERTAINTY_WIDENED_INTERPRETATION_UNCHANGED,sensitivity CI is wider; interpretation otherwise unchanged
H4|AURC|banglaclick:facebook|xlmr|31415|0.1,ESTIMABLE,ESTIMABLE,0.3935294341359354,0.3935294341359354,"[0.3197865569595079, 0.4589155137853452]","[0.3116468461400206, 0.4693808109001136]",0.0,0.0,True,True,UNCERTAINTY_WIDENED_INTERPRETATION_UNCHANGED,sensitivity CI is wider; interpretation otherwise unchanged
H4|LIFT|banglaclick:facebook|xlmr|31415|0.2,ESTIMABLE,ESTIMABLE,-1.05213266855084,-1.05213266855084,"[-1.2507719365097532, -0.8777462109210751]","[-1.5735852768265113, -0.7313867381288011]",0.0,0.0,True,True,UNCERTAINTY_WIDENED_INTERPRETATION_UNCHANGED,sensitivity CI is wider; interpretation otherwise unchanged
H4|ERROR_CAPTURE|banglaclick:facebook|xlmr|31415|0.2,ESTIMABLE,ESTIMABLE,-0.21961500866397118,-0.21961500866397118,"[-0.25899265364705487, -0.17650610761398877]","[-0.2859644407314161, -0.17186867354767452]",0.0,0.0,True,True,UNCERTAINTY_WIDENED_INTERPRETATION_UNCHANGED,sensitivity CI is wider; interpretation otherwise unchanged
H4|AURC|banglaclick:facebook|xlmr|31415|0.2,ESTIMABLE,ESTIMABLE,0.3935294341359354,0.3935294341359354,"[0.3197865569595079, 0.4589155137853452]","[0.3116468461400206, 0.4693808109001136]",0.0,0.0,True,True,UNCERTAINTY_WIDENED_INTERPRETATION_UNCHANGED,sensitivity CI is wider; interpretation otherwise unchanged
H4|LIFT|banglaclick:facebook|xlmr|65537|0.05,ESTIMABLE,ESTIMABLE,-1.277503499734608,-1.277503499734608,"[-1.5852138160914198, -1.0459096241823445]","[-2.2062023485445934, -0.8392482075401844]",0.0,0.0,True,True,UNCERTAINTY_WIDENED_INTERPRETATION_UNCHANGED,sensitivity CI is wider; interpretation otherwise unchanged
H4|ERROR_CAPTURE|banglaclick:facebook|xlmr|65537|0.05,ESTIMABLE,ESTIMABLE,-0.09875627335256096,-0.09875627335256096,"[-0.12498655471939635, -0.07135505227270081]","[-0.14806935901777102, -0.063731476202944]",0.0,0.0,True,True,UNCERTAINTY_WIDENED_INTERPRETATION_UNCHANGED,sensitivity CI is wider; interpretation otherwise unchanged
H4|AURC|banglaclick:facebook|xlmr|65537|0.05,ESTIMABLE,ESTIMABLE,0.38699135842090904,0.38699135842090904,"[0.3057184795707495, 0.4545247840763722]","[0.3033836542404724, 0.4586842589314223]",0.0,0.0,True,True,UNCERTAINTY_WIDENED_INTERPRETATION_UNCHANGED,sensitivity CI is wider; interpretation otherwise unchanged
H4|LIFT|banglaclick:facebook|xlmr|65537|0.1,ESTIMABLE,ESTIMABLE,-1.2387445227045712,-1.2387445227045712,"[-1.5047809453332257, -1.0542166341800336]","[-1.9983062862801872, -0.8605744318192421]",0.0,0.0,True,True,UNCERTAINTY_WIDENED_INTERPRETATION_UNCHANGED,sensitivity CI is wider; interpretation otherwise unchanged
H4|ERROR_CAPTURE|banglaclick:facebook|xlmr|65537|0.1,ESTIMABLE,ESTIMABLE,-0.16610268637982767,-0.16610268637982767,"[-0.1989144891031918, -0.12955724288100065]","[-0.21819195173922978, -0.12562180948028118]",0.0,0.0,True,True,UNCERTAINTY_WIDENED_INTERPRETATION_UNCHANGED,sensitivity CI is wider; interpretation otherwise unchanged
H4|AURC|banglaclick:facebook|xlmr|65537|0.1,ESTIMABLE,ESTIMABLE,0.38699135842090904,0.38699135842090904,"[0.3057184795707495, 0.4545247840763722]","[0.3033836542404724, 0.4586842589314223]",0.0,0.0,True,True,UNCERTAINTY_WIDENED_INTERPRETATION_UNCHANGED,sensitivity CI is wider; interpretation otherwise unchanged
H4|LIFT|banglaclick:facebook|xlmr|65537|0.2,ESTIMABLE,ESTIMABLE,-1.1417196214965106,-1.1417196214965106,"[-1.338914602664005, -0.9965379155167192]","[-1.697920023742453, -0.8043332627885957]",0.0,0.0,True,True,UNCERTAINTY_WIDENED_INTERPRETATION_UNCHANGED,sensitivity CI is wider; interpretation otherwise unchanged
H4|ERROR_CAPTURE|banglaclick:facebook|xlmr|65537|0.2,ESTIMABLE,ESTIMABLE,-0.24464283293076697,-0.24464283293076697,"[-0.28886212176283044, -0.1915164209457294]","[-0.32996813981784195, -0.17776311834553812]",0.0,0.0,True,True,UNCERTAINTY_WIDENED_INTERPRETATION_UNCHANGED,sensitivity CI is wider; interpretation otherwise unchanged
H4|AURC|banglaclick:facebook|xlmr|65537|0.2,ESTIMABLE,ESTIMABLE,0.38699135842090904,0.38699135842090904,"[0.3057184795707495, 0.4545247840763722]","[0.3033836542404724, 0.4586842589314223]",0.0,0.0,True,True,UNCERTAINTY_WIDENED_INTERPRETATION_UNCHANGED,sensitivity CI is wider; interpretation otherwise unchanged
H4|LIFT|banglaclick:youtube|ebm|42|0.05,ESTIMABLE,ESTIMABLE,-1.440068338047691,-1.440068338047691,"[-1.6557116290687015, -1.2039066633459332]","[-2.231605098768333, -0.9964684181915031]",0.0,0.0004,True,True,UNCERTAINTY_WIDENED_INTERPRETATION_UNCHANGED,sensitivity CI is wider; interpretation otherwise unchanged
H4|ERROR_CAPTURE|banglaclick:youtube|ebm|42|0.05,ESTIMABLE,ESTIMABLE,-0.018661943221151507,-0.018661943221151507,"[-0.04743570804554017, 0.018376284739419588]","[-0.05958895151978224, 0.022304724705455435]",0.3096,0.3508,True,True,UNCERTAINTY_WIDENED_INTERPRETATION_UNCHANGED,sensitivity CI is wider; interpretation otherwise unchanged
H4|AURC|banglaclick:youtube|ebm|42|0.05,ESTIMABLE,ESTIMABLE,0.07526889549176516,0.07526889549176516,"[-0.06631056285409224, 0.4680017760845875]","[-0.08177202886414958, 0.47440503729923794]",0.4512,0.4564,True,True,UNCERTAINTY_WIDENED_INTERPRETATION_UNCHANGED,sensitivity CI is wider; interpretation otherwise unchanged
H4|LIFT|banglaclick:youtube|ebm|42|0.1,ESTIMABLE,ESTIMABLE,-1.2284942415160398,-1.2284942415160398,"[-1.386627172338184, -1.0199333187203614]","[-1.8930817334608703, -0.863493384715385]",0.0,0.0004,True,True,UNCERTAINTY_WIDENED_INTERPRETATION_UNCHANGED,sensitivity CI is wider; interpretation otherwise unchanged
H4|ERROR_CAPTURE|banglaclick:youtube|ebm|42|0.1,ESTIMABLE,ESTIMABLE,-0.01766416952402619,-0.01766416952402619,"[-0.08446762799299434, 0.06189063638990634]","[-0.10449266033251081, 0.06777619896439992]",0.6548,0.6388,True,True,UNCERTAINTY_WIDENED_INTERPRETATION_UNCHANGED,sensitivity CI is wider; interpretation otherwise unchanged
H4|AURC|banglaclick:youtube|ebm|42|0.1,ESTIMABLE,ESTIMABLE,0.07526889549176516,0.07526889549176516,"[-0.06631056285409224, 0.4680017760845875]","[-0.08177202886414958, 0.47440503729923794]",0.4512,0.4564,True,True,UNCERTAINTY_WIDENED_INTERPRETATION_UNCHANGED,sensitivity CI is wider; interpretation otherwise unchanged
H4|LIFT|banglaclick:youtube|ebm|42|0.2,ESTIMABLE,ESTIMABLE,-0.92756829467956,-0.92756829467956,"[-1.0494810266518326, -0.7530577958594228]","[-1.3334071131879555, -0.652163890970431]",0.0,0.0004,True,True,UNCERTAINTY_WIDENED_INTERPRETATION_UNCHANGED,sensitivity CI is wider; interpretation otherwise unchanged
H4|ERROR_CAPTURE|banglaclick:youtube|ebm|42|0.2,ESTIMABLE,ESTIMABLE,-0.008219445211823773,-0.008219445211823773,"[-0.13556623959197878, 0.1088341002675682]","[-0.14555123373372922, 0.11284743795491235]",0.8008,0.782,True,True,UNCERTAINTY_WIDENED_INTERPRETATION_UNCHANGED,sensitivity CI is wider; interpretation otherwise unchanged
H4|AURC|banglaclick:youtube|ebm|42|0.2,ESTIMABLE,ESTIMABLE,0.07526889549176516,0.07526889549176516,"[-0.06631056285409224, 0.4680017760845875]","[-0.08177202886414958, 0.47440503729923794]",0.4512,0.4564,True,True,UNCERTAINTY_WIDENED_INTERPRETATION_UNCHANGED,sensitivity CI is wider; interpretation otherwise unchanged
H4|LIFT|banglaclick:youtube|ebm|137|0.05,ESTIMABLE,ESTIMABLE,-1.440068338047691,-1.440068338047691,"[-1.6508561581096284, -1.2094164408667893]","[-2.229571852663981, -0.9958907139393978]",0.0,0.0,True,True,UNCERTAINTY_WIDENED_INTERPRETATION_UNCHANGED,sensitivity CI is wider; interpretation otherwise unchanged
H4|ERROR_CAPTURE|banglaclick:youtube|ebm|137|0.05,ESTIMABLE,ESTIMABLE,-0.020942203688017205,-0.020942203688017205,"[-0.05214994045028048, 0.018210312218579962]","[-0.06269748841147457, 0.020130370252798343]",0.3024,0.3148,True,True,UNCERTAINTY_WIDENED_INTERPRETATION_UNCHANGED,sensitivity CI is wider; interpretation otherwise unchanged
H4|AURC|banglaclick:youtube|ebm|137|0.05,ESTIMABLE,ESTIMABLE,0.07523475094331472,0.07523475094331472,"[-0.06701391813765771, 0.4598083770211051]","[-0.07922792206541943, 0.4742491563076345]",0.4564,0.464,True,True,UNCERTAINTY_WIDENED_INTERPRETATION_UNCHANGED,sensitivity CI is wider; interpretation otherwise unchanged
H4|LIFT|banglaclick:youtube|ebm|137|0.1,ESTIMABLE,ESTIMABLE,-1.2179905629648229,-1.2179905629648229,"[-1.3774531183970875, -1.0208711323372486]","[-1.8769526073665836, -0.8614441036528641]",0.0,0.0,True,True,UNCERTAINTY_WIDENED_INTERPRETATION_UNCHANGED,sensitivity CI is wider; interpretation otherwise unchanged
H4|ERROR_CAPTURE|banglaclick:youtube|ebm|137|0.1,ESTIMABLE,ESTIMABLE,-0.012445429074086162,-0.012445429074086162,"[-0.08668704357711883, 0.0608888503360073]","[-0.10722885933401269, 0.0661437255388798]",0.6416,0.6316,True,True,UNCERTAINTY_WIDENED_INTERPRETATION_UNCHANGED,sensitivity CI is wider; interpretation otherwise unchanged
H4|AURC|banglaclick:youtube|ebm|137|0.1,ESTIMABLE,ESTIMABLE,0.07523475094331472,0.07523475094331472,"[-0.06701391813765771, 0.4598083770211051]","[-0.07922792206541943, 0.4742491563076345]",0.4564,0.464,True,True,UNCERTAINTY_WIDENED_INTERPRETATION_UNCHANGED,sensitivity CI is wider; interpretation otherwise unchanged
H4|LIFT|banglaclick:youtube|ebm|137|0.2,ESTIMABLE,ESTIMABLE,-0.92756829467956,-0.92756829467956,"[-1.0412025527807196, -0.7570630432648112]","[-1.3322583281496108, -0.6474853499198838]",0.0,0.0,True,True,UNCERTAINTY_WIDENED_INTERPRETATION_UNCHANGED,sensitivity CI is wider; interpretation otherwise unchanged
H4|ERROR_CAPTURE|banglaclick:youtube|ebm|137|0.2,ESTIMABLE,ESTIMABLE,-0.009923763602006919,-0.009923763602006919,"[-0.13476894389167762, 0.10906364514851459]","[-0.1440493701704212, 0.11284984760714852]",0.8008,0.7964,True,True,UNCERTAINTY_WIDENED_INTERPRETATION_UNCHANGED,sensitivity CI is wider; interpretation otherwise unchanged
H4|AURC|banglaclick:youtube|ebm|137|0.2,ESTIMABLE,ESTIMABLE,0.07523475094331472,0.07523475094331472,"[-0.06701391813765771, 0.4598083770211051]","[-0.07922792206541943, 0.4742491563076345]",0.4564,0.464,True,True,UNCERTAINTY_WIDENED_INTERPRETATION_UNCHANGED,sensitivity CI is wider; interpretation otherwise unchanged
H4|LIFT|banglaclick:youtube|ebm|2718|0.05,ESTIMABLE,ESTIMABLE,-1.440068338047691,-1.440068338047691,"[-1.6580327987979682, -1.211019458430621]","[-2.2434422578329443, -0.9939720956776118]",0.0,0.0,True,True,UNCERTAINTY_WIDENED_INTERPRETATION_UNCHANGED,sensitivity CI is wider; interpretation otherwise unchanged
H4|ERROR_CAPTURE|banglaclick:youtube|ebm|2718|0.05,ESTIMABLE,ESTIMABLE,-0.012792108029433175,-0.012792108029433175,"[-0.041299661387543735, 0.02238576484705991]","[-0.05306286057005769, 0.02385161655477344]",0.4688,0.4988,True,True,UNCERTAINTY_WIDENED_INTERPRETATION_UNCHANGED,sensitivity CI is wider; interpretation otherwise unchanged
H4|AURC|banglaclick:youtube|ebm|2718|0.05,ESTIMABLE,ESTIMABLE,0.07555932516806807,0.07555932516806807,"[-0.0676984394845927, 0.4634659645445938]","[-0.08389685280798329, 0.4747648068047069]",0.442,0.4584,True,True,UNCERTAINTY_WIDENED_INTERPRETATION_UNCHANGED,sensitivity CI is wider; interpretation otherwise unchanged
H4|LIFT|banglaclick:youtube|ebm|2718|0.1,ESTIMABLE,ESTIMABLE,-1.2179905629648229,-1.2179905629648229,"[-1.380906810222886, -1.0168917640124135]","[-1.8843220275652879, -0.8651860104490154]",0.0,0.0,True,True,UNCERTAINTY_WIDENED_INTERPRETATION_UNCHANGED,sensitivity CI is wider; interpretation otherwise unchanged
H4|ERROR_CAPTURE|banglaclick:youtube|ebm|2718|0.1,ESTIMABLE,ESTIMABLE,-0.011158728875232476,-0.011158728875232476,"[-0.07963027318744505, 0.06683528957870358]","[-0.09895692439318289, 0.07097430120167185]",0.7192,0.6932,True,True,UNCERTAINTY_WIDENED_INTERPRETATION_UNCHANGED,sensitivity CI is wider; interpretation otherwise unchanged
H4|AURC|banglaclick:youtube|ebm|2718|0.1,ESTIMABLE,ESTIMABLE,0.07555932516806807,0.07555932516806807,"[-0.0676984394845927, 0.4634659645445938]","[-0.08389685280798329, 0.4747648068047069]",0.442,0.4584,True,True,UNCERTAINTY_WIDENED_INTERPRETATION_UNCHANGED,sensitivity CI is wider; interpretation otherwise unchanged
H4|LIFT|banglaclick:youtube|ebm|2718|0.2,ESTIMABLE,ESTIMABLE,-0.9328295627509953,-0.9328295627509953,"[-1.0475430309187574, -0.7500107466497967]","[-1.3292060706131454, -0.6492881820327915]",0.0,0.0,True,True,UNCERTAINTY_WIDENED_INTERPRETATION_UNCHANGED,sensitivity CI is wider; interpretation otherwise unchanged
H4|ERROR_CAPTURE|banglaclick:youtube|ebm|2718|0.2,ESTIMABLE,ESTIMABLE,-0.007245087733484257,-0.007245087733484257,"[-0.1341554529833801, 0.10843095239343943]","[-0.1441959975781302, 0.11339264750934158]",0.8476,0.8276,True,True,UNCERTAINTY_WIDENED_INTERPRETATION_UNCHANGED,sensitivity CI is wider; interpretation otherwise unchanged
H4|AURC|banglaclick:youtube|ebm|2718|0.2,ESTIMABLE,ESTIMABLE,0.07555932516806807,0.07555932516806807,"[-0.0676984394845927, 0.4634659645445938]","[-0.08389685280798329, 0.4747648068047069]",0.442,0.4584,True,True,UNCERTAINTY_WIDENED_INTERPRETATION_UNCHANGED,sensitivity CI is wider; interpretation otherwise unchanged
H4|LIFT|banglaclick:youtube|ebm|31415|0.05,ESTIMABLE,ESTIMABLE,-1.440068338047691,-1.440068338047691,"[-1.6535749496216314, -1.209335660079353]","[-2.208149400628841, -1.0059292543247618]",0.0,0.0,True,True,UNCERTAINTY_WIDENED_INTERPRETATION_UNCHANGED,sensitivity CI is wider; interpretation otherwise unchanged
H4|ERROR_CAPTURE|banglaclick:youtube|ebm|31415|0.05,ESTIMABLE,ESTIMABLE,-0.015050416626138832,-0.015050416626138832,"[-0.043672314042914634, 0.02215716798238387]","[-0.055300083975294734, 0.024257104433604505]",0.4212,0.3996,True,True,UNCERTAINTY_WIDENED_INTERPRETATION_UNCHANGED,sensitivity CI is wider; interpretation otherwise unchanged
H4|AURC|banglaclick:youtube|ebm|31415|0.05,ESTIMABLE,ESTIMABLE,0.07530179581091004,0.07530179581091004,"[-0.06929720342213208, 0.46586191831587653]","[-0.08185841049083696, 0.4671412430933336]",0.4676,0.4464,True,True,UNCERTAINTY_WIDENED_INTERPRETATION_UNCHANGED,sensitivity CI is wider; interpretation otherwise unchanged
H4|LIFT|banglaclick:youtube|ebm|31415|0.1,ESTIMABLE,ESTIMABLE,-1.2179905629648229,-1.2179905629648229,"[-1.385215293141866, -1.0140839225439489]","[-1.8750202946591172, -0.8683844067765638]",0.0,0.0,True,True,UNCERTAINTY_WIDENED_INTERPRETATION_UNCHANGED,sensitivity CI is wider; interpretation otherwise unchanged
H4|ERROR_CAPTURE|banglaclick:youtube|ebm|31415|0.1,ESTIMABLE,ESTIMABLE,-0.013195862918652546,-0.013195862918652546,"[-0.08086647209706571, 0.067982624578935]","[-0.10275596413608876, 0.07027819878430179]",0.7004,0.6564,True,True,UNCERTAINTY_WIDENED_INTERPRETATION_UNCHANGED,sensitivity CI is wider; interpretation otherwise unchanged
H4|AURC|banglaclick:youtube|ebm|31415|0.1,ESTIMABLE,ESTIMABLE,0.07530179581091004,0.07530179581091004,"[-0.06929720342213208, 0.46586191831587653]","[-0.08185841049083696, 0.4671412430933336]",0.4676,0.4464,True,True,UNCERTAINTY_WIDENED_INTERPRETATION_UNCHANGED,sensitivity CI is wider; interpretation otherwise unchanged
H4|LIFT|banglaclick:youtube|ebm|31415|0.2,ESTIMABLE,ESTIMABLE,-0.92756829467956,-0.92756829467956,"[-1.0489487371257757, -0.7603701128757507]","[-1.327280871276237, -0.6488590112661718]",0.0,0.0,True,True,UNCERTAINTY_WIDENED_INTERPRETATION_UNCHANGED,sensitivity CI is wider; interpretation otherwise unchanged
H4|ERROR_CAPTURE|banglaclick:youtube|ebm|31415|0.2,ESTIMABLE,ESTIMABLE,-0.008938819181013524,-0.008938819181013524,"[-0.13174332719947665, 0.11030105317495237]","[-0.14773651309229496, 0.11421274946955756]",0.8432,0.7956,True,True,UNCERTAINTY_WIDENED_INTERPRETATION_UNCHANGED,sensitivity CI is wider; interpretation otherwise unchanged
H4|AURC|banglaclick:youtube|ebm|31415|0.2,ESTIMABLE,ESTIMABLE,0.07530179581091004,0.07530179581091004,"[-0.06929720342213208, 0.46586191831587653]","[-0.08185841049083696, 0.4671412430933336]",0.4676,0.4464,True,True,UNCERTAINTY_WIDENED_INTERPRETATION_UNCHANGED,sensitivity CI is wider; interpretation otherwise unchanged
H4|LIFT|banglaclick:youtube|ebm|65537|0.05,ESTIMABLE,ESTIMABLE,-1.440068338047691,-1.440068338047691,"[-1.6554994028595609, -1.2021594208182134]","[-2.230639283493525, -0.9948624395742476]",0.0,0.0,True,True,UNCERTAINTY_WIDENED_INTERPRETATION_UNCHANGED,sensitivity CI is wider; interpretation otherwise unchanged
H4|ERROR_CAPTURE|banglaclick:youtube|ebm|65537|0.05,ESTIMABLE,ESTIMABLE,-0.012792108029433175,-0.012792108029433175,"[-0.038045594809420456, 0.02373026398118596]","[-0.05064066346546954, 0.02500998995631343]",0.4804,0.504,True,True,UNCERTAINTY_WIDENED_INTERPRETATION_UNCHANGED,sensitivity CI is wider; interpretation otherwise unchanged
H4|AURC|banglaclick:youtube|ebm|65537|0.05,ESTIMABLE,ESTIMABLE,0.07542007062635955,0.07542007062635955,"[-0.06972244597682134, 0.4680082346408245]","[-0.0879961682514687, 0.4758802707600203]",0.466,0.4656,True,True,UNCERTAINTY_WIDENED_INTERPRETATION_UNCHANGED,sensitivity CI is wider; interpretation otherwise unchanged
H4|LIFT|banglaclick:youtube|ebm|65537|0.1,ESTIMABLE,ESTIMABLE,-1.2179905629648229,-1.2179905629648229,"[-1.380708370977835, -1.0048383354770296]","[-1.895281373204831, -0.8635354484311214]",0.0,0.0,True,True,UNCERTAINTY_WIDENED_INTERPRETATION_UNCHANGED,sensitivity CI is wider; interpretation otherwise unchanged
H4|ERROR_CAPTURE|banglaclick:youtube|ebm|65537|0.1,ESTIMABLE,ESTIMABLE,-0.009816446996037842,-0.009816446996037842,"[-0.07922969928450166, 0.06818410003650964]","[-0.09934833133205793, 0.07301259256846111]",0.7372,0.7132,True,True,UNCERTAINTY_WIDENED_INTERPRETATION_UNCHANGED,sensitivity CI is wider; interpretation otherwise unchanged
H4|AURC|banglaclick:youtube|ebm|65537|0.1,ESTIMABLE,ESTIMABLE,0.07542007062635955,0.07542007062635955,"[-0.06972244597682134, 0.4680082346408245]","[-0.0879961682514687, 0.4758802707600203]",0.466,0.4656,True,True,UNCERTAINTY_WIDENED_INTERPRETATION_UNCHANGED,sensitivity CI is wider; interpretation otherwise unchanged
H4|LIFT|banglaclick:youtube|ebm|65537|0.2,ESTIMABLE,ESTIMABLE,-0.92756829467956,-0.92756829467956,"[-1.0457463772227193, -0.7530330778221025]","[-1.3422675145682903, -0.6502320004320471]",0.0,0.0,True,True,UNCERTAINTY_WIDENED_INTERPRETATION_UNCHANGED,sensitivity CI is wider; interpretation otherwise unchanged
H4|ERROR_CAPTURE|banglaclick:youtube|ebm|65537|0.2,ESTIMABLE,ESTIMABLE,-0.007245087733484257,-0.007245087733484257,"[-0.1298805360609144, 0.11027044640155029]","[-0.14488464998755768, 0.11591970432857109]",0.8512,0.8296,True,True,UNCERTAINTY_WIDENED_INTERPRETATION_UNCHANGED,sensitivity CI is wider; interpretation otherwise unchanged
H4|AURC|banglaclick:youtube|ebm|65537|0.2,ESTIMABLE,ESTIMABLE,0.07542007062635955,0.07542007062635955,"[-0.06972244597682134, 0.4680082346408245]","[-0.0879961682514687, 0.4758802707600203]",0.466,0.4656,True,True,UNCERTAINTY_WIDENED_INTERPRETATION_UNCHANGED,sensitivity CI is wider; interpretation otherwise unchanged
H4|LIFT|banglaclick:youtube|tfidf_lr|42|0.05,ESTIMABLE,ESTIMABLE,-1.54472999218303,-1.54472999218303,"[-1.7578975860427215, -1.3382273589952352]","[-2.3899524600387, -1.079144907366739]",0.0,0.0,True,True,UNCERTAINTY_WIDENED_INTERPRETATION_UNCHANGED,sensitivity CI is wider; interpretation otherwise unchanged
H4|ERROR_CAPTURE|banglaclick:youtube|tfidf_lr|42|0.05,ESTIMABLE,ESTIMABLE,-0.044933799821636825,-0.044933799821636825,"[-0.07264813054374225, -0.0265372245551892]","[-0.08813059315538711, -0.02255531711213509]",0.0004,0.0004,True,True,UNCERTAINTY_WIDENED_INTERPRETATION_UNCHANGED,sensitivity CI is wider; interpretation otherwise unchanged
H4|AURC|banglaclick:youtube|tfidf_lr|42|0.05,ESTIMABLE,ESTIMABLE,0.4891573105663124,0.4891573105663124,"[0.3749135286010948, 0.6109796428780915]","[0.3688882890557383, 0.6287089482203092]",0.0,0.0,True,True,UNCERTAINTY_WIDENED_INTERPRETATION_UNCHANGED,sensitivity CI is wider; interpretation otherwise unchanged
H4|LIFT|banglaclick:youtube|tfidf_lr|42|0.1,ESTIMABLE,ESTIMABLE,-1.4070567768867244,-1.4070567768867244,"[-1.5655050864749855, -1.2048673966338785]","[-2.0772155814776343, -0.993988495474823]",0.0,0.0,True,True,UNCERTAINTY_WIDENED_INTERPRETATION_UNCHANGED,sensitivity CI is wider; interpretation otherwise unchanged
H4|ERROR_CAPTURE|banglaclick:youtube|tfidf_lr|42|0.1,ESTIMABLE,ESTIMABLE,-0.09558110134360391,-0.09558110134360391,"[-0.1286901642257226, -0.07043884110807813]","[-0.16498972783879415, -0.06240990359126781]",0.0004,0.0004,True,True,UNCERTAINTY_WIDENED_INTERPRETATION_UNCHANGED,sensitivity CI is wider; interpretation otherwise unchanged
H4|AURC|banglaclick:youtube|tfidf_lr|42|0.1,ESTIMABLE,ESTIMABLE,0.4891573105663124,0.4891573105663124,"[0.3749135286010948, 0.6109796428780915]","[0.3688882890557383, 0.6287089482203092]",0.0,0.0,True,True,UNCERTAINTY_WIDENED_INTERPRETATION_UNCHANGED,sensitivity CI is wider; interpretation otherwise unchanged
H4|LIFT|banglaclick:youtube|tfidf_lr|42|0.2,ESTIMABLE,ESTIMABLE,-1.1169739452512313,-1.1169739452512313,"[-1.2356815702814687, -0.9626012394321459]","[-1.5234249287226853, -0.8122310398527359]",0.0,0.0,True,True,UNCERTAINTY_WIDENED_INTERPRETATION_UNCHANGED,sensitivity CI is wider; interpretation otherwise unchanged
H4|ERROR_CAPTURE|banglaclick:youtube|tfidf_lr|42|0.2,ESTIMABLE,ESTIMABLE,-0.1797351992865473,-0.1797351992865473,"[-0.22220397981673207, -0.14005783406031808]","[-0.2640789448882796, -0.12400684110407441]",0.0004,0.0004,True,True,UNCERTAINTY_WIDENED_INTERPRETATION_UNCHANGED,sensitivity CI is wider; interpretation otherwise unchanged
H4|AURC|banglaclick:youtube|tfidf_lr|42|0.2,ESTIMABLE,ESTIMABLE,0.4891573105663124,0.4891573105663124,"[0.3749135286010948, 0.6109796428780915]","[0.3688882890557383, 0.6287089482203092]",0.0,0.0,True,True,UNCERTAINTY_WIDENED_INTERPRETATION_UNCHANGED,sensitivity CI is wider; interpretation otherwise unchanged
H4|LIFT|banglaclick:youtube|tfidf_lr|137|0.05,ESTIMABLE,ESTIMABLE,-1.54472999218303,-1.54472999218303,"[-1.7577791120565556, -1.33690207853157]","[-2.458546289971747, -1.0812437375081656]",0.0,0.0004,True,True,UNCERTAINTY_WIDENED_INTERPRETATION_UNCHANGED,sensitivity CI is wider; interpretation otherwise unchanged
H4|ERROR_CAPTURE|banglaclick:youtube|tfidf_lr|137|0.05,ESTIMABLE,ESTIMABLE,-0.044933799821636825,-0.044933799821636825,"[-0.07189510023881725, -0.026517877934665948]","[-0.09005871785005778, -0.022123503558028525]",0.0,0.0008,True,True,UNCERTAINTY_WIDENED_INTERPRETATION_UNCHANGED,sensitivity CI is wider; interpretation otherwise unchanged
H4|AURC|banglaclick:youtube|tfidf_lr|137|0.05,ESTIMABLE,ESTIMABLE,0.4891573105663124,0.4891573105663124,"[0.38332944068519637, 0.610668403360114]","[0.37027100979041927, 0.6268987622283945]",0.0,0.0,True,True,UNCERTAINTY_WIDENED_INTERPRETATION_UNCHANGED,sensitivity CI is wider; interpretation otherwise unchanged
H4|LIFT|banglaclick:youtube|tfidf_lr|137|0.1,ESTIMABLE,ESTIMABLE,-1.4070567768867244,-1.4070567768867244,"[-1.5639356067700503, -1.2027591358780771]","[-2.1260107254482516, -0.9939751281743917]",0.0,0.0004,True,True,UNCERTAINTY_WIDENED_INTERPRETATION_UNCHANGED,sensitivity CI is wider; interpretation otherwise unchanged
H4|ERROR_CAPTURE|banglaclick:youtube|tfidf_lr|137|0.1,ESTIMABLE,ESTIMABLE,-0.09558110134360391,-0.09558110134360391,"[-0.12687102833953934, -0.07094395115511262]","[-0.16921425009134497, -0.0616495832603096]",0.0,0.0008,True,True,UNCERTAINTY_WIDENED_INTERPRETATION_UNCHANGED,sensitivity CI is wider; interpretation otherwise unchanged
H4|AURC|banglaclick:youtube|tfidf_lr|137|0.1,ESTIMABLE,ESTIMABLE,0.4891573105663124,0.4891573105663124,"[0.38332944068519637, 0.610668403360114]","[0.37027100979041927, 0.6268987622283945]",0.0,0.0,True,True,UNCERTAINTY_WIDENED_INTERPRETATION_UNCHANGED,sensitivity CI is wider; interpretation otherwise unchanged
H4|LIFT|banglaclick:youtube|tfidf_lr|137|0.2,ESTIMABLE,ESTIMABLE,-1.1169739452512313,-1.1169739452512313,"[-1.2389273123231623, -0.9576009441903818]","[-1.5541134983868863, -0.8132866960882451]",0.0,0.0,True,True,UNCERTAINTY_WIDENED_INTERPRETATION_UNCHANGED,sensitivity CI is wider; interpretation otherwise unchanged
H4|ERROR_CAPTURE|banglaclick:youtube|tfidf_lr|137|0.2,ESTIMABLE,ESTIMABLE,-0.1797351992865473,-0.1797351992865473,"[-0.22068672502336, -0.1399798820962045]","[-0.2682740188673579, -0.12341208278569951]",0.0,0.0004,True,True,UNCERTAINTY_WIDENED_INTERPRETATION_UNCHANGED,sensitivity CI is wider; interpretation otherwise unchanged
H4|AURC|banglaclick:youtube|tfidf_lr|137|0.2,ESTIMABLE,ESTIMABLE,0.4891573105663124,0.4891573105663124,"[0.38332944068519637, 0.610668403360114]","[0.37027100979041927, 0.6268987622283945]",0.0,0.0,True,True,UNCERTAINTY_WIDENED_INTERPRETATION_UNCHANGED,sensitivity CI is wider; interpretation otherwise unchanged
H4|LIFT|banglaclick:youtube|tfidf_lr|2718|0.05,ESTIMABLE,ESTIMABLE,-1.54472999218303,-1.54472999218303,"[-1.7574775065880819, -1.3309417404264938]","[-2.4234324495393476, -1.0788019958482225]",0.0,0.0,True,True,UNCERTAINTY_WIDENED_INTERPRETATION_UNCHANGED,sensitivity CI is wider; interpretation otherwise unchanged
H4|ERROR_CAPTURE|banglaclick:youtube|tfidf_lr|2718|0.05,ESTIMABLE,ESTIMABLE,-0.044933799821636825,-0.044933799821636825,"[-0.07232380520975168, -0.025633489840682967]","[-0.0911396029520817, -0.02298070098215969]",0.0,0.0,True,True,UNCERTAINTY_WIDENED_INTERPRETATION_UNCHANGED,sensitivity CI is wider; interpretation otherwise unchanged
H4|AURC|banglaclick:youtube|tfidf_lr|2718|0.05,ESTIMABLE,ESTIMABLE,0.4891573105663124,0.4891573105663124,"[0.3808622802069967, 0.6119370422871035]","[0.3677947756257827, 0.6284324808812228]",0.0,0.0,True,True,UNCERTAINTY_WIDENED_INTERPRETATION_UNCHANGED,sensitivity CI is wider; interpretation otherwise unchanged
H4|LIFT|banglaclick:youtube|tfidf_lr|2718|0.1,ESTIMABLE,ESTIMABLE,-1.4070567768867244,-1.4070567768867244,"[-1.5646730382843668, -1.2003668383840655]","[-2.0865563890174346, -0.9963804976510818]",0.0,0.0,True,True,UNCERTAINTY_WIDENED_INTERPRETATION_UNCHANGED,sensitivity CI is wider; interpretation otherwise unchanged
H4|ERROR_CAPTURE|banglaclick:youtube|tfidf_lr|2718|0.1,ESTIMABLE,ESTIMABLE,-0.09558110134360391,-0.09558110134360391,"[-0.12834468105229974, -0.07061570590424028]","[-0.17031631248191953, -0.06294264240655284]",0.0,0.0,True,True,UNCERTAINTY_WIDENED_INTERPRETATION_UNCHANGED,sensitivity CI is wider; interpretation otherwise unchanged
H4|AURC|banglaclick:youtube|tfidf_lr|2718|0.1,ESTIMABLE,ESTIMABLE,0.4891573105663124,0.4891573105663124,"[0.3808622802069967, 0.6119370422871035]","[0.3677947756257827, 0.6284324808812228]",0.0,0.0,True,True,UNCERTAINTY_WIDENED_INTERPRETATION_UNCHANGED,sensitivity CI is wider; interpretation otherwise unchanged
H4|LIFT|banglaclick:youtube|tfidf_lr|2718|0.2,ESTIMABLE,ESTIMABLE,-1.1169739452512313,-1.1169739452512313,"[-1.240714239225642, -0.9614224856990861]","[-1.5280014175084644, -0.8147461210739599]",0.0,0.0,True,True,UNCERTAINTY_WIDENED_INTERPRETATION_UNCHANGED,sensitivity CI is wider; interpretation otherwise unchanged
H4|ERROR_CAPTURE|banglaclick:youtube|tfidf_lr|2718|0.2,ESTIMABLE,ESTIMABLE,-0.1797351992865473,-0.1797351992865473,"[-0.22055726972913772, -0.13988347479816848]","[-0.267499564308897, -0.1242228326139031]",0.0,0.0,True,True,UNCERTAINTY_WIDENED_INTERPRETATION_UNCHANGED,sensitivity CI is wider; interpretation otherwise unchanged
H4|AURC|banglaclick:youtube|tfidf_lr|2718|0.2,ESTIMABLE,ESTIMABLE,0.4891573105663124,0.4891573105663124,"[0.3808622802069967, 0.6119370422871035]","[0.3677947756257827, 0.6284324808812228]",0.0,0.0,True,True,UNCERTAINTY_WIDENED_INTERPRETATION_UNCHANGED,sensitivity CI is wider; interpretation otherwise unchanged
H4|LIFT|banglaclick:youtube|tfidf_lr|31415|0.05,ESTIMABLE,ESTIMABLE,-1.54472999218303,-1.54472999218303,"[-1.7668660220251766, -1.3354387263331318]","[-2.427649785203108, -1.0756442256594854]",0.0,0.0004,True,True,UNCERTAINTY_WIDENED_INTERPRETATION_UNCHANGED,sensitivity CI is wider; interpretation otherwise unchanged
H4|ERROR_CAPTURE|banglaclick:youtube|tfidf_lr|31415|0.05,ESTIMABLE,ESTIMABLE,-0.044933799821636825,-0.044933799821636825,"[-0.0728779149327124, -0.025770515079161945]","[-0.09041479966655734, -0.02250170155385295]",0.0004,0.0012,True,True,UNCERTAINTY_WIDENED_INTERPRETATION_UNCHANGED,sensitivity CI is wider; interpretation otherwise unchanged
H4|AURC|banglaclick:youtube|tfidf_lr|31415|0.05,ESTIMABLE,ESTIMABLE,0.4891573105663124,0.4891573105663124,"[0.38032308107313617, 0.6122944478322135]","[0.3686797433189784, 0.6271224664416827]",0.0,0.0,True,True,UNCERTAINTY_WIDENED_INTERPRETATION_UNCHANGED,sensitivity CI is wider; interpretation otherwise unchanged
H4|LIFT|banglaclick:youtube|tfidf_lr|31415|0.1,ESTIMABLE,ESTIMABLE,-1.4070567768867244,-1.4070567768867244,"[-1.5651395112662552, -1.207225083203499]","[-2.0872060677836215, -0.996719512136897]",0.0004,0.0004,True,True,UNCERTAINTY_WIDENED_INTERPRETATION_UNCHANGED,sensitivity CI is wider; interpretation otherwise unchanged
H4|ERROR_CAPTURE|banglaclick:youtube|tfidf_lr|31415|0.1,ESTIMABLE,ESTIMABLE,-0.09558110134360391,-0.09558110134360391,"[-0.1281741879212717, -0.07105695618925315]","[-0.16762597427954332, -0.06119413660641915]",0.0008,0.0008,True,True,UNCERTAINTY_WIDENED_INTERPRETATION_UNCHANGED,sensitivity CI is wider; interpretation otherwise unchanged
H4|AURC|banglaclick:youtube|tfidf_lr|31415|0.1,ESTIMABLE,ESTIMABLE,0.4891573105663124,0.4891573105663124,"[0.38032308107313617, 0.6122944478322135]","[0.3686797433189784, 0.6271224664416827]",0.0,0.0,True,True,UNCERTAINTY_WIDENED_INTERPRETATION_UNCHANGED,sensitivity CI is wider; interpretation otherwise unchanged
H4|LIFT|banglaclick:youtube|tfidf_lr|31415|0.2,ESTIMABLE,ESTIMABLE,-1.1169739452512313,-1.1169739452512313,"[-1.2449901830676189, -0.9598200002001602]","[-1.5182736716531584, -0.8146185918820579]",0.0,0.0,True,True,UNCERTAINTY_WIDENED_INTERPRETATION_UNCHANGED,sensitivity CI is wider; interpretation otherwise unchanged
H4|ERROR_CAPTURE|banglaclick:youtube|tfidf_lr|31415|0.2,ESTIMABLE,ESTIMABLE,-0.1797351992865473,-0.1797351992865473,"[-0.22050184770463907, -0.13950612218466785]","[-0.26626642489503954, -0.12228502403592789]",0.0008,0.0004,True,True,UNCERTAINTY_WIDENED_INTERPRETATION_UNCHANGED,sensitivity CI is wider; interpretation otherwise unchanged
H4|AURC|banglaclick:youtube|tfidf_lr|31415|0.2,ESTIMABLE,ESTIMABLE,0.4891573105663124,0.4891573105663124,"[0.38032308107313617, 0.6122944478322135]","[0.3686797433189784, 0.6271224664416827]",0.0,0.0,True,True,UNCERTAINTY_WIDENED_INTERPRETATION_UNCHANGED,sensitivity CI is wider; interpretation otherwise unchanged
H4|LIFT|banglaclick:youtube|tfidf_lr|65537|0.05,ESTIMABLE,ESTIMABLE,-1.54472999218303,-1.54472999218303,"[-1.7588320848954275, -1.3354815719715503]","[-2.4422200355941186, -1.0760714351555523]",0.0,0.0,True,True,UNCERTAINTY_WIDENED_INTERPRETATION_UNCHANGED,sensitivity CI is wider; interpretation otherwise unchanged
H4|ERROR_CAPTURE|banglaclick:youtube|tfidf_lr|65537|0.05,ESTIMABLE,ESTIMABLE,-0.044933799821636825,-0.044933799821636825,"[-0.07213547477073572, -0.026371328384800986]","[-0.09052928237857177, -0.021726719316785898]",0.0008,0.0008,True,True,UNCERTAINTY_WIDENED_INTERPRETATION_UNCHANGED,sensitivity CI is wider; interpretation otherwise unchanged
H4|AURC|banglaclick:youtube|tfidf_lr|65537|0.05,ESTIMABLE,ESTIMABLE,0.4891573105663124,0.4891573105663124,"[0.38445014618101025, 0.6104938950927886]","[0.3674978237386906, 0.6288548473110561]",0.0,0.0,True,True,UNCERTAINTY_WIDENED_INTERPRETATION_UNCHANGED,sensitivity CI is wider; interpretation otherwise unchanged
H4|LIFT|banglaclick:youtube|tfidf_lr|65537|0.1,ESTIMABLE,ESTIMABLE,-1.4070567768867244,-1.4070567768867244,"[-1.5671164553459567, -1.2050382323983102]","[-2.1194710785325435, -0.9947154530807814]",0.0,0.0,True,True,UNCERTAINTY_WIDENED_INTERPRETATION_UNCHANGED,sensitivity CI is wider; interpretation otherwise unchanged
H4|ERROR_CAPTURE|banglaclick:youtube|tfidf_lr|65537|0.1,ESTIMABLE,ESTIMABLE,-0.09558110134360391,-0.09558110134360391,"[-0.12888717813558892, -0.07043098712186735]","[-0.16699761285067358, -0.06229793738493245]",0.0008,0.0008,True,True,UNCERTAINTY_WIDENED_INTERPRETATION_UNCHANGED,sensitivity CI is wider; interpretation otherwise unchanged
H4|AURC|banglaclick:youtube|tfidf_lr|65537|0.1,ESTIMABLE,ESTIMABLE,0.4891573105663124,0.4891573105663124,"[0.38445014618101025, 0.6104938950927886]","[0.3674978237386906, 0.6288548473110561]",0.0,0.0,True,True,UNCERTAINTY_WIDENED_INTERPRETATION_UNCHANGED,sensitivity CI is wider; interpretation otherwise unchanged
H4|LIFT|banglaclick:youtube|tfidf_lr|65537|0.2,ESTIMABLE,ESTIMABLE,-1.1169739452512313,-1.1169739452512313,"[-1.2379026173870105, -0.9647951570204819]","[-1.5332715208160892, -0.8128733297276131]",0.0,0.0,True,True,UNCERTAINTY_WIDENED_INTERPRETATION_UNCHANGED,sensitivity CI is wider; interpretation otherwise unchanged
H4|ERROR_CAPTURE|banglaclick:youtube|tfidf_lr|65537|0.2,ESTIMABLE,ESTIMABLE,-0.1797351992865473,-0.1797351992865473,"[-0.22233136519760288, -0.1399284134320618]","[-0.2647472969932197, -0.12369993897771367]",0.0004,0.0004,True,True,UNCERTAINTY_WIDENED_INTERPRETATION_UNCHANGED,sensitivity CI is wider; interpretation otherwise unchanged
H4|AURC|banglaclick:youtube|tfidf_lr|65537|0.2,ESTIMABLE,ESTIMABLE,0.4891573105663124,0.4891573105663124,"[0.38445014618101025, 0.6104938950927886]","[0.3674978237386906, 0.6288548473110561]",0.0,0.0,True,True,UNCERTAINTY_WIDENED_INTERPRETATION_UNCHANGED,sensitivity CI is wider; interpretation otherwise unchanged
H4|LIFT|banglaclick:youtube|banglabert|42|0.05,ESTIMABLE,ESTIMABLE,-1.6917602043694444,-1.6917602043694444,"[-1.897865892886365, -1.4690684917870114]","[-2.518494148550613, -1.202918804698125]",0.0,0.0,True,True,UNCERTAINTY_WIDENED_INTERPRETATION_UNCHANGED,sensitivity CI is wider; interpretation otherwise unchanged
H4|ERROR_CAPTURE|banglaclick:youtube|banglabert|42|0.05,ESTIMABLE,ESTIMABLE,-0.06597474554835084,-0.06597474554835084,"[-0.09667169313954586, -0.0352708918937134]","[-0.10626548309339642, -0.033864721351095986]",0.0052,0.006,True,True,UNCERTAINTY_WIDENED_INTERPRETATION_UNCHANGED,sensitivity CI is wider; interpretation otherwise unchanged
H4|AURC|banglaclick:youtube|banglabert|42|0.05,ESTIMABLE,ESTIMABLE,0.48850568141523176,0.48850568141523176,"[0.3343669540511437, 0.6458232053189444]","[0.3229279365924098, 0.6492296490031647]",0.0,0.0,True,True,UNCERTAINTY_WIDENED_INTERPRETATION_UNCHANGED,sensitivity CI is wider; interpretation otherwise unchanged
H4|LIFT|banglaclick:youtube|banglabert|42|0.1,ESTIMABLE,ESTIMABLE,-1.5438190331133297,-1.5438190331133297,"[-1.7102212556547247, -1.3418310593088905]","[-2.2009285007634114, -1.1142159563964273]",0.0,0.0,True,True,UNCERTAINTY_WIDENED_INTERPRETATION_UNCHANGED,sensitivity CI is wider; interpretation otherwise unchanged
H4|ERROR_CAPTURE|banglaclick:youtube|banglabert|42|0.1,ESTIMABLE,ESTIMABLE,-0.1286330877481782,-0.1286330877481782,"[-0.1751819611498599, -0.08753280295399861]","[-0.21057552281748806, -0.07773816139310294]",0.0024,0.002,True,True,UNCERTAINTY_WIDENED_INTERPRETATION_UNCHANGED,sensitivity CI is wider; interpretation otherwise unchanged
H4|AURC|banglaclick:youtube|banglabert|42|0.1,ESTIMABLE,ESTIMABLE,0.48850568141523176,0.48850568141523176,"[0.3343669540511437, 0.6458232053189444]","[0.3229279365924098, 0.6492296490031647]",0.0,0.0,True,True,UNCERTAINTY_WIDENED_INTERPRETATION_UNCHANGED,sensitivity CI is wider; interpretation otherwise unchanged
H4|LIFT|banglaclick:youtube|banglabert|42|0.2,ESTIMABLE,ESTIMABLE,-1.3485675291289525,-1.3485675291289525,"[-1.4766279373292415, -1.1651036038134972]","[-1.8332785439792059, -1.0066227585413796]",0.0,0.0,True,True,UNCERTAINTY_WIDENED_INTERPRETATION_UNCHANGED,sensitivity CI is wider; interpretation otherwise unchanged
H4|ERROR_CAPTURE|banglaclick:youtube|banglabert|42|0.2,ESTIMABLE,ESTIMABLE,-0.2569128540742377,-0.2569128540742377,"[-0.3226455609012514, -0.18458135035177553]","[-0.3607065379642693, -0.16186902722487953]",0.0008,0.0004,True,True,UNCERTAINTY_WIDENED_INTERPRETATION_UNCHANGED,sensitivity CI is wider; interpretation otherwise unchanged
H4|AURC|banglaclick:youtube|banglabert|42|0.2,ESTIMABLE,ESTIMABLE,0.48850568141523176,0.48850568141523176,"[0.3343669540511437, 0.6458232053189444]","[0.3229279365924098, 0.6492296490031647]",0.0,0.0,True,True,UNCERTAINTY_WIDENED_INTERPRETATION_UNCHANGED,sensitivity CI is wider; interpretation otherwise unchanged
H4|LIFT|banglaclick:youtube|banglabert|137|0.05,ESTIMABLE,ESTIMABLE,-1.649895542715309,-1.649895542715309,"[-1.8239977233645348, -1.4001053984823377]","[-2.4502095471211573, -1.1483553006475586]",0.0,0.0,True,True,UNCERTAINTY_WIDENED_INTERPRETATION_UNCHANGED,sensitivity CI is wider; interpretation otherwise unchanged
H4|ERROR_CAPTURE|banglaclick:youtube|banglabert|137|0.05,ESTIMABLE,ESTIMABLE,-0.06817069160790618,-0.06817069160790618,"[-0.10035290910120129, -0.04338590936072002]","[-0.10890423090616073, -0.03737102624481824]",0.0008,0.0,True,True,UNCERTAINTY_WIDENED_INTERPRETATION_UNCHANGED,sensitivity CI is wider; interpretation otherwise unchanged
H4|AURC|banglaclick:youtube|banglabert|137|0.05,ESTIMABLE,ESTIMABLE,0.5320582253878474,0.5320582253878474,"[0.410044371842831, 0.6369343314554586]","[0.3883733287310497, 0.6420899361122978]",0.0,0.0,True,True,UNCERTAINTY_WIDENED_INTERPRETATION_UNCHANGED,sensitivity CI is wider; interpretation otherwise unchanged
H4|LIFT|banglaclick:youtube|banglabert|137|0.1,ESTIMABLE,ESTIMABLE,-1.554537146725334,-1.554537146725334,"[-1.7203541858753992, -1.3423105892669058]","[-2.312649406881755, -1.112059455831511]",0.0,0.0,True,True,UNCERTAINTY_WIDENED_INTERPRETATION_UNCHANGED,sensitivity CI is wider; interpretation otherwise unchanged
H4|ERROR_CAPTURE|banglaclick:youtube|banglabert|137|0.1,ESTIMABLE,ESTIMABLE,-0.12527127251470532,-0.12527127251470532,"[-0.16490809696462658, -0.08708422926501952]","[-0.19337454494894638, -0.08632198191286766]",0.0,0.0,True,True,UNCERTAINTY_WIDENED_INTERPRETATION_UNCHANGED,sensitivity CI is wider; interpretation otherwise unchanged
H4|AURC|banglaclick:youtube|banglabert|137|0.1,ESTIMABLE,ESTIMABLE,0.5320582253878474,0.5320582253878474,"[0.410044371842831, 0.6369343314554586]","[0.3883733287310497, 0.6420899361122978]",0.0,0.0,True,True,UNCERTAINTY_WIDENED_INTERPRETATION_UNCHANGED,sensitivity CI is wider; interpretation otherwise unchanged
H4|LIFT|banglaclick:youtube|banglabert|137|0.2,ESTIMABLE,ESTIMABLE,-1.359090065271823,-1.359090065271823,"[-1.4852242687993866, -1.1914667298206671]","[-1.8661524612174392, -1.0248912359315205]",0.0,0.0,True,True,UNCERTAINTY_WIDENED_INTERPRETATION_UNCHANGED,sensitivity CI is wider; interpretation otherwise unchanged
H4|ERROR_CAPTURE|banglaclick:youtube|banglabert|137|0.2,ESTIMABLE,ESTIMABLE,-0.23528917467392496,-0.23528917467392496,"[-0.30158588669932496, -0.17929972617603868]","[-0.3434779888275544, -0.15847421904792536]",0.0,0.0004,True,True,UNCERTAINTY_WIDENED_INTERPRETATION_UNCHANGED,sensitivity CI is wider; interpretation otherwise unchanged
H4|AURC|banglaclick:youtube|banglabert|137|0.2,ESTIMABLE,ESTIMABLE,0.5320582253878474,0.5320582253878474,"[0.410044371842831, 0.6369343314554586]","[0.3883733287310497, 0.6420899361122978]",0.0,0.0,True,True,UNCERTAINTY_WIDENED_INTERPRETATION_UNCHANGED,sensitivity CI is wider; interpretation otherwise unchanged
H4|LIFT|banglaclick:youtube|banglabert|2718|0.05,ESTIMABLE,ESTIMABLE,-1.6075269846642326,-1.6075269846642326,"[-1.8009845853200221, -1.3797146222959762]","[-2.5111795655242233, -1.1569429207259343]",0.0,0.0,True,True,UNCERTAINTY_WIDENED_INTERPRETATION_UNCHANGED,sensitivity CI is wider; interpretation otherwise unchanged
H4|ERROR_CAPTURE|banglaclick:youtube|banglabert|2718|0.05,ESTIMABLE,ESTIMABLE,-0.056069403186605464,-0.056069403186605464,"[-0.07898189366331959, -0.025778796939795137]","[-0.09338268283798652, -0.02582870750116912]",0.0036,0.004,True,True,UNCERTAINTY_WIDENED_INTERPRETATION_UNCHANGED,sensitivity CI is wider; interpretation otherwise unchanged
H4|AURC|banglaclick:youtube|banglabert|2718|0.05,ESTIMABLE,ESTIMABLE,0.5359058013661457,0.5359058013661457,"[0.4125083495880031, 0.6568726929589603]","[0.40917617283019064, 0.662424219164357]",0.0,0.0,True,True,UNCERTAINTY_WIDENED_INTERPRETATION_UNCHANGED,sensitivity CI is wider; interpretation otherwise unchanged
H4|LIFT|banglaclick:youtube|banglabert|2718|0.1,ESTIMABLE,ESTIMABLE,-1.5751156337061925,-1.5751156337061925,"[-1.7457290253757283, -1.3824072135006173]","[-2.3210059661338347, -1.1357292644959]",0.0,0.0,True,True,UNCERTAINTY_WIDENED_INTERPRETATION_UNCHANGED,sensitivity CI is wider; interpretation otherwise unchanged
H4|ERROR_CAPTURE|banglaclick:youtube|banglabert|2718|0.1,ESTIMABLE,ESTIMABLE,-0.10618642542082997,-0.10618642542082997,"[-0.14980047830259632, -0.07159143382912896]","[-0.18327160561307784, -0.06211375072967665]",0.0008,0.0008,True,True,UNCERTAINTY_WIDENED_INTERPRETATION_UNCHANGED,sensitivity CI is wider; interpretation otherwise unchanged
H4|AURC|banglaclick:youtube|banglabert|2718|0.1,ESTIMABLE,ESTIMABLE,0.5359058013661457,0.5359058013661457,"[0.4125083495880031, 0.6568726929589603]","[0.40917617283019064, 0.662424219164357]",0.0,0.0,True,True,UNCERTAINTY_WIDENED_INTERPRETATION_UNCHANGED,sensitivity CI is wider; interpretation otherwise unchanged
H4|LIFT|banglaclick:youtube|banglabert|2718|0.2,ESTIMABLE,ESTIMABLE,-1.4011802098433057,-1.4011802098433057,"[-1.524954657176972, -1.2216718897388688]","[-1.8701566834246637, -1.040694850212208]",0.0,0.0,True,True,UNCERTAINTY_WIDENED_INTERPRETATION_UNCHANGED,sensitivity CI is wider; interpretation otherwise unchanged
H4|ERROR_CAPTURE|banglaclick:youtube|banglabert|2718|0.2,ESTIMABLE,ESTIMABLE,-0.2308863684099979,-0.2308863684099979,"[-0.2759431768983506, -0.17445137439389172]","[-0.3298787357416644, -0.16318143829635387]",0.0,0.0004,True,True,UNCERTAINTY_WIDENED_INTERPRETATION_UNCHANGED,sensitivity CI is wider; interpretation otherwise unchanged
H4|AURC|banglaclick:youtube|banglabert|2718|0.2,ESTIMABLE,ESTIMABLE,0.5359058013661457,0.5359058013661457,"[0.4125083495880031, 0.6568726929589603]","[0.40917617283019064, 0.662424219164357]",0.0,0.0,True,True,UNCERTAINTY_WIDENED_INTERPRETATION_UNCHANGED,sensitivity CI is wider; interpretation otherwise unchanged
H4|LIFT|banglaclick:youtube|banglabert|31415|0.05,ESTIMABLE,ESTIMABLE,-1.6917602043694444,-1.6917602043694444,"[-1.8991678287382476, -1.474154174926894]","[-2.473222373861347, -1.221200678283646]",0.0,0.0,True,True,UNCERTAINTY_WIDENED_INTERPRETATION_UNCHANGED,sensitivity CI is wider; interpretation otherwise unchanged
H4|ERROR_CAPTURE|banglaclick:youtube|banglabert|31415|0.05,ESTIMABLE,ESTIMABLE,-0.08336616655109375,-0.08336616655109375,"[-0.10806603133897641, -0.05910394729414326]","[-0.12032783668722849, -0.059883220121055]",0.0,0.0,True,True,UNCERTAINTY_WIDENED_INTERPRETATION_UNCHANGED,sensitivity CI is wider; interpretation otherwise unchanged
H4|AURC|banglaclick:youtube|banglabert|31415|0.05,ESTIMABLE,ESTIMABLE,0.4881288000068237,0.4881288000068237,"[0.34804794353974283, 0.6346995893671125]","[0.3384566317046664, 0.6380134777584214]",0.0,0.0,True,True,UNCERTAINTY_WIDENED_INTERPRETATION_UNCHANGED,sensitivity CI is wider; interpretation otherwise unchanged
H4|LIFT|banglaclick:youtube|banglabert|31415|0.1,ESTIMABLE,ESTIMABLE,-1.5440334681741175,-1.5440334681741175,"[-1.7201543604243852, -1.3456564415436063]","[-2.2707725810599393, -1.1388804647626867]",0.0,0.0,True,True,UNCERTAINTY_WIDENED_INTERPRETATION_UNCHANGED,sensitivity CI is wider; interpretation otherwise unchanged
H4|ERROR_CAPTURE|banglaclick:youtube|banglabert|31415|0.1,ESTIMABLE,ESTIMABLE,-0.15099208850784845,-0.15099208850784845,"[-0.18458317348231434, -0.1085286487727691]","[-0.20355157289776166, -0.09478036297083924]",0.0,0.0,True,True,UNCERTAINTY_WIDENED_INTERPRETATION_UNCHANGED,sensitivity CI is wider; interpretation otherwise unchanged
H4|AURC|banglaclick:youtube|banglabert|31415|0.1,ESTIMABLE,ESTIMABLE,0.4881288000068237,0.4881288000068237,"[0.34804794353974283, 0.6346995893671125]","[0.3384566317046664, 0.6380134777584214]",0.0,0.0,True,True,UNCERTAINTY_WIDENED_INTERPRETATION_UNCHANGED,sensitivity CI is wider; interpretation otherwise unchanged
H4|LIFT|banglaclick:youtube|banglabert|31415|0.2,ESTIMABLE,ESTIMABLE,-1.3485675291289525,-1.3485675291289525,"[-1.4778533015283601, -1.1761027213247721]","[-1.883598898880504, -1.0259153708781765]",0.0,0.0,True,True,UNCERTAINTY_WIDENED_INTERPRETATION_UNCHANGED,sensitivity CI is wider; interpretation otherwise unchanged
H4|ERROR_CAPTURE|banglaclick:youtube|banglabert|31415|0.2,ESTIMABLE,ESTIMABLE,-0.22787697787303787,-0.22787697787303787,"[-0.2930067353036215, -0.16999121113171692]","[-0.3343923447930115, -0.16201086138113407]",0.0,0.0,True,True,UNCERTAINTY_WIDENED_INTERPRETATION_UNCHANGED,sensitivity CI is wider; interpretation otherwise unchanged
H4|AURC|banglaclick:youtube|banglabert|31415|0.2,ESTIMABLE,ESTIMABLE,0.4881288000068237,0.4881288000068237,"[0.34804794353974283, 0.6346995893671125]","[0.3384566317046664, 0.6380134777584214]",0.0,0.0,True,True,UNCERTAINTY_WIDENED_INTERPRETATION_UNCHANGED,sensitivity CI is wider; interpretation otherwise unchanged
H4|LIFT|banglaclick:youtube|banglabert|65537|0.05,ESTIMABLE,ESTIMABLE,-1.649391646318368,-1.649391646318368,"[-1.866333675502306, -1.4341424497452484]","[-2.457998371203318, -1.184801827171036]",0.0,0.0,True,True,UNCERTAINTY_WIDENED_INTERPRETATION_UNCHANGED,sensitivity CI is wider; interpretation otherwise unchanged
H4|ERROR_CAPTURE|banglaclick:youtube|banglabert|65537|0.05,ESTIMABLE,ESTIMABLE,-0.0579971667566109,-0.0579971667566109,"[-0.08534900943827917, -0.02791163678522601]","[-0.08998919477459558, -0.029006861051130838]",0.002,0.0024,True,True,UNCERTAINTY_WIDENED_INTERPRETATION_UNCHANGED,sensitivity CI is wider; interpretation otherwise unchanged
H4|AURC|banglaclick:youtube|banglabert|65537|0.05,ESTIMABLE,ESTIMABLE,0.4703549664163368,0.4703549664163368,"[0.24056696042734918, 0.6276121965397475]","[0.2794500818035144, 0.6294097998451855]",0.0,0.0,True,True,CONCORDANT,canonical interpretation unchanged
H4|LIFT|banglaclick:youtube|banglabert|65537|0.1,ESTIMABLE,ESTIMABLE,-1.523026111071684,-1.523026111071684,"[-1.6911926029078501, -1.3185920924645287]","[-2.256735240794171, -1.110003321125737]",0.0,0.0,True,True,UNCERTAINTY_WIDENED_INTERPRETATION_UNCHANGED,sensitivity CI is wider; interpretation otherwise unchanged
H4|ERROR_CAPTURE|banglaclick:youtube|banglabert|65537|0.1,ESTIMABLE,ESTIMABLE,-0.12793443065299515,-0.12793443065299515,"[-0.16885440144439492, -0.0811328084264789]","[-0.18073357221720934, -0.07675294713026914]",0.0008,0.002,True,True,UNCERTAINTY_WIDENED_INTERPRETATION_UNCHANGED,sensitivity CI is wider; interpretation otherwise unchanged
H4|AURC|banglaclick:youtube|banglabert|65537|0.1,ESTIMABLE,ESTIMABLE,0.4703549664163368,0.4703549664163368,"[0.24056696042734918, 0.6276121965397475]","[0.2794500818035144, 0.6294097998451855]",0.0,0.0,True,True,CONCORDANT,canonical interpretation unchanged
H4|LIFT|banglaclick:youtube|banglabert|65537|0.2,ESTIMABLE,ESTIMABLE,-1.3485675291289525,-1.3485675291289525,"[-1.484531210572211, -1.1761559685931438]","[-1.866912296721161, -1.0203505578211898]",0.0,0.0,True,True,UNCERTAINTY_WIDENED_INTERPRETATION_UNCHANGED,sensitivity CI is wider; interpretation otherwise unchanged
H4|ERROR_CAPTURE|banglaclick:youtube|banglabert|65537|0.2,ESTIMABLE,ESTIMABLE,-0.24300121424716675,-0.24300121424716675,"[-0.2957824930600468, -0.18199458233648558]","[-0.3315478977039645, -0.17253945288593708]",0.0004,0.0004,True,True,UNCERTAINTY_WIDENED_INTERPRETATION_UNCHANGED,sensitivity CI is wider; interpretation otherwise unchanged
H4|AURC|banglaclick:youtube|banglabert|65537|0.2,ESTIMABLE,ESTIMABLE,0.4703549664163368,0.4703549664163368,"[0.24056696042734918, 0.6276121965397475]","[0.2794500818035144, 0.6294097998451855]",0.0,0.0,True,True,CONCORDANT,canonical interpretation unchanged
H4|LIFT|banglaclick:youtube|xlmr|42|0.05,ESTIMABLE,ESTIMABLE,-1.5656623230100977,-1.5656623230100977,"[-1.749946776665679, -1.3119509430429988]","[-2.5088454775833755, -1.0643045807037834]",0.0,0.0,True,True,UNCERTAINTY_WIDENED_INTERPRETATION_UNCHANGED,sensitivity CI is wider; interpretation otherwise unchanged
H4|ERROR_CAPTURE|banglaclick:youtube|xlmr|42|0.05,ESTIMABLE,ESTIMABLE,-0.0727300759678188,-0.0727300759678188,"[-0.09402026021776395, -0.04157442140156325]","[-0.10598870958340513, -0.039826667064567514]",0.0136,0.0076,True,True,UNCERTAINTY_WIDENED_INTERPRETATION_UNCHANGED,sensitivity CI is wider; interpretation otherwise unchanged
H4|AURC|banglaclick:youtube|xlmr|42|0.05,ESTIMABLE,ESTIMABLE,0.45727307125414096,0.45727307125414096,"[0.3328171248361807, 0.589249841588323]","[0.3339901776807526, 0.595306058683065]",0.0024,0.0008,True,True,UNCERTAINTY_WIDENED_INTERPRETATION_UNCHANGED,sensitivity CI is wider; interpretation otherwise unchanged
H4|LIFT|banglaclick:youtube|xlmr|42|0.1,ESTIMABLE,ESTIMABLE,-1.5751156337061925,-1.5751156337061925,"[-1.741492123729162, -1.384122128099882]","[-2.2361234095609803, -1.1228783502787163]",0.0,0.0,True,True,UNCERTAINTY_WIDENED_INTERPRETATION_UNCHANGED,sensitivity CI is wider; interpretation otherwise unchanged
H4|ERROR_CAPTURE|banglaclick:youtube|xlmr|42|0.1,ESTIMABLE,ESTIMABLE,-0.1314789897121072,-0.1314789897121072,"[-0.17155134953006285, -0.08670826125880046]","[-0.19815251278929613, -0.07901661776487647]",0.0076,0.0024,True,True,UNCERTAINTY_WIDENED_INTERPRETATION_UNCHANGED,sensitivity CI is wider; interpretation otherwise unchanged
H4|AURC|banglaclick:youtube|xlmr|42|0.1,ESTIMABLE,ESTIMABLE,0.45727307125414096,0.45727307125414096,"[0.3328171248361807, 0.589249841588323]","[0.3339901776807526, 0.595306058683065]",0.0024,0.0008,True,True,UNCERTAINTY_WIDENED_INTERPRETATION_UNCHANGED,sensitivity CI is wider; interpretation otherwise unchanged
H4|LIFT|banglaclick:youtube|xlmr|42|0.2,ESTIMABLE,ESTIMABLE,-1.3274246681086446,-1.3274246681086446,"[-1.4523885616594903, -1.159410512065913]","[-1.8342621441646487, -0.9920491011942121]",0.0,0.0,True,True,UNCERTAINTY_WIDENED_INTERPRETATION_UNCHANGED,sensitivity CI is wider; interpretation otherwise unchanged
H4|ERROR_CAPTURE|banglaclick:youtube|xlmr|42|0.2,ESTIMABLE,ESTIMABLE,-0.26164746446892606,-0.26164746446892606,"[-0.33397525865651567, -0.21498414348897485]","[-0.3574340098036111, -0.20570038102684224]",0.0,0.0,True,True,UNCERTAINTY_WIDENED_INTERPRETATION_UNCHANGED,sensitivity CI is wider; interpretation otherwise unchanged
H4|AURC|banglaclick:youtube|xlmr|42|0.2,ESTIMABLE,ESTIMABLE,0.45727307125414096,0.45727307125414096,"[0.3328171248361807, 0.589249841588323]","[0.3339901776807526, 0.595306058683065]",0.0024,0.0008,True,True,UNCERTAINTY_WIDENED_INTERPRETATION_UNCHANGED,sensitivity CI is wider; interpretation otherwise unchanged
H4|LIFT|banglaclick:youtube|xlmr|137|0.05,ESTIMABLE,ESTIMABLE,-1.586594653837165,-1.586594653837165,"[-1.778480126049536, -1.3420563437516266]","[-2.4336311203263765, -1.1390004158875453]",0.0,0.0,True,True,UNCERTAINTY_WIDENED_INTERPRETATION_UNCHANGED,sensitivity CI is wider; interpretation otherwise unchanged
H4|ERROR_CAPTURE|banglaclick:youtube|xlmr|137|0.05,ESTIMABLE,ESTIMABLE,-0.07713513513513515,-0.07713513513513515,"[-0.11403381507923045, -0.041061933128427056]","[-0.12830302210613714, -0.03597541243810977]",0.006,0.0072,True,True,UNCERTAINTY_WIDENED_INTERPRETATION_UNCHANGED,sensitivity CI is wider; interpretation otherwise unchanged
H4|AURC|banglaclick:youtube|xlmr|137|0.05,ESTIMABLE,ESTIMABLE,0.4482497091209804,0.4482497091209804,"[0.2737152890777997, 0.6074879606859677]","[0.2817917979534822, 0.6102319523467116]",0.0036,0.0028,True,True,CONCORDANT,canonical interpretation unchanged
H4|LIFT|banglaclick:youtube|xlmr|137|0.1,ESTIMABLE,ESTIMABLE,-1.5225972409501087,-1.5225972409501087,"[-1.686512331631482, -1.3226731311418793]","[-2.255938452667603, -1.1325877002416582]",0.0,0.0,True,True,UNCERTAINTY_WIDENED_INTERPRETATION_UNCHANGED,sensitivity CI is wider; interpretation otherwise unchanged
H4|ERROR_CAPTURE|banglaclick:youtube|xlmr|137|0.1,ESTIMABLE,ESTIMABLE,-0.16066666666666668,-0.16066666666666668,"[-0.2127080881359129, -0.0982530204729275]","[-0.23590912991399332, -0.08373275926079488]",0.0044,0.0036,True,True,UNCERTAINTY_WIDENED_INTERPRETATION_UNCHANGED,sensitivity CI is wider; interpretation otherwise unchanged
H4|AURC|banglaclick:youtube|xlmr|137|0.1,ESTIMABLE,ESTIMABLE,0.4482497091209804,0.4482497091209804,"[0.2737152890777997, 0.6074879606859677]","[0.2817917979534822, 0.6102319523467116]",0.0036,0.0028,True,True,CONCORDANT,canonical interpretation unchanged
H4|LIFT|banglaclick:youtube|xlmr|137|0.2,ESTIMABLE,ESTIMABLE,-1.3432084723229503,-1.3432084723229503,"[-1.4862544425002784, -1.1716581265732458]","[-1.8818265497490692, -1.02016747286859]",0.0,0.0,True,True,UNCERTAINTY_WIDENED_INTERPRETATION_UNCHANGED,sensitivity CI is wider; interpretation otherwise unchanged
H4|ERROR_CAPTURE|banglaclick:youtube|xlmr|137|0.2,ESTIMABLE,ESTIMABLE,-0.24003603603603602,-0.24003603603603602,"[-0.3217414553071496, -0.17905397561941888]","[-0.36112251243781096, -0.17410519561888785]",0.0,0.0,True,True,UNCERTAINTY_WIDENED_INTERPRETATION_UNCHANGED,sensitivity CI is wider; interpretation otherwise unchanged
H4|AURC|banglaclick:youtube|xlmr|137|0.2,ESTIMABLE,ESTIMABLE,0.4482497091209804,0.4482497091209804,"[0.2737152890777997, 0.6074879606859677]","[0.2817917979534822, 0.6102319523467116]",0.0036,0.0028,True,True,CONCORDANT,canonical interpretation unchanged
H4|LIFT|banglaclick:youtube|xlmr|2718|0.05,ESTIMABLE,ESTIMABLE,-1.586594653837165,-1.586594653837165,"[-1.7882251116910575, -1.3319885583497422]","[-2.4806319893433217, -1.118653518224069]",0.0,0.0,True,True,UNCERTAINTY_WIDENED_INTERPRETATION_UNCHANGED,sensitivity CI is wider; interpretation otherwise unchanged
H4|ERROR_CAPTURE|banglaclick:youtube|xlmr|2718|0.05,ESTIMABLE,ESTIMABLE,-0.05089605734767024,-0.05089605734767024,"[-0.09330482017902406, -0.023640978384396685]","[-0.1005760661959291, -0.020910508518493395]",0.0056,0.0072,True,True,UNCERTAINTY_WIDENED_INTERPRETATION_UNCHANGED,sensitivity CI is wider; interpretation otherwise unchanged
H4|AURC|banglaclick:youtube|xlmr|2718|0.05,ESTIMABLE,ESTIMABLE,0.48874133050224344,0.48874133050224344,"[0.346071033370803, 0.6122413591429172]","[0.3314187871740079, 0.6191810086938392]",0.0,0.0,True,True,UNCERTAINTY_WIDENED_INTERPRETATION_UNCHANGED,sensitivity CI is wider; interpretation otherwise unchanged
H4|LIFT|banglaclick:youtube|xlmr|2718|0.1,ESTIMABLE,ESTIMABLE,-1.5228116760108963,-1.5228116760108963,"[-1.679826384711851, -1.303850602146809]","[-2.2574396456527666, -1.0935704004384008]",0.0,0.0,True,True,UNCERTAINTY_WIDENED_INTERPRETATION_UNCHANGED,sensitivity CI is wider; interpretation otherwise unchanged
H4|ERROR_CAPTURE|banglaclick:youtube|xlmr|2718|0.1,ESTIMABLE,ESTIMABLE,-0.11810035842293906,-0.11810035842293906,"[-0.1799394011615695, -0.0708273656337653]","[-0.19750152592499715, -0.058640195510078555]",0.0016,0.0012,True,True,UNCERTAINTY_WIDENED_INTERPRETATION_UNCHANGED,sensitivity CI is wider; interpretation otherwise unchanged
H4|AURC|banglaclick:youtube|xlmr|2718|0.1,ESTIMABLE,ESTIMABLE,0.48874133050224344,0.48874133050224344,"[0.346071033370803, 0.6122413591429172]","[0.3314187871740079, 0.6191810086938392]",0.0,0.0,True,True,UNCERTAINTY_WIDENED_INTERPRETATION_UNCHANGED,sensitivity CI is wider; interpretation otherwise unchanged
H4|LIFT|banglaclick:youtube|xlmr|2718|0.2,ESTIMABLE,ESTIMABLE,-1.3116408638943384,-1.3116408638943384,"[-1.4433162300471196, -1.1397669213448358]","[-1.857188682929046, -0.9989153002704187]",0.0,0.0,True,True,UNCERTAINTY_WIDENED_INTERPRETATION_UNCHANGED,sensitivity CI is wider; interpretation otherwise unchanged
H4|ERROR_CAPTURE|banglaclick:youtube|xlmr|2718|0.2,ESTIMABLE,ESTIMABLE,-0.2280167264038232,-0.2280167264038232,"[-0.2880130012531328, -0.1517674002891921]","[-0.32071776602662944, -0.1355684138622904]",0.0,0.0004,True,True,UNCERTAINTY_WIDENED_INTERPRETATION_UNCHANGED,sensitivity CI is wider; interpretation otherwise unchanged
H4|AURC|banglaclick:youtube|xlmr|2718|0.2,ESTIMABLE,ESTIMABLE,0.48874133050224344,0.48874133050224344,"[0.346071033370803, 0.6122413591429172]","[0.3314187871740079, 0.6191810086938392]",0.0,0.0,True,True,UNCERTAINTY_WIDENED_INTERPRETATION_UNCHANGED,sensitivity CI is wider; interpretation otherwise unchanged
H4|LIFT|banglaclick:youtube|xlmr|31415|0.05,ESTIMABLE,ESTIMABLE,-1.5661662194070387,-1.5661662194070387,"[-1.7398590227235904, -1.3032584137776095]","[-2.4294558873186127, -1.0960664532073627]",0.0,0.0004,True,True,UNCERTAINTY_WIDENED_INTERPRETATION_UNCHANGED,sensitivity CI is wider; interpretation otherwise unchanged
H4|ERROR_CAPTURE|banglaclick:youtube|xlmr|31415|0.05,ESTIMABLE,ESTIMABLE,-0.08291685597455703,-0.08291685597455703,"[-0.10445429286755616, -0.04423758757802414]","[-0.12228127780699512, -0.0415338166567402]",0.0148,0.0088,True,True,UNCERTAINTY_WIDENED_INTERPRETATION_UNCHANGED,sensitivity CI is wider; interpretation otherwise unchanged
H4|AURC|banglaclick:youtube|xlmr|31415|0.05,ESTIMABLE,ESTIMABLE,0.48623413723776576,0.48623413723776576,"[0.333695483175318, 0.5900719177419056]","[0.3444300885752256, 0.5962712213664838]",0.0016,0.002,True,True,CONCORDANT,canonical interpretation unchanged
H4|LIFT|banglaclick:youtube|xlmr|31415|0.1,ESTIMABLE,ESTIMABLE,-1.459789604703596,-1.459789604703596,"[-1.6121488035393605, -1.2444148757849618]","[-2.1629196126709442, -1.0284309909253821]",0.0,0.0004,True,True,UNCERTAINTY_WIDENED_INTERPRETATION_UNCHANGED,sensitivity CI is wider; interpretation otherwise unchanged
H4|ERROR_CAPTURE|banglaclick:youtube|xlmr|31415|0.1,ESTIMABLE,ESTIMABLE,-0.1567753293957292,-0.1567753293957292,"[-0.19680629932152519, -0.10645240430271263]","[-0.2249027847524365, -0.10034940508275661]",0.0108,0.0064,True,True,UNCERTAINTY_WIDENED_INTERPRETATION_UNCHANGED,sensitivity CI is wider; interpretation otherwise unchanged
H4|AURC|banglaclick:youtube|xlmr|31415|0.1,ESTIMABLE,ESTIMABLE,0.48623413723776576,0.48623413723776576,"[0.333695483175318, 0.5900719177419056]","[0.3444300885752256, 0.5962712213664838]",0.0016,0.002,True,True,CONCORDANT,canonical interpretation unchanged
H4|LIFT|banglaclick:youtube|xlmr|31415|0.2,ESTIMABLE,ESTIMABLE,-1.2958570596800323,-1.2958570596800323,"[-1.42795003626049, -1.1177850664461584]","[-1.8260228226252306, -0.9648832035102113]",0.0,0.0,True,True,UNCERTAINTY_WIDENED_INTERPRETATION_UNCHANGED,sensitivity CI is wider; interpretation otherwise unchanged
H4|ERROR_CAPTURE|banglaclick:youtube|xlmr|31415|0.2,ESTIMABLE,ESTIMABLE,-0.24434915947296681,-0.24434915947296681,"[-0.32752318532142966, -0.17951268982184265]","[-0.34615984701311314, -0.17762366532999058]",0.006,0.0036,True,True,UNCERTAINTY_WIDENED_INTERPRETATION_UNCHANGED,sensitivity CI is wider; interpretation otherwise unchanged
H4|AURC|banglaclick:youtube|xlmr|31415|0.2,ESTIMABLE,ESTIMABLE,0.48623413723776576,0.48623413723776576,"[0.333695483175318, 0.5900719177419056]","[0.3444300885752256, 0.5962712213664838]",0.0016,0.002,True,True,CONCORDANT,canonical interpretation unchanged
H4|LIFT|banglaclick:youtube|xlmr|65537|0.05,ESTIMABLE,ESTIMABLE,-1.6284593154913003,-1.6284593154913003,"[-1.8283315064683294, -1.4101477893515177]","[-2.5013759978325765, -1.2004623281065931]",0.0,0.0,True,True,UNCERTAINTY_WIDENED_INTERPRETATION_UNCHANGED,sensitivity CI is wider; interpretation otherwise unchanged
H4|ERROR_CAPTURE|banglaclick:youtube|xlmr|65537|0.05,ESTIMABLE,ESTIMABLE,-0.10629646075916058,-0.10629646075916058,"[-0.14498187732342008, -0.07631644401007898]","[-0.16316763420726169, -0.07171642168600627]",0.0,0.0,True,True,UNCERTAINTY_WIDENED_INTERPRETATION_UNCHANGED,sensitivity CI is wider; interpretation otherwise unchanged
H4|AURC|banglaclick:youtube|xlmr|65537|0.05,ESTIMABLE,ESTIMABLE,0.37218126847000943,0.37218126847000943,"[0.1874153583184255, 0.6009481397134793]","[0.18052391356762812, 0.6037410770023875]",0.0024,0.004,True,True,UNCERTAINTY_WIDENED_INTERPRETATION_UNCHANGED,sensitivity CI is wider; interpretation otherwise unchanged
H4|LIFT|banglaclick:youtube|xlmr|65537|0.1,ESTIMABLE,ESTIMABLE,-1.5015898838476753,-1.5015898838476753,"[-1.6759527254804643, -1.309333172449433]","[-2.2300691378231914, -1.130004685882072]",0.0,0.0,True,True,UNCERTAINTY_WIDENED_INTERPRETATION_UNCHANGED,sensitivity CI is wider; interpretation otherwise unchanged
H4|ERROR_CAPTURE|banglaclick:youtube|xlmr|65537|0.1,ESTIMABLE,ESTIMABLE,-0.1854113216235774,-0.1854113216235774,"[-0.23215600847568257, -0.1368564657267866]","[-0.2501023610408191, -0.1373044081463008]",0.0,0.0,True,True,UNCERTAINTY_WIDENED_INTERPRETATION_UNCHANGED,sensitivity CI is wider; interpretation otherwise unchanged
H4|AURC|banglaclick:youtube|xlmr|65537|0.1,ESTIMABLE,ESTIMABLE,0.37218126847000943,0.37218126847000943,"[0.1874153583184255, 0.6009481397134793]","[0.18052391356762812, 0.6037410770023875]",0.0024,0.004,True,True,UNCERTAINTY_WIDENED_INTERPRETATION_UNCHANGED,sensitivity CI is wider; interpretation otherwise unchanged
H4|LIFT|banglaclick:youtube|xlmr|65537|0.2,ESTIMABLE,ESTIMABLE,-1.3695148126801269,-1.3695148126801269,"[-1.4910293031498298, -1.1972248565245278]","[-1.8857241758123813, -1.0135299213474296]",0.0,0.0,True,True,UNCERTAINTY_WIDENED_INTERPRETATION_UNCHANGED,sensitivity CI is wider; interpretation otherwise unchanged
H4|ERROR_CAPTURE|banglaclick:youtube|xlmr|65537|0.2,ESTIMABLE,ESTIMABLE,-0.2839492467600816,-0.2839492467600816,"[-0.3722281884781885, -0.2205960370662875]","[-0.40631294754559555, -0.20795375408584735]",0.0,0.0,True,True,UNCERTAINTY_WIDENED_INTERPRETATION_UNCHANGED,sensitivity CI is wider; interpretation otherwise unchanged
H4|AURC|banglaclick:youtube|xlmr|65537|0.2,ESTIMABLE,ESTIMABLE,0.37218126847000943,0.37218126847000943,"[0.1874153583184255, 0.6009481397134793]","[0.18052391356762812, 0.6037410770023875]",0.0024,0.004,True,True,UNCERTAINTY_WIDENED_INTERPRETATION_UNCHANGED,sensitivity CI is wider; interpretation otherwise unchanged
H4|LIFT|banglaclick:twitter|ebm|42|0.05,ESTIMABLE,ESTIMABLE,-1.182239810051444,-1.182239810051444,"[-1.4523077296546927, -0.9309979199357354]","[-2.0417871028504355, -0.7333813092555742]",0.0,0.0,True,True,UNCERTAINTY_WIDENED_INTERPRETATION_UNCHANGED,sensitivity CI is wider; interpretation otherwise unchanged
H4|ERROR_CAPTURE|banglaclick:twitter|ebm|42|0.05,ESTIMABLE,ESTIMABLE,-0.03278112876277858,-0.03278112876277858,"[-0.06019797335532308, 0.0007081647668143228]","[-0.07200748838420214, 0.00247960082547348]",0.0568,0.072,True,True,UNCERTAINTY_WIDENED_INTERPRETATION_UNCHANGED,sensitivity CI is wider; interpretation otherwise unchanged
H4|AURC|banglaclick:twitter|ebm|42|0.05,ESTIMABLE,ESTIMABLE,0.2866556629276803,0.2866556629276803,"[0.2215656088779072, 0.3530756755802252]","[0.20866814919984145, 0.3760301717367392]",0.0,0.0,True,True,UNCERTAINTY_WIDENED_INTERPRETATION_UNCHANGED,sensitivity CI is wider; interpretation otherwise unchanged
H4|LIFT|banglaclick:twitter|ebm|42|0.1,ESTIMABLE,ESTIMABLE,-0.9983665445447234,-0.9983665445447234,"[-1.1759824937836498, -0.7592078508194818]","[-1.6720076644982516, -0.6247637416277091]",0.0,0.0,True,True,UNCERTAINTY_WIDENED_INTERPRETATION_UNCHANGED,sensitivity CI is wider; interpretation otherwise unchanged
H4|ERROR_CAPTURE|banglaclick:twitter|ebm|42|0.1,ESTIMABLE,ESTIMABLE,-0.06651941211451874,-0.06651941211451874,"[-0.10520963041330365, -0.0274771823375544]","[-0.13225394354525657, -0.020214290242963312]",0.0008,0.0044,True,True,UNCERTAINTY_WIDENED_INTERPRETATION_UNCHANGED,sensitivity CI is wider; interpretation otherwise unchanged
H4|AURC|banglaclick:twitter|ebm|42|0.1,ESTIMABLE,ESTIMABLE,0.2866556629276803,0.2866556629276803,"[0.2215656088779072, 0.3530756755802252]","[0.20866814919984145, 0.3760301717367392]",0.0,0.0,True,True,UNCERTAINTY_WIDENED_INTERPRETATION_UNCHANGED,sensitivity CI is wider; interpretation otherwise unchanged
H4|LIFT|banglaclick:twitter|ebm|42|0.2,ESTIMABLE,ESTIMABLE,-0.6920815409022414,-0.6920815409022414,"[-0.8426421633500321, -0.5176964298848706]","[-1.1313878157299315, -0.4230658325584149]",0.0,0.0,True,True,UNCERTAINTY_WIDENED_INTERPRETATION_UNCHANGED,sensitivity CI is wider; interpretation otherwise unchanged
H4|ERROR_CAPTURE|banglaclick:twitter|ebm|42|0.2,ESTIMABLE,ESTIMABLE,-0.07819216719055305,-0.07819216719055305,"[-0.12840209765478597, -0.03210491074559364]","[-0.15587811266222862, -0.022832526473132983]",0.002,0.0052,True,True,UNCERTAINTY_WIDENED_INTERPRETATION_UNCHANGED,sensitivity CI is wider; interpretation otherwise unchanged
H4|AURC|banglaclick:twitter|ebm|42|0.2,ESTIMABLE,ESTIMABLE,0.2866556629276803,0.2866556629276803,"[0.2215656088779072, 0.3530756755802252]","[0.20866814919984145, 0.3760301717367392]",0.0,0.0,True,True,UNCERTAINTY_WIDENED_INTERPRETATION_UNCHANGED,sensitivity CI is wider; interpretation otherwise unchanged
H4|LIFT|banglaclick:twitter|ebm|137|0.05,ESTIMABLE,ESTIMABLE,-1.182239810051444,-1.182239810051444,"[-1.454192672579684, -0.9329347600091956]","[-2.0090419804994175, -0.7446918935157252]",0.0,0.0,True,True,UNCERTAINTY_WIDENED_INTERPRETATION_UNCHANGED,sensitivity CI is wider; interpretation otherwise unchanged
H4|ERROR_CAPTURE|banglaclick:twitter|ebm|137|0.05,ESTIMABLE,ESTIMABLE,-0.03278112876277858,-0.03278112876277858,"[-0.06208088670036402, 0.0004097150286952699]","[-0.07173715979172714, 0.0013418043753117036]",0.052,0.062,True,True,UNCERTAINTY_WIDENED_INTERPRETATION_UNCHANGED,sensitivity CI is wider; interpretation otherwise unchanged
H4|AURC|banglaclick:twitter|ebm|137|0.05,ESTIMABLE,ESTIMABLE,0.28738016408766964,0.28738016408766964,"[0.2212005174677628, 0.3516125272391198]","[0.2056621673840774, 0.3735857420290861]",0.0,0.0,True,True,UNCERTAINTY_WIDENED_INTERPRETATION_UNCHANGED,sensitivity CI is wider; interpretation otherwise unchanged
H4|LIFT|banglaclick:twitter|ebm|137|0.1,ESTIMABLE,ESTIMABLE,-0.9878628659935065,-0.9878628659935065,"[-1.1696927972544846, -0.7638631258828216]","[-1.6629508300007327, -0.6260061161535068]",0.0,0.0,True,True,UNCERTAINTY_WIDENED_INTERPRETATION_UNCHANGED,sensitivity CI is wider; interpretation otherwise unchanged
H4|ERROR_CAPTURE|banglaclick:twitter|ebm|137|0.1,ESTIMABLE,ESTIMABLE,-0.07073882139721917,-0.07073882139721917,"[-0.10522210723658798, -0.02794170843202318]","[-0.13409785055943374, -0.020912794028791003]",0.0012,0.0024,True,True,UNCERTAINTY_WIDENED_INTERPRETATION_UNCHANGED,sensitivity CI is wider; interpretation otherwise unchanged
H4|AURC|banglaclick:twitter|ebm|137|0.1,ESTIMABLE,ESTIMABLE,0.28738016408766964,0.28738016408766964,"[0.2212005174677628, 0.3516125272391198]","[0.2056621673840774, 0.3735857420290861]",0.0,0.0,True,True,UNCERTAINTY_WIDENED_INTERPRETATION_UNCHANGED,sensitivity CI is wider; interpretation otherwise unchanged
H4|LIFT|banglaclick:twitter|ebm|137|0.2,ESTIMABLE,ESTIMABLE,-0.6920815409022414,-0.6920815409022414,"[-0.8458739862127974, -0.5235776089067627]","[-1.1163722847778716, -0.42122433664172343]",0.0,0.0,True,True,UNCERTAINTY_WIDENED_INTERPRETATION_UNCHANGED,sensitivity CI is wider; interpretation otherwise unchanged
H4|ERROR_CAPTURE|banglaclick:twitter|ebm|137|0.2,ESTIMABLE,ESTIMABLE,-0.08241157647325348,-0.08241157647325348,"[-0.13007260547291338, -0.032848651315498835]","[-0.15676148698825976, -0.025966607388075963]",0.0008,0.002,True,True,UNCERTAINTY_WIDENED_INTERPRETATION_UNCHANGED,sensitivity CI is wider; interpretation otherwise unchanged
H4|AURC|banglaclick:twitter|ebm|137|0.2,ESTIMABLE,ESTIMABLE,0.28738016408766964,0.28738016408766964,"[0.2212005174677628, 0.3516125272391198]","[0.2056621673840774, 0.3735857420290861]",0.0,0.0,True,True,UNCERTAINTY_WIDENED_INTERPRETATION_UNCHANGED,sensitivity CI is wider; interpretation otherwise unchanged
H4|LIFT|banglaclick:twitter|ebm|2718|0.05,ESTIMABLE,ESTIMABLE,-1.182239810051444,-1.182239810051444,"[-1.453466373455102, -0.936251454413111]","[-2.0132595851300215, -0.7338563209625215]",0.0,0.0,True,True,UNCERTAINTY_WIDENED_INTERPRETATION_UNCHANGED,sensitivity CI is wider; interpretation otherwise unchanged
H4|ERROR_CAPTURE|banglaclick:twitter|ebm|2718|0.05,ESTIMABLE,ESTIMABLE,-0.03143884688358395,-0.03143884688358395,"[-0.06119636443398371, 7.194034701826131e-06]","[-0.07485721979509281, 0.0009881250691144029]",0.0504,0.056,True,True,UNCERTAINTY_WIDENED_INTERPRETATION_UNCHANGED,sensitivity CI is wider; interpretation otherwise unchanged
H4|AURC|banglaclick:twitter|ebm|2718|0.05,ESTIMABLE,ESTIMABLE,0.2865512633637275,0.2865512633637275,"[0.22148707602115386, 0.3520341264434289]","[0.20248503694006295, 0.37458344122249054]",0.0,0.0,True,True,UNCERTAINTY_WIDENED_INTERPRETATION_UNCHANGED,sensitivity CI is wider; interpretation otherwise unchanged
H4|LIFT|banglaclick:twitter|ebm|2718|0.1,ESTIMABLE,ESTIMABLE,-0.9878628659935065,-0.9878628659935065,"[-1.1688143867408163, -0.764975227864714]","[-1.693507413593053, -0.6166349522925337]",0.0,0.0,True,True,UNCERTAINTY_WIDENED_INTERPRETATION_UNCHANGED,sensitivity CI is wider; interpretation otherwise unchanged
H4|ERROR_CAPTURE|banglaclick:twitter|ebm|2718|0.1,ESTIMABLE,ESTIMABLE,-0.07073882139721917,-0.07073882139721917,"[-0.1040941746377835, -0.028217499515178587]","[-0.13403633112381325, -0.020035646710555934]",0.0008,0.0044,True,True,UNCERTAINTY_WIDENED_INTERPRETATION_UNCHANGED,sensitivity CI is wider; interpretation otherwise unchanged
H4|AURC|banglaclick:twitter|ebm|2718|0.1,ESTIMABLE,ESTIMABLE,0.2865512633637275,0.2865512633637275,"[0.22148707602115386, 0.3520341264434289]","[0.20248503694006295, 0.37458344122249054]",0.0,0.0,True,True,UNCERTAINTY_WIDENED_INTERPRETATION_UNCHANGED,sensitivity CI is wider; interpretation otherwise unchanged
H4|LIFT|banglaclick:twitter|ebm|2718|0.2,ESTIMABLE,ESTIMABLE,-0.6973428089736766,-0.6973428089736766,"[-0.8451045698067903, -0.5219440534049172]","[-1.1252494501831507, -0.4206804927163424]",0.0,0.0,True,True,UNCERTAINTY_WIDENED_INTERPRETATION_UNCHANGED,sensitivity CI is wider; interpretation otherwise unchanged
H4|ERROR_CAPTURE|banglaclick:twitter|ebm|2718|0.2,ESTIMABLE,ESTIMABLE,-0.07819216719055305,-0.07819216719055305,"[-0.1320376499056973, -0.03441006299750429]","[-0.15925305868496722, -0.02180216700383569]",0.0012,0.0056,True,True,UNCERTAINTY_WIDENED_INTERPRETATION_UNCHANGED,sensitivity CI is wider; interpretation otherwise unchanged
H4|AURC|banglaclick:twitter|ebm|2718|0.2,ESTIMABLE,ESTIMABLE,0.2865512633637275,0.2865512633637275,"[0.22148707602115386, 0.3520341264434289]","[0.20248503694006295, 0.37458344122249054]",0.0,0.0,True,True,UNCERTAINTY_WIDENED_INTERPRETATION_UNCHANGED,sensitivity CI is wider; interpretation otherwise unchanged
H4|LIFT|banglaclick:twitter|ebm|31415|0.05,ESTIMABLE,ESTIMABLE,-1.182239810051444,-1.182239810051444,"[-1.4468957212438378, -0.9315485686946098]","[-2.0092799003031847, -0.7354660296411646]",0.0,0.0,True,True,UNCERTAINTY_WIDENED_INTERPRETATION_UNCHANGED,sensitivity CI is wider; interpretation otherwise unchanged
H4|ERROR_CAPTURE|banglaclick:twitter|ebm|31415|0.05,ESTIMABLE,ESTIMABLE,-0.0274321809260617,-0.0274321809260617,"[-0.05645910201985822, 0.0035310311136630833]","[-0.06872001599182903, 0.005379729210304848]",0.08,0.1,True,True,UNCERTAINTY_WIDENED_INTERPRETATION_UNCHANGED,sensitivity CI is wider; interpretation otherwise unchanged
H4|AURC|banglaclick:twitter|ebm|31415|0.05,ESTIMABLE,ESTIMABLE,0.2872367710139938,0.2872367710139938,"[0.22191966491723625, 0.35274799349228486]","[0.2042152562142603, 0.37545043245804366]",0.0,0.0,True,True,UNCERTAINTY_WIDENED_INTERPRETATION_UNCHANGED,sensitivity CI is wider; interpretation otherwise unchanged
H4|LIFT|banglaclick:twitter|ebm|31415|0.1,ESTIMABLE,ESTIMABLE,-0.9878628659935065,-0.9878628659935065,"[-1.17189962961026, -0.7712636096056843]","[-1.661408768367959, -0.6177394624507335]",0.0,0.0,True,True,UNCERTAINTY_WIDENED_INTERPRETATION_UNCHANGED,sensitivity CI is wider; interpretation otherwise unchanged
H4|ERROR_CAPTURE|banglaclick:twitter|ebm|31415|0.1,ESTIMABLE,ESTIMABLE,-0.06694489876487508,-0.06694489876487508,"[-0.10240154255765235, -0.02652516310805668]","[-0.13047086315347065, -0.018107977347436827]",0.0012,0.0064,True,True,UNCERTAINTY_WIDENED_INTERPRETATION_UNCHANGED,sensitivity CI is wider; interpretation otherwise unchanged
H4|AURC|banglaclick:twitter|ebm|31415|0.1,ESTIMABLE,ESTIMABLE,0.2872367710139938,0.2872367710139938,"[0.22191966491723625, 0.35274799349228486]","[0.2042152562142603, 0.37545043245804366]",0.0,0.0,True,True,UNCERTAINTY_WIDENED_INTERPRETATION_UNCHANGED,sensitivity CI is wider; interpretation otherwise unchanged
H4|LIFT|banglaclick:twitter|ebm|31415|0.2,ESTIMABLE,ESTIMABLE,-0.6920815409022414,-0.6920815409022414,"[-0.8469444275757227, -0.5236296215030602]","[-1.1247802830070335, -0.4230942386764844]",0.0,0.0,True,True,UNCERTAINTY_WIDENED_INTERPRETATION_UNCHANGED,sensitivity CI is wider; interpretation otherwise unchanged
H4|ERROR_CAPTURE|banglaclick:twitter|ebm|31415|0.2,ESTIMABLE,ESTIMABLE,-0.0749478314815859,-0.0749478314815859,"[-0.12686608366095617, -0.03047785536818098]","[-0.15403850980290043, -0.021855773289257432]",0.0008,0.0076,True,True,UNCERTAINTY_WIDENED_INTERPRETATION_UNCHANGED,sensitivity CI is wider; interpretation otherwise unchanged
H4|AURC|banglaclick:twitter|ebm|31415|0.2,ESTIMABLE,ESTIMABLE,0.2872367710139938,0.2872367710139938,"[0.22191966491723625, 0.35274799349228486]","[0.2042152562142603, 0.37545043245804366]",0.0,0.0,True,True,UNCERTAINTY_WIDENED_INTERPRETATION_UNCHANGED,sensitivity CI is wider; interpretation otherwise unchanged
H4|LIFT|banglaclick:twitter|ebm|65537|0.05,ESTIMABLE,ESTIMABLE,-1.182239810051444,-1.182239810051444,"[-1.4522817561234416, -0.9420000951764051]","[-1.9835079430902671, -0.7396297411808764]",0.0,0.0,True,True,UNCERTAINTY_WIDENED_INTERPRETATION_UNCHANGED,sensitivity CI is wider; interpretation otherwise unchanged
H4|ERROR_CAPTURE|banglaclick:twitter|ebm|65537|0.05,ESTIMABLE,ESTIMABLE,-0.0274321809260617,-0.0274321809260617,"[-0.05829611863554952, 0.0021072068302831577]","[-0.06896991762850092, 0.003475783374475354]",0.0764,0.0844,True,True,UNCERTAINTY_WIDENED_INTERPRETATION_UNCHANGED,sensitivity CI is wider; interpretation otherwise unchanged
H4|AURC|banglaclick:twitter|ebm|65537|0.05,ESTIMABLE,ESTIMABLE,0.2867639607141197,0.2867639607141197,"[0.2219041116656597, 0.35297134628007076]","[0.20598358660976185, 0.3767094444514375]",0.0,0.0,True,True,UNCERTAINTY_WIDENED_INTERPRETATION_UNCHANGED,sensitivity CI is wider; interpretation otherwise unchanged
H4|LIFT|banglaclick:twitter|ebm|65537|0.1,ESTIMABLE,ESTIMABLE,-0.9878628659935065,-0.9878628659935065,"[-1.1721320255859815, -0.768658832096098]","[-1.6640611063462398, -0.6191066020512926]",0.0,0.0,True,True,UNCERTAINTY_WIDENED_INTERPRETATION_UNCHANGED,sensitivity CI is wider; interpretation otherwise unchanged
H4|ERROR_CAPTURE|banglaclick:twitter|ebm|65537|0.1,ESTIMABLE,ESTIMABLE,-0.06560261688568045,-0.06560261688568045,"[-0.10082825431102596, -0.024616251941280955]","[-0.1297669116074459, -0.018070414703237704]",0.0008,0.0052,True,True,UNCERTAINTY_WIDENED_INTERPRETATION_UNCHANGED,sensitivity CI is wider; interpretation otherwise unchanged
H4|AURC|banglaclick:twitter|ebm|65537|0.1,ESTIMABLE,ESTIMABLE,0.2867639607141197,0.2867639607141197,"[0.2219041116656597, 0.35297134628007076]","[0.20598358660976185, 0.3767094444514375]",0.0,0.0,True,True,UNCERTAINTY_WIDENED_INTERPRETATION_UNCHANGED,sensitivity CI is wider; interpretation otherwise unchanged
H4|LIFT|banglaclick:twitter|ebm|65537|0.2,ESTIMABLE,ESTIMABLE,-0.6920815409022414,-0.6920815409022414,"[-0.8440434192473898, -0.5261025689484085]","[-1.1240051306902807, -0.42705381874394105]",0.0,0.0,True,True,UNCERTAINTY_WIDENED_INTERPRETATION_UNCHANGED,sensitivity CI is wider; interpretation otherwise unchanged
H4|ERROR_CAPTURE|banglaclick:twitter|ebm|65537|0.2,ESTIMABLE,ESTIMABLE,-0.07914951215385482,-0.07914951215385482,"[-0.1283763710801835, -0.031208629755644934]","[-0.15627364948613953, -0.02147836135219704]",0.0004,0.0072,True,True,UNCERTAINTY_WIDENED_INTERPRETATION_UNCHANGED,sensitivity CI is wider; interpretation otherwise unchanged
H4|AURC|banglaclick:twitter|ebm|65537|0.2,ESTIMABLE,ESTIMABLE,0.2867639607141197,0.2867639607141197,"[0.2219041116656597, 0.35297134628007076]","[0.20598358660976185, 0.3767094444514375]",0.0,0.0,True,True,UNCERTAINTY_WIDENED_INTERPRETATION_UNCHANGED,sensitivity CI is wider; interpretation otherwise unchanged
H4|LIFT|banglaclick:twitter|tfidf_lr|42|0.05,ESTIMABLE,ESTIMABLE,-1.4531064503363673,-1.4531064503363673,"[-1.7233901052321923, -1.1719038322788324]","[-2.3322773222811963, -0.9342540025905438]",0.0,0.0,True,True,UNCERTAINTY_WIDENED_INTERPRETATION_UNCHANGED,sensitivity CI is wider; interpretation otherwise unchanged
H4|ERROR_CAPTURE|banglaclick:twitter|tfidf_lr|42|0.05,ESTIMABLE,ESTIMABLE,-0.05749481044466295,-0.05749481044466295,"[-0.08425489134416637, -0.03720085402543287]","[-0.10052502158575316, -0.03424148979229395]",0.0,0.0,True,True,UNCERTAINTY_WIDENED_INTERPRETATION_UNCHANGED,sensitivity CI is wider; interpretation otherwise unchanged
H4|AURC|banglaclick:twitter|tfidf_lr|42|0.05,ESTIMABLE,ESTIMABLE,0.5068460713394872,0.5068460713394872,"[0.4160487242873339, 0.5939339932470699]","[0.40037209972094645, 0.6065501919318739]",0.0,0.0,True,True,UNCERTAINTY_WIDENED_INTERPRETATION_UNCHANGED,sensitivity CI is wider; interpretation otherwise unchanged
H4|LIFT|banglaclick:twitter|tfidf_lr|42|0.1,ESTIMABLE,ESTIMABLE,-1.2600315729902,-1.2600315729902,"[-1.470148171931426, -1.040942860981302]","[-2.002140072092327, -0.8461645733452664]",0.0,0.0,True,True,UNCERTAINTY_WIDENED_INTERPRETATION_UNCHANGED,sensitivity CI is wider; interpretation otherwise unchanged
H4|ERROR_CAPTURE|banglaclick:twitter|tfidf_lr|42|0.1,ESTIMABLE,ESTIMABLE,-0.11927783240467606,-0.11927783240467606,"[-0.15200924526272286, -0.08884379311036755]","[-0.1902817110511233, -0.08083486118408156]",0.0,0.0,True,True,UNCERTAINTY_WIDENED_INTERPRETATION_UNCHANGED,sensitivity CI is wider; interpretation otherwise unchanged
H4|AURC|banglaclick:twitter|tfidf_lr|42|0.1,ESTIMABLE,ESTIMABLE,0.5068460713394872,0.5068460713394872,"[0.4160487242873339, 0.5939339932470699]","[0.40037209972094645, 0.6065501919318739]",0.0,0.0,True,True,UNCERTAINTY_WIDENED_INTERPRETATION_UNCHANGED,sensitivity CI is wider; interpretation otherwise unchanged
H4|LIFT|banglaclick:twitter|tfidf_lr|42|0.2,ESTIMABLE,ESTIMABLE,-1.047692177623497,-1.047692177623497,"[-1.1829741153199627, -0.892041333509067]","[-1.4689177859032556, -0.7394048974668129]",0.0,0.0,True,True,UNCERTAINTY_WIDENED_INTERPRETATION_UNCHANGED,sensitivity CI is wider; interpretation otherwise unchanged
H4|ERROR_CAPTURE|banglaclick:twitter|tfidf_lr|42|0.2,ESTIMABLE,ESTIMABLE,-0.1836829454823555,-0.1836829454823555,"[-0.22428805005741492, -0.14284166173781446]","[-0.2703949584005499, -0.1276165638133159]",0.0,0.0,True,True,UNCERTAINTY_WIDENED_INTERPRETATION_UNCHANGED,sensitivity CI is wider; interpretation otherwise unchanged
H4|AURC|banglaclick:twitter|tfidf_lr|42|0.2,ESTIMABLE,ESTIMABLE,0.5068460713394872,0.5068460713394872,"[0.4160487242873339, 0.5939339932470699]","[0.40037209972094645, 0.6065501919318739]",0.0,0.0,True,True,UNCERTAINTY_WIDENED_INTERPRETATION_UNCHANGED,sensitivity CI is wider; interpretation otherwise unchanged
H4|LIFT|banglaclick:twitter|tfidf_lr|137|0.05,ESTIMABLE,ESTIMABLE,-1.4531064503363673,-1.4531064503363673,"[-1.7263794711530773, -1.1705461760219684]","[-2.254969491613802, -0.9311189915979068]",0.0,0.0,True,True,UNCERTAINTY_WIDENED_INTERPRETATION_UNCHANGED,sensitivity CI is wider; interpretation otherwise unchanged
H4|ERROR_CAPTURE|banglaclick:twitter|tfidf_lr|137|0.05,ESTIMABLE,ESTIMABLE,-0.05749481044466295,-0.05749481044466295,"[-0.0829547718354278, -0.03787127771516004]","[-0.09944349238170468, -0.033301648552435184]",0.0,0.0,True,True,UNCERTAINTY_WIDENED_INTERPRETATION_UNCHANGED,sensitivity CI is wider; interpretation otherwise unchanged
H4|AURC|banglaclick:twitter|tfidf_lr|137|0.05,ESTIMABLE,ESTIMABLE,0.5068460713394872,0.5068460713394872,"[0.41296959698980085, 0.5939731178092972]","[0.40368259401442275, 0.6056709770665034]",0.0,0.0,True,True,UNCERTAINTY_WIDENED_INTERPRETATION_UNCHANGED,sensitivity CI is wider; interpretation otherwise unchanged
H4|LIFT|banglaclick:twitter|tfidf_lr|137|0.1,ESTIMABLE,ESTIMABLE,-1.2600315729902,-1.2600315729902,"[-1.4794693783766975, -1.0410169933808582]","[-1.9158149450195003, -0.8497675702322616]",0.0,0.0,True,True,UNCERTAINTY_WIDENED_INTERPRETATION_UNCHANGED,sensitivity CI is wider; interpretation otherwise unchanged
H4|ERROR_CAPTURE|banglaclick:twitter|tfidf_lr|137|0.1,ESTIMABLE,ESTIMABLE,-0.11927783240467606,-0.11927783240467606,"[-0.15090665727894803, -0.08846623995270494]","[-0.1865017465211305, -0.07959248106610493]",0.0,0.0,True,True,UNCERTAINTY_WIDENED_INTERPRETATION_UNCHANGED,sensitivity CI is wider; interpretation otherwise unchanged
H4|AURC|banglaclick:twitter|tfidf_lr|137|0.1,ESTIMABLE,ESTIMABLE,0.5068460713394872,0.5068460713394872,"[0.41296959698980085, 0.5939731178092972]","[0.40368259401442275, 0.6056709770665034]",0.0,0.0,True,True,UNCERTAINTY_WIDENED_INTERPRETATION_UNCHANGED,sensitivity CI is wider; interpretation otherwise unchanged
H4|LIFT|banglaclick:twitter|tfidf_lr|137|0.2,ESTIMABLE,ESTIMABLE,-1.047692177623497,-1.047692177623497,"[-1.1864231920204893, -0.8890404309674701]","[-1.433269431632972, -0.7406326169405121]",0.0,0.0,True,True,UNCERTAINTY_WIDENED_INTERPRETATION_UNCHANGED,sensitivity CI is wider; interpretation otherwise unchanged
H4|ERROR_CAPTURE|banglaclick:twitter|tfidf_lr|137|0.2,ESTIMABLE,ESTIMABLE,-0.1836829454823555,-0.1836829454823555,"[-0.22307231432701038, -0.14283812973646076]","[-0.2651865183526112, -0.1269901427946869]",0.0,0.0,True,True,UNCERTAINTY_WIDENED_INTERPRETATION_UNCHANGED,sensitivity CI is wider; interpretation otherwise unchanged
H4|AURC|banglaclick:twitter|tfidf_lr|137|0.2,ESTIMABLE,ESTIMABLE,0.5068460713394872,0.5068460713394872,"[0.41296959698980085, 0.5939731178092972]","[0.40368259401442275, 0.6056709770665034]",0.0,0.0,True,True,UNCERTAINTY_WIDENED_INTERPRETATION_UNCHANGED,sensitivity CI is wider; interpretation otherwise unchanged
H4|LIFT|banglaclick:twitter|tfidf_lr|2718|0.05,ESTIMABLE,ESTIMABLE,-1.4531064503363673,-1.4531064503363673,"[-1.727062300412298, -1.1790115084082327]","[-2.304764944407597, -0.9376332764831704]",0.0,0.0,True,True,UNCERTAINTY_WIDENED_INTERPRETATION_UNCHANGED,sensitivity CI is wider; interpretation otherwise unchanged
H4|ERROR_CAPTURE|banglaclick:twitter|tfidf_lr|2718|0.05,ESTIMABLE,ESTIMABLE,-0.05749481044466295,-0.05749481044466295,"[-0.08368453043587733, -0.03703755570469758]","[-0.10142347646017284, -0.033533281415877615]",0.0,0.0,True,True,UNCERTAINTY_WIDENED_INTERPRETATION_UNCHANGED,sensitivity CI is wider; interpretation otherwise unchanged
H4|AURC|banglaclick:twitter|tfidf_lr|2718|0.05,ESTIMABLE,ESTIMABLE,0.5068460713394872,0.5068460713394872,"[0.4149839872470925, 0.5938839412025355]","[0.4032514810666225, 0.6085928420236971]",0.0,0.0,True,True,UNCERTAINTY_WIDENED_INTERPRETATION_UNCHANGED,sensitivity CI is wider; interpretation otherwise unchanged
H4|LIFT|banglaclick:twitter|tfidf_lr|2718|0.1,ESTIMABLE,ESTIMABLE,-1.2600315729902,-1.2600315729902,"[-1.4732654592603793, -1.046329361509633]","[-1.9722658476169503, -0.8491771511518619]",0.0,0.0,True,True,UNCERTAINTY_WIDENED_INTERPRETATION_UNCHANGED,sensitivity CI is wider; interpretation otherwise unchanged
H4|ERROR_CAPTURE|banglaclick:twitter|tfidf_lr|2718|0.1,ESTIMABLE,ESTIMABLE,-0.11927783240467606,-0.11927783240467606,"[-0.15208090610439692, -0.08789479274710335]","[-0.18950486691002208, -0.07935823439335218]",0.0,0.0,True,True,UNCERTAINTY_WIDENED_INTERPRETATION_UNCHANGED,sensitivity CI is wider; interpretation otherwise unchanged
H4|AURC|banglaclick:twitter|tfidf_lr|2718|0.1,ESTIMABLE,ESTIMABLE,0.5068460713394872,0.5068460713394872,"[0.4149839872470925, 0.5938839412025355]","[0.4032514810666225, 0.6085928420236971]",0.0,0.0,True,True,UNCERTAINTY_WIDENED_INTERPRETATION_UNCHANGED,sensitivity CI is wider; interpretation otherwise unchanged
H4|LIFT|banglaclick:twitter|tfidf_lr|2718|0.2,ESTIMABLE,ESTIMABLE,-1.047692177623497,-1.047692177623497,"[-1.1850015808627037, -0.8916845510723724]","[-1.481310040601876, -0.7431508946711168]",0.0,0.0,True,True,UNCERTAINTY_WIDENED_INTERPRETATION_UNCHANGED,sensitivity CI is wider; interpretation otherwise unchanged
H4|ERROR_CAPTURE|banglaclick:twitter|tfidf_lr|2718|0.2,ESTIMABLE,ESTIMABLE,-0.1836829454823555,-0.1836829454823555,"[-0.22378307981873116, -0.14260124893221193]","[-0.27116008906251543, -0.12658957469328186]",0.0,0.0,True,True,UNCERTAINTY_WIDENED_INTERPRETATION_UNCHANGED,sensitivity CI is wider; interpretation otherwise unchanged
H4|AURC|banglaclick:twitter|tfidf_lr|2718|0.2,ESTIMABLE,ESTIMABLE,0.5068460713394872,0.5068460713394872,"[0.4149839872470925, 0.5938839412025355]","[0.4032514810666225, 0.6085928420236971]",0.0,0.0,True,True,UNCERTAINTY_WIDENED_INTERPRETATION_UNCHANGED,sensitivity CI is wider; interpretation otherwise unchanged
H4|LIFT|banglaclick:twitter|tfidf_lr|31415|0.05,ESTIMABLE,ESTIMABLE,-1.4531064503363673,-1.4531064503363673,"[-1.7282047391479467, -1.1768922677572242]","[-2.3090689566673923, -0.9398893871231709]",0.0,0.0,True,True,UNCERTAINTY_WIDENED_INTERPRETATION_UNCHANGED,sensitivity CI is wider; interpretation otherwise unchanged
H4|ERROR_CAPTURE|banglaclick:twitter|tfidf_lr|31415|0.05,ESTIMABLE,ESTIMABLE,-0.05749481044466295,-0.05749481044466295,"[-0.08318721964039658, -0.037275099340411906]","[-0.1007393085090648, -0.033685441373559125]",0.0,0.0,True,True,UNCERTAINTY_WIDENED_INTERPRETATION_UNCHANGED,sensitivity CI is wider; interpretation otherwise unchanged
H4|AURC|banglaclick:twitter|tfidf_lr|31415|0.05,ESTIMABLE,ESTIMABLE,0.5068460713394872,0.5068460713394872,"[0.41159256484977647, 0.5947985526741583]","[0.4010351770710839, 0.6101176690727869]",0.0,0.0,True,True,UNCERTAINTY_WIDENED_INTERPRETATION_UNCHANGED,sensitivity CI is wider; interpretation otherwise unchanged
H4|LIFT|banglaclick:twitter|tfidf_lr|31415|0.1,ESTIMABLE,ESTIMABLE,-1.2600315729902,-1.2600315729902,"[-1.4642371916337829, -1.0476464338720617]","[-1.9598823538330143, -0.8494855611665929]",0.0,0.0,True,True,UNCERTAINTY_WIDENED_INTERPRETATION_UNCHANGED,sensitivity CI is wider; interpretation otherwise unchanged
H4|ERROR_CAPTURE|banglaclick:twitter|tfidf_lr|31415|0.1,ESTIMABLE,ESTIMABLE,-0.11927783240467606,-0.11927783240467606,"[-0.15251483679525224, -0.08861641304594213]","[-0.1883968537882957, -0.07983701764864391]",0.0,0.0,True,True,UNCERTAINTY_WIDENED_INTERPRETATION_UNCHANGED,sensitivity CI is wider; interpretation otherwise unchanged
H4|AURC|banglaclick:twitter|tfidf_lr|31415|0.1,ESTIMABLE,ESTIMABLE,0.5068460713394872,0.5068460713394872,"[0.41159256484977647, 0.5947985526741583]","[0.4010351770710839, 0.6101176690727869]",0.0,0.0,True,True,UNCERTAINTY_WIDENED_INTERPRETATION_UNCHANGED,sensitivity CI is wider; interpretation otherwise unchanged
H4|LIFT|banglaclick:twitter|tfidf_lr|31415|0.2,ESTIMABLE,ESTIMABLE,-1.047692177623497,-1.047692177623497,"[-1.1817905008628318, -0.8880322144373316]","[-1.4631985085149595, -0.7424116726436549]",0.0,0.0,True,True,UNCERTAINTY_WIDENED_INTERPRETATION_UNCHANGED,sensitivity CI is wider; interpretation otherwise unchanged
H4|ERROR_CAPTURE|banglaclick:twitter|tfidf_lr|31415|0.2,ESTIMABLE,ESTIMABLE,-0.1836829454823555,-0.1836829454823555,"[-0.22484242700229032, -0.14214687292111564]","[-0.271178474531597, -0.12595533358129443]",0.0,0.0,True,True,UNCERTAINTY_WIDENED_INTERPRETATION_UNCHANGED,sensitivity CI is wider; interpretation otherwise unchanged
H4|AURC|banglaclick:twitter|tfidf_lr|31415|0.2,ESTIMABLE,ESTIMABLE,0.5068460713394872,0.5068460713394872,"[0.41159256484977647, 0.5947985526741583]","[0.4010351770710839, 0.6101176690727869]",0.0,0.0,True,True,UNCERTAINTY_WIDENED_INTERPRETATION_UNCHANGED,sensitivity CI is wider; interpretation otherwise unchanged
H4|LIFT|banglaclick:twitter|tfidf_lr|65537|0.05,ESTIMABLE,ESTIMABLE,-1.4531064503363673,-1.4531064503363673,"[-1.735299336600541, -1.1763310825243851]","[-2.274576279448333, -0.9370458527294252]",0.0,0.0,True,True,UNCERTAINTY_WIDENED_INTERPRETATION_UNCHANGED,sensitivity CI is wider; interpretation otherwise unchanged
H4|ERROR_CAPTURE|banglaclick:twitter|tfidf_lr|65537|0.05,ESTIMABLE,ESTIMABLE,-0.05749481044466295,-0.05749481044466295,"[-0.08366311354106563, -0.03675346631192799]","[-0.1010828126642104, -0.034003587403296585]",0.0,0.0,True,True,UNCERTAINTY_WIDENED_INTERPRETATION_UNCHANGED,sensitivity CI is wider; interpretation otherwise unchanged
H4|AURC|banglaclick:twitter|tfidf_lr|65537|0.05,ESTIMABLE,ESTIMABLE,0.5068460713394872,0.5068460713394872,"[0.4115606770905028, 0.5947305084395235]","[0.4006084482676161, 0.609947024102144]",0.0,0.0,True,True,UNCERTAINTY_WIDENED_INTERPRETATION_UNCHANGED,sensitivity CI is wider; interpretation otherwise unchanged
H4|LIFT|banglaclick:twitter|tfidf_lr|65537|0.1,ESTIMABLE,ESTIMABLE,-1.2600315729902,-1.2600315729902,"[-1.4761129776760311, -1.0345345901695973]","[-1.929037829788801, -0.8479245542847684]",0.0,0.0,True,True,UNCERTAINTY_WIDENED_INTERPRETATION_UNCHANGED,sensitivity CI is wider; interpretation otherwise unchanged
H4|ERROR_CAPTURE|banglaclick:twitter|tfidf_lr|65537|0.1,ESTIMABLE,ESTIMABLE,-0.11927783240467606,-0.11927783240467606,"[-0.15161648095516805, -0.08797850172722313]","[-0.18455815843334109, -0.08165953013846375]",0.0,0.0,True,True,UNCERTAINTY_WIDENED_INTERPRETATION_UNCHANGED,sensitivity CI is wider; interpretation otherwise unchanged
H4|AURC|banglaclick:twitter|tfidf_lr|65537|0.1,ESTIMABLE,ESTIMABLE,0.5068460713394872,0.5068460713394872,"[0.4115606770905028, 0.5947305084395235]","[0.4006084482676161, 0.609947024102144]",0.0,0.0,True,True,UNCERTAINTY_WIDENED_INTERPRETATION_UNCHANGED,sensitivity CI is wider; interpretation otherwise unchanged
H4|LIFT|banglaclick:twitter|tfidf_lr|65537|0.2,ESTIMABLE,ESTIMABLE,-1.047692177623497,-1.047692177623497,"[-1.1855658777575968, -0.8885031945533511]","[-1.447341256174111, -0.7363118353577165]",0.0,0.0,True,True,UNCERTAINTY_WIDENED_INTERPRETATION_UNCHANGED,sensitivity CI is wider; interpretation otherwise unchanged
H4|ERROR_CAPTURE|banglaclick:twitter|tfidf_lr|65537|0.2,ESTIMABLE,ESTIMABLE,-0.1836829454823555,-0.1836829454823555,"[-0.2250819667682802, -0.14183390524199327]","[-0.2648946313387589, -0.12763183675123288]",0.0,0.0,True,True,UNCERTAINTY_WIDENED_INTERPRETATION_UNCHANGED,sensitivity CI is wider; interpretation otherwise unchanged
H4|AURC|banglaclick:twitter|tfidf_lr|65537|0.2,ESTIMABLE,ESTIMABLE,0.5068460713394872,0.5068460713394872,"[0.4115606770905028, 0.5947305084395235]","[0.4006084482676161, 0.609947024102144]",0.0,0.0,True,True,UNCERTAINTY_WIDENED_INTERPRETATION_UNCHANGED,sensitivity CI is wider; interpretation otherwise unchanged
H4|LIFT|banglaclick:twitter|banglabert|42|0.05,ESTIMABLE,ESTIMABLE,-1.4124954491491886,-1.4124954491491886,"[-1.6221853477720278, -1.1621912582986704]","[-2.3045708387103043, -0.9046973411246142]",0.0,0.0,True,True,UNCERTAINTY_WIDENED_INTERPRETATION_UNCHANGED,sensitivity CI is wider; interpretation otherwise unchanged
H4|ERROR_CAPTURE|banglaclick:twitter|banglabert|42|0.05,ESTIMABLE,ESTIMABLE,-0.08647206005004171,-0.08647206005004171,"[-0.10977612489877214, -0.05620209185077613]","[-0.12199045239052304, -0.05441045147657184]",0.0,0.0,True,True,UNCERTAINTY_WIDENED_INTERPRETATION_UNCHANGED,sensitivity CI is wider; interpretation otherwise unchanged
H4|AURC|banglaclick:twitter|banglabert|42|0.05,ESTIMABLE,ESTIMABLE,0.5096331032624319,0.5096331032624319,"[0.4118015138981533, 0.6007829626112917]","[0.409993354492959, 0.6035165093738855]",0.0,0.0,True,True,UNCERTAINTY_WIDENED_INTERPRETATION_UNCHANGED,sensitivity CI is wider; interpretation otherwise unchanged
H4|LIFT|banglaclick:twitter|banglabert|42|0.1,ESTIMABLE,ESTIMABLE,-1.2475715604801474,-1.2475715604801474,"[-1.4734341049950948, -1.0703400682158482]","[-1.9788547703749817, -0.841361585218252]",0.0,0.0,True,True,UNCERTAINTY_WIDENED_INTERPRETATION_UNCHANGED,sensitivity CI is wider; interpretation otherwise unchanged
H4|ERROR_CAPTURE|banglaclick:twitter|banglabert|42|0.1,ESTIMABLE,ESTIMABLE,-0.14925771476230193,-0.14925771476230193,"[-0.1855403505109078, -0.11251434073950835]","[-0.22553714427202912, -0.10481687179232002]",0.0,0.0,True,True,UNCERTAINTY_WIDENED_INTERPRETATION_UNCHANGED,sensitivity CI is wider; interpretation otherwise unchanged
H4|AURC|banglaclick:twitter|banglabert|42|0.1,ESTIMABLE,ESTIMABLE,0.5096331032624319,0.5096331032624319,"[0.4118015138981533, 0.6007829626112917]","[0.409993354492959, 0.6035165093738855]",0.0,0.0,True,True,UNCERTAINTY_WIDENED_INTERPRETATION_UNCHANGED,sensitivity CI is wider; interpretation otherwise unchanged
H4|LIFT|banglaclick:twitter|banglabert|42|0.2,ESTIMABLE,ESTIMABLE,-1.1354225495705623,-1.1354225495705623,"[-1.2767796926935913, -0.9510044812824187]","[-1.6245586651506108, -0.790510765013537]",0.0,0.0,True,True,UNCERTAINTY_WIDENED_INTERPRETATION_UNCHANGED,sensitivity CI is wider; interpretation otherwise unchanged
H4|ERROR_CAPTURE|banglaclick:twitter|banglabert|42|0.2,ESTIMABLE,ESTIMABLE,-0.27853211009174317,-0.27853211009174317,"[-0.3264424240510638, -0.22898189500296864]","[-0.3759819794217293, -0.2092902193585268]",0.0,0.0,True,True,UNCERTAINTY_WIDENED_INTERPRETATION_UNCHANGED,sensitivity CI is wider; interpretation otherwise unchanged
H4|AURC|banglaclick:twitter|banglabert|42|0.2,ESTIMABLE,ESTIMABLE,0.5096331032624319,0.5096331032624319,"[0.4118015138981533, 0.6007829626112917]","[0.409993354492959, 0.6035165093738855]",0.0,0.0,True,True,UNCERTAINTY_WIDENED_INTERPRETATION_UNCHANGED,sensitivity CI is wider; interpretation otherwise unchanged
H4|LIFT|banglaclick:twitter|banglabert|137|0.05,ESTIMABLE,ESTIMABLE,-1.3706307874950532,-1.3706307874950532,"[-1.5729838168408181, -1.0982227534975555]","[-2.1876676895330687, -0.8519372700966094]",0.0,0.0,True,True,UNCERTAINTY_WIDENED_INTERPRETATION_UNCHANGED,sensitivity CI is wider; interpretation otherwise unchanged
H4|ERROR_CAPTURE|banglaclick:twitter|banglabert|137|0.05,ESTIMABLE,ESTIMABLE,-0.08802904755026197,-0.08802904755026197,"[-0.11259063100937766, -0.05911185274176583]","[-0.12166699907420127, -0.05201210478416829]",0.0,0.0,True,True,UNCERTAINTY_WIDENED_INTERPRETATION_UNCHANGED,sensitivity CI is wider; interpretation otherwise unchanged
H4|AURC|banglaclick:twitter|banglabert|137|0.05,ESTIMABLE,ESTIMABLE,0.5326933736660016,0.5326933736660016,"[0.44144103005129487, 0.6187638612941511]","[0.44025452565546547, 0.6244209649234082]",0.0,0.0,True,True,UNCERTAINTY_WIDENED_INTERPRETATION_UNCHANGED,sensitivity CI is wider; interpretation otherwise unchanged
H4|LIFT|banglaclick:twitter|banglabert|137|0.1,ESTIMABLE,ESTIMABLE,-1.2475715604801474,-1.2475715604801474,"[-1.4445291399321565, -1.0395769099281438]","[-2.0345319499666483, -0.8257007882997043]",0.0,0.0,True,True,UNCERTAINTY_WIDENED_INTERPRETATION_UNCHANGED,sensitivity CI is wider; interpretation otherwise unchanged
H4|ERROR_CAPTURE|banglaclick:twitter|banglabert|137|0.1,ESTIMABLE,ESTIMABLE,-0.1471943900933671,-0.1471943900933671,"[-0.18455809270435347, -0.11294506511967914]","[-0.2165615417100438, -0.11019309517786473]",0.0,0.0,True,True,UNCERTAINTY_WIDENED_INTERPRETATION_UNCHANGED,sensitivity CI is wider; interpretation otherwise unchanged
H4|AURC|banglaclick:twitter|banglabert|137|0.1,ESTIMABLE,ESTIMABLE,0.5326933736660016,0.5326933736660016,"[0.44144103005129487, 0.6187638612941511]","[0.44025452565546547, 0.6244209649234082]",0.0,0.0,True,True,UNCERTAINTY_WIDENED_INTERPRETATION_UNCHANGED,sensitivity CI is wider; interpretation otherwise unchanged
H4|LIFT|banglaclick:twitter|banglabert|137|0.2,ESTIMABLE,ESTIMABLE,-1.1320946702009673,-1.1320946702009673,"[-1.2761204190669926, -0.9604277836402976]","[-1.6533896129404695, -0.799613466970605]",0.0,0.0,True,True,UNCERTAINTY_WIDENED_INTERPRETATION_UNCHANGED,sensitivity CI is wider; interpretation otherwise unchanged
H4|ERROR_CAPTURE|banglaclick:twitter|banglabert|137|0.2,ESTIMABLE,ESTIMABLE,-0.2735683050780686,-0.2735683050780686,"[-0.3260354048838602, -0.23084440773922763]","[-0.3800845387632175, -0.21178024073304788]",0.0,0.0,True,True,UNCERTAINTY_WIDENED_INTERPRETATION_UNCHANGED,sensitivity CI is wider; interpretation otherwise unchanged
H4|AURC|banglaclick:twitter|banglabert|137|0.2,ESTIMABLE,ESTIMABLE,0.5326933736660016,0.5326933736660016,"[0.44144103005129487, 0.6187638612941511]","[0.44025452565546547, 0.6244209649234082]",0.0,0.0,True,True,UNCERTAINTY_WIDENED_INTERPRETATION_UNCHANGED,sensitivity CI is wider; interpretation otherwise unchanged
H4|LIFT|banglaclick:twitter|banglabert|2718|0.05,ESTIMABLE,ESTIMABLE,-1.3496984566679855,-1.3496984566679855,"[-1.5998226100489155, -1.109002509957617]","[-2.2741542144875893, -0.9101379817481536]",0.0,0.0,True,True,UNCERTAINTY_WIDENED_INTERPRETATION_UNCHANGED,sensitivity CI is wider; interpretation otherwise unchanged
H4|ERROR_CAPTURE|banglaclick:twitter|banglabert|2718|0.05,ESTIMABLE,ESTIMABLE,-0.06723800490291035,-0.06723800490291035,"[-0.0952650080815908, -0.039243025972995636]","[-0.1099787543146454, -0.03832367994873739]",0.0,0.0,True,True,UNCERTAINTY_WIDENED_INTERPRETATION_UNCHANGED,sensitivity CI is wider; interpretation otherwise unchanged
H4|AURC|banglaclick:twitter|banglabert|2718|0.05,ESTIMABLE,ESTIMABLE,0.5010889796389512,0.5010889796389512,"[0.4083532232745854, 0.5942334078447902]","[0.40075752511402896, 0.6016796666028071]",0.0,0.0,True,True,UNCERTAINTY_WIDENED_INTERPRETATION_UNCHANGED,sensitivity CI is wider; interpretation otherwise unchanged
H4|LIFT|banglaclick:twitter|banglabert|2718|0.1,ESTIMABLE,ESTIMABLE,-1.3172871057099453,-1.3172871057099453,"[-1.516437706975058, -1.116911359036064]","[-2.0832376219347792, -0.9042186080980937]",0.0,0.0,True,True,UNCERTAINTY_WIDENED_INTERPRETATION_UNCHANGED,sensitivity CI is wider; interpretation otherwise unchanged
H4|ERROR_CAPTURE|banglaclick:twitter|banglabert|2718|0.1,ESTIMABLE,ESTIMABLE,-0.12740887199663342,-0.12740887199663342,"[-0.17125832255727627, -0.09562988461273192]","[-0.20533078865985707, -0.08623758714171335]",0.0,0.0,True,True,UNCERTAINTY_WIDENED_INTERPRETATION_UNCHANGED,sensitivity CI is wider; interpretation otherwise unchanged
H4|AURC|banglaclick:twitter|banglabert|2718|0.1,ESTIMABLE,ESTIMABLE,0.5010889796389512,0.5010889796389512,"[0.4083532232745854, 0.5942334078447902]","[0.40075752511402896, 0.6016796666028071]",0.0,0.0,True,True,UNCERTAINTY_WIDENED_INTERPRETATION_UNCHANGED,sensitivity CI is wider; interpretation otherwise unchanged
H4|LIFT|banglaclick:twitter|banglabert|2718|0.2,ESTIMABLE,ESTIMABLE,-1.17418481477245,-1.17418481477245,"[-1.330649723513182, -1.0119533267373224]","[-1.692344477262246, -0.8497303276781581]",0.0,0.0,True,True,UNCERTAINTY_WIDENED_INTERPRETATION_UNCHANGED,sensitivity CI is wider; interpretation otherwise unchanged
H4|ERROR_CAPTURE|banglaclick:twitter|banglabert|2718|0.2,ESTIMABLE,ESTIMABLE,-0.2415852298155731,-0.2415852298155731,"[-0.2909872724021451, -0.18990950921678096]","[-0.3421937290112186, -0.17469904655716118]",0.0,0.0,True,True,UNCERTAINTY_WIDENED_INTERPRETATION_UNCHANGED,sensitivity CI is wider; interpretation otherwise unchanged
H4|AURC|banglaclick:twitter|banglabert|2718|0.2,ESTIMABLE,ESTIMABLE,0.5010889796389512,0.5010889796389512,"[0.4083532232745854, 0.5942334078447902]","[0.40075752511402896, 0.6016796666028071]",0.0,0.0,True,True,UNCERTAINTY_WIDENED_INTERPRETATION_UNCHANGED,sensitivity CI is wider; interpretation otherwise unchanged
H4|LIFT|banglaclick:twitter|banglabert|31415|0.05,ESTIMABLE,ESTIMABLE,-1.357093787099327,-1.357093787099327,"[-1.5661867393724187, -1.1327946350345426]","[-2.1723928139935915, -0.8977372506444636]",0.0,0.0,True,True,UNCERTAINTY_WIDENED_INTERPRETATION_UNCHANGED,sensitivity CI is wider; interpretation otherwise unchanged
H4|ERROR_CAPTURE|banglaclick:twitter|banglabert|31415|0.05,ESTIMABLE,ESTIMABLE,-0.09205637789703368,-0.09205637789703368,"[-0.12318479273131619, -0.05847894347086823]","[-0.13162517490975775, -0.0584281371834478]",0.0,0.0,True,True,UNCERTAINTY_WIDENED_INTERPRETATION_UNCHANGED,sensitivity CI is wider; interpretation otherwise unchanged
H4|AURC|banglaclick:twitter|banglabert|31415|0.05,ESTIMABLE,ESTIMABLE,0.46957041099637786,0.46957041099637786,"[0.3805269102312673, 0.5527254935044454]","[0.3762703917295285, 0.5598357057898565]",0.0,0.0,True,True,UNCERTAINTY_WIDENED_INTERPRETATION_UNCHANGED,sensitivity CI is wider; interpretation otherwise unchanged
H4|LIFT|banglaclick:twitter|banglabert|31415|0.1,ESTIMABLE,ESTIMABLE,-1.237067881928931,-1.237067881928931,"[-1.441870039533011, -1.0534601516178816]","[-1.9937641295071376, -0.8534879166986162]",0.0,0.0,True,True,UNCERTAINTY_WIDENED_INTERPRETATION_UNCHANGED,sensitivity CI is wider; interpretation otherwise unchanged
H4|ERROR_CAPTURE|banglaclick:twitter|banglabert|31415|0.1,ESTIMABLE,ESTIMABLE,-0.15954325647225334,-0.15954325647225334,"[-0.20112650436285334, -0.11960504962233401]","[-0.22132394576390158, -0.10447832851873258]",0.0,0.0,True,True,UNCERTAINTY_WIDENED_INTERPRETATION_UNCHANGED,sensitivity CI is wider; interpretation otherwise unchanged
H4|AURC|banglaclick:twitter|banglabert|31415|0.1,ESTIMABLE,ESTIMABLE,0.46957041099637786,0.46957041099637786,"[0.3805269102312673, 0.5527254935044454]","[0.3762703917295285, 0.5598357057898565]",0.0,0.0,True,True,UNCERTAINTY_WIDENED_INTERPRETATION_UNCHANGED,sensitivity CI is wider; interpretation otherwise unchanged
H4|LIFT|banglaclick:twitter|banglabert|31415|0.2,ESTIMABLE,ESTIMABLE,-1.1215721340580969,-1.1215721340580969,"[-1.2772498830103858, -0.9570232368258129]","[-1.6835884952696365, -0.8099626456263942]",0.0,0.0,True,True,UNCERTAINTY_WIDENED_INTERPRETATION_UNCHANGED,sensitivity CI is wider; interpretation otherwise unchanged
H4|ERROR_CAPTURE|banglaclick:twitter|banglabert|31415|0.2,ESTIMABLE,ESTIMABLE,-0.2595093471722592,-0.2595093471722592,"[-0.3132592667839718, -0.20559628048221015]","[-0.3638309281588592, -0.19790380044446435]",0.0,0.0,True,True,UNCERTAINTY_WIDENED_INTERPRETATION_UNCHANGED,sensitivity CI is wider; interpretation otherwise unchanged
H4|AURC|banglaclick:twitter|banglabert|31415|0.2,ESTIMABLE,ESTIMABLE,0.46957041099637786,0.46957041099637786,"[0.3805269102312673, 0.5527254935044454]","[0.3762703917295285, 0.5598357057898565]",0.0,0.0,True,True,UNCERTAINTY_WIDENED_INTERPRETATION_UNCHANGED,sensitivity CI is wider; interpretation otherwise unchanged
H4|LIFT|banglaclick:twitter|banglabert|65537|0.05,ESTIMABLE,ESTIMABLE,-1.3915631183221209,-1.3915631183221209,"[-1.6056396496400631, -1.1428613358108968]","[-2.2201929617683787, -0.9065636358524107]",0.0,0.0,True,True,UNCERTAINTY_WIDENED_INTERPRETATION_UNCHANGED,sensitivity CI is wider; interpretation otherwise unchanged
H4|ERROR_CAPTURE|banglaclick:twitter|banglabert|65537|0.05,ESTIMABLE,ESTIMABLE,-0.055394657863145264,-0.055394657863145264,"[-0.08558675857079003, -0.029180169255852647]","[-0.09159112979488061, -0.0292202946489339]",0.0,0.0,True,True,UNCERTAINTY_WIDENED_INTERPRETATION_UNCHANGED,sensitivity CI is wider; interpretation otherwise unchanged
H4|AURC|banglaclick:twitter|banglabert|65537|0.05,ESTIMABLE,ESTIMABLE,0.45893508420005547,0.45893508420005547,"[0.368833094748856, 0.546980603135381]","[0.3633473909737008, 0.552190467291935]",0.0,0.0,True,True,UNCERTAINTY_WIDENED_INTERPRETATION_UNCHANGED,sensitivity CI is wider; interpretation otherwise unchanged
H4|LIFT|banglaclick:twitter|banglabert|65537|0.1,ESTIMABLE,ESTIMABLE,-1.2160605248264975,-1.2160605248264975,"[-1.4158785331802908, -1.02828176351759]","[-1.9851211537193694, -0.8346122857280226]",0.0,0.0,True,True,UNCERTAINTY_WIDENED_INTERPRETATION_UNCHANGED,sensitivity CI is wider; interpretation otherwise unchanged
H4|ERROR_CAPTURE|banglaclick:twitter|banglabert|65537|0.1,ESTIMABLE,ESTIMABLE,-0.13446878751500602,-0.13446878751500602,"[-0.17212496500876848, -0.09462406997520836]","[-0.18951819629124056, -0.09076001219871777]",0.0,0.0,True,True,UNCERTAINTY_WIDENED_INTERPRETATION_UNCHANGED,sensitivity CI is wider; interpretation otherwise unchanged
H4|AURC|banglaclick:twitter|banglabert|65537|0.1,ESTIMABLE,ESTIMABLE,0.45893508420005547,0.45893508420005547,"[0.368833094748856, 0.546980603135381]","[0.3633473909737008, 0.552190467291935]",0.0,0.0,True,True,UNCERTAINTY_WIDENED_INTERPRETATION_UNCHANGED,sensitivity CI is wider; interpretation otherwise unchanged
H4|LIFT|banglaclick:twitter|banglabert|65537|0.2,ESTIMABLE,ESTIMABLE,-1.1492729650830276,-1.1492729650830276,"[-1.3096771110588952, -0.9764620714259199]","[-1.6838897094445648, -0.8296261473758693]",0.0,0.0,True,True,UNCERTAINTY_WIDENED_INTERPRETATION_UNCHANGED,sensitivity CI is wider; interpretation otherwise unchanged
H4|ERROR_CAPTURE|banglaclick:twitter|banglabert|65537|0.2,ESTIMABLE,ESTIMABLE,-0.2438250300120048,-0.2438250300120048,"[-0.2911944188696845, -0.18649090611084373]","[-0.3322840970151901, -0.17749841139175077]",0.0,0.0,True,True,UNCERTAINTY_WIDENED_INTERPRETATION_UNCHANGED,sensitivity CI is wider; interpretation otherwise unchanged
H4|AURC|banglaclick:twitter|banglabert|65537|0.2,ESTIMABLE,ESTIMABLE,0.45893508420005547,0.45893508420005547,"[0.368833094748856, 0.546980603135381]","[0.3633473909737008, 0.552190467291935]",0.0,0.0,True,True,UNCERTAINTY_WIDENED_INTERPRETATION_UNCHANGED,sensitivity CI is wider; interpretation otherwise unchanged
H4|LIFT|banglaclick:twitter|xlmr|42|0.05,ESTIMABLE,ESTIMABLE,-1.252432132963989,-1.252432132963989,"[-1.4728569321812441, -1.0093666025023402]","[-2.1906452819746285, -0.7709216440951976]",0.0,0.0,True,True,UNCERTAINTY_WIDENED_INTERPRETATION_UNCHANGED,sensitivity CI is wider; interpretation otherwise unchanged
H4|ERROR_CAPTURE|banglaclick:twitter|xlmr|42|0.05,ESTIMABLE,ESTIMABLE,-0.0797448744947111,-0.0797448744947111,"[-0.10583351689970628, -0.052846471095548214]","[-0.116606311505028, -0.04917892473806116]",0.0,0.0,True,True,UNCERTAINTY_WIDENED_INTERPRETATION_UNCHANGED,sensitivity CI is wider; interpretation otherwise unchanged
H4|AURC|banglaclick:twitter|xlmr|42|0.05,ESTIMABLE,ESTIMABLE,0.53282159532688,0.53282159532688,"[0.4480240448986389, 0.6076282593872555]","[0.44600992663026134, 0.6192494829996362]",0.0,0.0,True,True,UNCERTAINTY_WIDENED_INTERPRETATION_UNCHANGED,sensitivity CI is wider; interpretation otherwise unchanged
H4|LIFT|banglaclick:twitter|xlmr|42|0.1,ESTIMABLE,ESTIMABLE,-1.344987936734876,-1.344987936734876,"[-1.5423687117601492, -1.1362682348807764]","[-1.9835513521451285, -0.8970428549431692]",0.0,0.0,True,True,UNCERTAINTY_WIDENED_INTERPRETATION_UNCHANGED,sensitivity CI is wider; interpretation otherwise unchanged
H4|ERROR_CAPTURE|banglaclick:twitter|xlmr|42|0.1,ESTIMABLE,ESTIMABLE,-0.14353230218091156,-0.14353230218091156,"[-0.17880442349665088, -0.10432699044867387]","[-0.2030346002422774, -0.09250714305355379]",0.0,0.0,True,True,UNCERTAINTY_WIDENED_INTERPRETATION_UNCHANGED,sensitivity CI is wider; interpretation otherwise unchanged
H4|AURC|banglaclick:twitter|xlmr|42|0.1,ESTIMABLE,ESTIMABLE,0.53282159532688,0.53282159532688,"[0.4480240448986389, 0.6076282593872555]","[0.44600992663026134, 0.6192494829996362]",0.0,0.0,True,True,UNCERTAINTY_WIDENED_INTERPRETATION_UNCHANGED,sensitivity CI is wider; interpretation otherwise unchanged
H4|LIFT|banglaclick:twitter|xlmr|42|0.2,ESTIMABLE,ESTIMABLE,-1.1473395763811873,-1.1473395763811873,"[-1.3038354896719069, -0.9738154505591571]","[-1.6547823134981146, -0.8152334917432023]",0.0,0.0,True,True,UNCERTAINTY_WIDENED_INTERPRETATION_UNCHANGED,sensitivity CI is wider; interpretation otherwise unchanged
H4|ERROR_CAPTURE|banglaclick:twitter|xlmr|42|0.2,ESTIMABLE,ESTIMABLE,-0.2708408975383051,-0.2708408975383051,"[-0.31839183213257705, -0.21804102784683585]","[-0.3507903988859836, -0.20979834825427437]",0.0,0.0,True,True,UNCERTAINTY_WIDENED_INTERPRETATION_UNCHANGED,sensitivity CI is wider; interpretation otherwise unchanged
H4|AURC|banglaclick:twitter|xlmr|42|0.2,ESTIMABLE,ESTIMABLE,0.53282159532688,0.53282159532688,"[0.4480240448986389, 0.6076282593872555]","[0.44600992663026134, 0.6192494829996362]",0.0,0.0,True,True,UNCERTAINTY_WIDENED_INTERPRETATION_UNCHANGED,sensitivity CI is wider; interpretation otherwise unchanged
H4|LIFT|banglaclick:twitter|xlmr|137|0.05,ESTIMABLE,ESTIMABLE,-1.3287661258409178,-1.3287661258409178,"[-1.5861399724791228, -1.0850575881192936]","[-2.156864883201775, -0.8841407305604538]",0.0,0.0,True,True,UNCERTAINTY_WIDENED_INTERPRETATION_UNCHANGED,sensitivity CI is wider; interpretation otherwise unchanged
H4|ERROR_CAPTURE|banglaclick:twitter|xlmr|137|0.05,ESTIMABLE,ESTIMABLE,-0.09165687426556993,-0.09165687426556993,"[-0.11488584257469149, -0.061498216958928376]","[-0.13430654072341808, -0.05474593140457006]",0.0,0.0,True,True,UNCERTAINTY_WIDENED_INTERPRETATION_UNCHANGED,sensitivity CI is wider; interpretation otherwise unchanged
H4|AURC|banglaclick:twitter|xlmr|137|0.05,ESTIMABLE,ESTIMABLE,0.5379686579845212,0.5379686579845212,"[0.4573716070085307, 0.6197730140859109]","[0.4509866987356282, 0.622767036476302]",0.0,0.0,True,True,UNCERTAINTY_WIDENED_INTERPRETATION_UNCHANGED,sensitivity CI is wider; interpretation otherwise unchanged
H4|LIFT|banglaclick:twitter|xlmr|137|0.1,ESTIMABLE,ESTIMABLE,-1.3478712060286537,-1.3478712060286537,"[-1.566441570146141, -1.139912061078161]","[-2.06327999016184, -0.9586961837105327]",0.0,0.0,True,True,UNCERTAINTY_WIDENED_INTERPRETATION_UNCHANGED,sensitivity CI is wider; interpretation otherwise unchanged
H4|ERROR_CAPTURE|banglaclick:twitter|xlmr|137|0.1,ESTIMABLE,ESTIMABLE,-0.17636566332218506,-0.17636566332218506,"[-0.20896290552404237, -0.1324854899493227]","[-0.23696349664777513, -0.10932905193876692]",0.0,0.0,True,True,UNCERTAINTY_WIDENED_INTERPRETATION_UNCHANGED,sensitivity CI is wider; interpretation otherwise unchanged
H4|AURC|banglaclick:twitter|xlmr|137|0.1,ESTIMABLE,ESTIMABLE,0.5379686579845212,0.5379686579845212,"[0.4573716070085307, 0.6197730140859109]","[0.4509866987356282, 0.622767036476302]",0.0,0.0,True,True,UNCERTAINTY_WIDENED_INTERPRETATION_UNCHANGED,sensitivity CI is wider; interpretation otherwise unchanged
H4|LIFT|banglaclick:twitter|xlmr|137|0.2,ESTIMABLE,ESTIMABLE,-1.1492729650830276,-1.1492729650830276,"[-1.3261453131276058, -0.9675172405740528]","[-1.697502427758007, -0.8174990960679904]",0.0,0.0,True,True,UNCERTAINTY_WIDENED_INTERPRETATION_UNCHANGED,sensitivity CI is wider; interpretation otherwise unchanged
H4|ERROR_CAPTURE|banglaclick:twitter|xlmr|137|0.2,ESTIMABLE,ESTIMABLE,-0.24874506613637049,-0.24874506613637049,"[-0.2991663140218074, -0.20457846822226053]","[-0.3479155161923201, -0.20093356456869535]",0.0,0.0,True,True,UNCERTAINTY_WIDENED_INTERPRETATION_UNCHANGED,sensitivity CI is wider; interpretation otherwise unchanged
H4|AURC|banglaclick:twitter|xlmr|137|0.2,ESTIMABLE,ESTIMABLE,0.5379686579845212,0.5379686579845212,"[0.4573716070085307, 0.6197730140859109]","[0.4509866987356282, 0.622767036476302]",0.0,0.0,True,True,UNCERTAINTY_WIDENED_INTERPRETATION_UNCHANGED,sensitivity CI is wider; interpretation otherwise unchanged
H4|LIFT|banglaclick:twitter|xlmr|2718|0.05,ESTIMABLE,ESTIMABLE,-1.2733644637910562,-1.2733644637910562,"[-1.499492180087235, -1.0331178653545539]","[-2.141718111839234, -0.8070761584529373]",0.0,0.0,True,True,UNCERTAINTY_WIDENED_INTERPRETATION_UNCHANGED,sensitivity CI is wider; interpretation otherwise unchanged
H4|ERROR_CAPTURE|banglaclick:twitter|xlmr|2718|0.05,ESTIMABLE,ESTIMABLE,-0.0758998435054773,-0.0758998435054773,"[-0.10395565186774423, -0.0503315446926895]","[-0.1148289582144077, -0.04708049403053041]",0.0,0.0,True,True,UNCERTAINTY_WIDENED_INTERPRETATION_UNCHANGED,sensitivity CI is wider; interpretation otherwise unchanged
H4|AURC|banglaclick:twitter|xlmr|2718|0.05,ESTIMABLE,ESTIMABLE,0.5475420295423822,0.5475420295423822,"[0.46205970683184877, 0.6219231631279988]","[0.45551754611054984, 0.6313824131764916]",0.0,0.0,True,True,UNCERTAINTY_WIDENED_INTERPRETATION_UNCHANGED,sensitivity CI is wider; interpretation otherwise unchanged
H4|LIFT|banglaclick:twitter|xlmr|2718|0.1,ESTIMABLE,ESTIMABLE,-1.2542650344026447,-1.2542650344026447,"[-1.4877835701123598, -1.0759785917526317]","[-2.009442542610222, -0.8661314607533142]",0.0,0.0,True,True,UNCERTAINTY_WIDENED_INTERPRETATION_UNCHANGED,sensitivity CI is wider; interpretation otherwise unchanged
H4|ERROR_CAPTURE|banglaclick:twitter|xlmr|2718|0.1,ESTIMABLE,ESTIMABLE,-0.13622848200312987,-0.13622848200312987,"[-0.1777860609467719, -0.10145990388060172]","[-0.20084265016033306, -0.08984874132013419]",0.0,0.0,True,True,UNCERTAINTY_WIDENED_INTERPRETATION_UNCHANGED,sensitivity CI is wider; interpretation otherwise unchanged
H4|AURC|banglaclick:twitter|xlmr|2718|0.1,ESTIMABLE,ESTIMABLE,0.5475420295423822,0.5475420295423822,"[0.46205970683184877, 0.6219231631279988]","[0.45551754611054984, 0.6313824131764916]",0.0,0.0,True,True,UNCERTAINTY_WIDENED_INTERPRETATION_UNCHANGED,sensitivity CI is wider; interpretation otherwise unchanged
H4|LIFT|banglaclick:twitter|xlmr|2718|0.2,ESTIMABLE,ESTIMABLE,-1.1454061876793467,-1.1454061876793467,"[-1.3117745790942072, -0.9916015151015243]","[-1.699733004943933, -0.8492733128743137]",0.0,0.0,True,True,UNCERTAINTY_WIDENED_INTERPRETATION_UNCHANGED,sensitivity CI is wider; interpretation otherwise unchanged
H4|ERROR_CAPTURE|banglaclick:twitter|xlmr|2718|0.2,ESTIMABLE,ESTIMABLE,-0.23338549817423057,-0.23338549817423057,"[-0.2816800242737174, -0.18384689886987834]","[-0.32133851600985225, -0.17193898637308463]",0.0,0.0,True,True,UNCERTAINTY_WIDENED_INTERPRETATION_UNCHANGED,sensitivity CI is wider; interpretation otherwise unchanged
H4|AURC|banglaclick:twitter|xlmr|2718|0.2,ESTIMABLE,ESTIMABLE,0.5475420295423822,0.5475420295423822,"[0.46205970683184877, 0.6219231631279988]","[0.45551754611054984, 0.6313824131764916]",0.0,0.0,True,True,UNCERTAINTY_WIDENED_INTERPRETATION_UNCHANGED,sensitivity CI is wider; interpretation otherwise unchanged
H4|LIFT|banglaclick:twitter|xlmr|31415|0.05,ESTIMABLE,ESTIMABLE,-1.2869014641867829,-1.2869014641867829,"[-1.564921060373932, -1.0564396333700286]","[-2.1677770933998657, -0.8530848088721419]",0.0,0.0,True,True,UNCERTAINTY_WIDENED_INTERPRETATION_UNCHANGED,sensitivity CI is wider; interpretation otherwise unchanged
H4|ERROR_CAPTURE|banglaclick:twitter|xlmr|31415|0.05,ESTIMABLE,ESTIMABLE,-0.10317254698761129,-0.10317254698761129,"[-0.12400985942039365, -0.07218833316562946]","[-0.14055807978334836, -0.06677139486494794]",0.0,0.0,True,True,UNCERTAINTY_WIDENED_INTERPRETATION_UNCHANGED,sensitivity CI is wider; interpretation otherwise unchanged
H4|AURC|banglaclick:twitter|xlmr|31415|0.05,ESTIMABLE,ESTIMABLE,0.518065780279228,0.518065780279228,"[0.4337524815072088, 0.5977454607057343]","[0.4259665010739476, 0.6070833080625029]",0.0,0.0,True,True,UNCERTAINTY_WIDENED_INTERPRETATION_UNCHANGED,sensitivity CI is wider; interpretation otherwise unchanged
H4|LIFT|banglaclick:twitter|xlmr|31415|0.1,ESTIMABLE,ESTIMABLE,-1.357447949244929,-1.357447949244929,"[-1.5479687820785262, -1.1100237247684805]","[-2.0275688075934757, -0.9042015763689905]",0.0,0.0,True,True,UNCERTAINTY_WIDENED_INTERPRETATION_UNCHANGED,sensitivity CI is wider; interpretation otherwise unchanged
H4|ERROR_CAPTURE|banglaclick:twitter|xlmr|31415|0.1,ESTIMABLE,ESTIMABLE,-0.1658580244005841,-0.1658580244005841,"[-0.19964092858707863, -0.12829591809567575]","[-0.23331997795294587, -0.11898652144130457]",0.0,0.0,True,True,UNCERTAINTY_WIDENED_INTERPRETATION_UNCHANGED,sensitivity CI is wider; interpretation otherwise unchanged
H4|AURC|banglaclick:twitter|xlmr|31415|0.1,ESTIMABLE,ESTIMABLE,0.518065780279228,0.518065780279228,"[0.4337524815072088, 0.5977454607057343]","[0.4259665010739476, 0.6070833080625029]",0.0,0.0,True,True,UNCERTAINTY_WIDENED_INTERPRETATION_UNCHANGED,sensitivity CI is wider; interpretation otherwise unchanged
H4|LIFT|banglaclick:twitter|xlmr|31415|0.2,ESTIMABLE,ESTIMABLE,-1.1434727989775058,-1.1434727989775058,"[-1.3144290859501855, -0.9723759983269028]","[-1.6660533732683647, -0.8128676839186245]",0.0,0.0,True,True,UNCERTAINTY_WIDENED_INTERPRETATION_UNCHANGED,sensitivity CI is wider; interpretation otherwise unchanged
H4|ERROR_CAPTURE|banglaclick:twitter|xlmr|31415|0.2,ESTIMABLE,ESTIMABLE,-0.257248339535541,-0.257248339535541,"[-0.30030417151317856, -0.2074294532739459]","[-0.3265878634950819, -0.20182479528447883]",0.0,0.0,True,True,UNCERTAINTY_WIDENED_INTERPRETATION_UNCHANGED,sensitivity CI is wider; interpretation otherwise unchanged
H4|AURC|banglaclick:twitter|xlmr|31415|0.2,ESTIMABLE,ESTIMABLE,0.518065780279228,0.518065780279228,"[0.4337524815072088, 0.5977454607057343]","[0.4259665010739476, 0.6070833080625029]",0.0,0.0,True,True,UNCERTAINTY_WIDENED_INTERPRETATION_UNCHANGED,sensitivity CI is wider; interpretation otherwise unchanged
H4|LIFT|banglaclick:twitter|xlmr|65537|0.05,ESTIMABLE,ESTIMABLE,-1.3152291254451915,-1.3152291254451915,"[-1.5565285692446444, -1.1066473693801901]","[-2.238850905049404, -0.8892320456045307]",0.0,0.0,True,True,UNCERTAINTY_WIDENED_INTERPRETATION_UNCHANGED,sensitivity CI is wider; interpretation otherwise unchanged
H4|ERROR_CAPTURE|banglaclick:twitter|xlmr|65537|0.05,ESTIMABLE,ESTIMABLE,-0.11280159728254528,-0.11280159728254528,"[-0.14018211514549483, -0.07979571503947015]","[-0.1583160110049294, -0.07314986305547323]",0.0,0.0,True,True,UNCERTAINTY_WIDENED_INTERPRETATION_UNCHANGED,sensitivity CI is wider; interpretation otherwise unchanged
H4|AURC|banglaclick:twitter|xlmr|65537|0.05,ESTIMABLE,ESTIMABLE,0.48217677374577683,0.48217677374577683,"[0.3957159874301956, 0.565940532243106]","[0.38939347652214756, 0.5745255654353022]",0.0,0.0,True,True,UNCERTAINTY_WIDENED_INTERPRETATION_UNCHANGED,sensitivity CI is wider; interpretation otherwise unchanged
H4|LIFT|banglaclick:twitter|xlmr|65537|0.1,ESTIMABLE,ESTIMABLE,-1.271462186876359,-1.271462186876359,"[-1.507798182999598, -1.0914156125544787]","[-2.045289351570594, -0.9144890835735546]",0.0,0.0,True,True,UNCERTAINTY_WIDENED_INTERPRETATION_UNCHANGED,sensitivity CI is wider; interpretation otherwise unchanged
H4|ERROR_CAPTURE|banglaclick:twitter|xlmr|65537|0.1,ESTIMABLE,ESTIMABLE,-0.1861378693391762,-0.1861378693391762,"[-0.22325774863693737, -0.14761984906755354]","[-0.24013459681313376, -0.14536587249231414]",0.0,0.0,True,True,UNCERTAINTY_WIDENED_INTERPRETATION_UNCHANGED,sensitivity CI is wider; interpretation otherwise unchanged
H4|AURC|banglaclick:twitter|xlmr|65537|0.1,ESTIMABLE,ESTIMABLE,0.48217677374577683,0.48217677374577683,"[0.3957159874301956, 0.565940532243106]","[0.38939347652214756, 0.5745255654353022]",0.0,0.0,True,True,UNCERTAINTY_WIDENED_INTERPRETATION_UNCHANGED,sensitivity CI is wider; interpretation otherwise unchanged
H4|LIFT|banglaclick:twitter|xlmr|65537|0.2,ESTIMABLE,ESTIMABLE,-1.2171305519776003,-1.2171305519776003,"[-1.3703863667219292, -1.0427361847838232]","[-1.7473417006624299, -0.8639272754454148]",0.0,0.0,True,True,UNCERTAINTY_WIDENED_INTERPRETATION_UNCHANGED,sensitivity CI is wider; interpretation otherwise unchanged
H4|ERROR_CAPTURE|banglaclick:twitter|xlmr|65537|0.2,ESTIMABLE,ESTIMABLE,-0.29964605670871636,-0.29964605670871636,"[-0.3383683913566726, -0.24207932114551126]","[-0.38452115736832815, -0.22657187857716693]",0.0,0.0,True,True,UNCERTAINTY_WIDENED_INTERPRETATION_UNCHANGED,sensitivity CI is wider; interpretation otherwise unchanged
H4|AURC|banglaclick:twitter|xlmr|65537|0.2,ESTIMABLE,ESTIMABLE,0.48217677374577683,0.48217677374577683,"[0.3957159874301956, 0.565940532243106]","[0.38939347652214756, 0.5745255654353022]",0.0,0.0,True,True,UNCERTAINTY_WIDENED_INTERPRETATION_UNCHANGED,sensitivity CI is wider; interpretation otherwise unchanged
