archive,internal_path,filename,stage,purpose,classification,whole_sha256,source_sha256,size_bytes,cell_count,code_cells,markdown_cells,output_objects,execution_status,kernel,imports_detected,absolute_paths_detected,related_notebook,final_disposition
/mnt/data/SWARABYANJAN_RULE_A_RULE_B_ISOLATED_EXECUTION_PACKAGE_2026-09-23.zip,RULE_A/notebooks/07_H3_H4_BRIDGE_EXPLORATORY_vFINAL.ipynb,07_H3_H4_BRIDGE_EXPLORATORY_vFINAL.ipynb,07,Post-hoc Rule A News-decontamination sensitivity execution,SENSITIVITY_RULE_A,93d6dc6e8465d5e546b23e0eb596dfa73a60b9e5b1f3c4a0bbb07b15a7d909f7,c47e1fce81e10213df1e47bca1ee61e35dd436252e7b50b041ea8f605745a002,90715,13,11,2,11,EXECUTED,python3,collections;datetime;hashlib;numpy;pandas;pathlib;scipy.stats,/kaggle/input;/kaggle/working,Primary frozen Stage05/06/07 counterparts,SENSITIVITY_ONLY
/mnt/data/SWARABYANJAN_RULE_A_RULE_B_ISOLATED_EXECUTION_PACKAGE_2026-09-23.zip,RULE_A/notebooks/05_EXTERNAL_VALIDATION_H3_vFINAL.ipynb,05_EXTERNAL_VALIDATION_H3_vFINAL.ipynb,05,Post-hoc Rule A News-decontamination sensitivity execution,SENSITIVITY_RULE_A,42293f7f223c93c84ef4d70f1b1484a65c191afc4f9c71410bc6096254c3acfd,37456b5f2bc6e98453863f0ddfc233094b944d9d4b6c8cdffbdf3fd521994735,277219,19,9,10,9,EXECUTED,python3,collections;datetime;hashlib;numpy;pandas;pathlib;scipy.special;scipy.stats;sklearn.metrics;statsmodels.api;statsmodels.stats.multitest,,Primary frozen Stage05/06/07 counterparts,SENSITIVITY_ONLY
/mnt/data/SWARABYANJAN_RULE_A_RULE_B_ISOLATED_EXECUTION_PACKAGE_2026-09-23.zip,RULE_A/notebooks/06_FIXED_BUDGET_RELIABILITY_EVALUATION_vFINAL.ipynb,06_FIXED_BUDGET_RELIABILITY_EVALUATION_vFINAL.ipynb,06,Post-hoc Rule A News-decontamination sensitivity execution,SENSITIVITY_RULE_A,67a53253c4dd74e49851e706fabab32a04e760c2a6cac7ff1bb1a39697702068,b8fa16d69cf68159f3132edfce4cfd5acf616bfc5ba7ecd704063ec1759f8bdf,155538,14,7,7,6,EXECUTED,python3,collections;datetime;hashlib;importlib.metadata;importlib.util;json;matplotlib.pyplot;numpy;os;pathlib;subprocess;sys;tempfile;textwrap,/kaggle/input;/kaggle/working,Primary frozen Stage05/06/07 counterparts,SENSITIVITY_ONLY
/mnt/data/SWARABYANJAN_RULE_A_RULE_B_ISOLATED_EXECUTION_PACKAGE_2026-09-23.zip,RULE_A/executed/05_EXTERNAL_VALIDATION_H3_vFINAL_executed.ipynb,05_EXTERNAL_VALIDATION_H3_vFINAL_executed.ipynb,05,Post-hoc Rule A News-decontamination sensitivity execution,SENSITIVITY_RULE_A,b63526517039588a4318978c233a7130a629b3014678472aa9a4bef63348d5bb,5fbc027ccd5ac434e5a12e4b5e524d8f9a3b82667d8be0a6bd102bd094802d83,412857,19,9,10,1574,EXECUTED,python3,collections;datetime;hashlib;numpy;pandas;pathlib;scipy.special;scipy.stats;sklearn.metrics;statsmodels.api;statsmodels.stats.multitest,/kaggle/input;/kaggle/working,Primary frozen Stage05/06/07 counterparts,SENSITIVITY_ONLY
/mnt/data/SWARABYANJAN_RULE_A_RULE_B_ISOLATED_EXECUTION_PACKAGE_2026-09-23.zip,RULE_A/executed/07_H3_H4_BRIDGE_EXPLORATORY_vFINAL_executed.ipynb,07_H3_H4_BRIDGE_EXPLORATORY_vFINAL_executed.ipynb,07,Post-hoc Rule A News-decontamination sensitivity execution,SENSITIVITY_RULE_A,5334230778f71449e2cc6e1470594682470565e687bb6f5d933c0a84aa28ec81,c47e1fce81e10213df1e47bca1ee61e35dd436252e7b50b041ea8f605745a002,92626,13,11,2,33,EXECUTED,python3,collections;datetime;hashlib;numpy;pandas;pathlib;scipy.stats,/kaggle/input;/kaggle/working,Primary frozen Stage05/06/07 counterparts,SENSITIVITY_ONLY
/mnt/data/SWARABYANJAN_RULE_A_RULE_B_ISOLATED_EXECUTION_PACKAGE_2026-09-23.zip,RULE_A/executed/06_FIXED_BUDGET_RELIABILITY_EVALUATION_vFINAL_executed.ipynb,06_FIXED_BUDGET_RELIABILITY_EVALUATION_vFINAL_executed.ipynb,06,Post-hoc Rule A News-decontamination sensitivity execution,SENSITIVITY_RULE_A,7bb05ddbe71c38b606e7836637b047db61ece06b25b7dd0401aa74becca5db1d,a0d080a8778071b5ab4b624d30807790eb424716c6fb06a095af6ed6c055033c,216134,14,7,7,708,EXECUTED,python3,collections;datetime;hashlib;importlib.metadata;importlib.util;json;matplotlib.pyplot;numpy;os;pathlib;subprocess;sys;tempfile;textwrap,/kaggle/input;/kaggle/working,Primary frozen Stage05/06/07 counterparts,SENSITIVITY_ONLY
/mnt/data/SWARABYANJAN_RULE_A_RULE_B_ISOLATED_EXECUTION_PACKAGE_2026-09-23.zip,RULE_B/notebooks/07_H3_H4_BRIDGE_EXPLORATORY_vFINAL.ipynb,07_H3_H4_BRIDGE_EXPLORATORY_vFINAL.ipynb,07,Post-hoc Rule B News-decontamination sensitivity execution,SENSITIVITY_RULE_B,93d6dc6e8465d5e546b23e0eb596dfa73a60b9e5b1f3c4a0bbb07b15a7d909f7,c47e1fce81e10213df1e47bca1ee61e35dd436252e7b50b041ea8f605745a002,90715,13,11,2,11,EXECUTED,python3,collections;datetime;hashlib;numpy;pandas;pathlib;scipy.stats,/kaggle/input;/kaggle/working,Primary frozen Stage05/06/07 counterparts,SENSITIVITY_ONLY
/mnt/data/SWARABYANJAN_RULE_A_RULE_B_ISOLATED_EXECUTION_PACKAGE_2026-09-23.zip,RULE_B/notebooks/05_EXTERNAL_VALIDATION_H3_vFINAL.ipynb,05_EXTERNAL_VALIDATION_H3_vFINAL.ipynb,05,Post-hoc Rule B News-decontamination sensitivity execution,SENSITIVITY_RULE_B,362e994ceab8f822b12183b250557664a903d498d69bc184ffeebd09a5177ec3,d4d06535e1dc9f5696e16b6b36ff8b86ea1a67b1a7edbacdf2c835efc0f75e57,277314,19,9,10,9,EXECUTED,python3,collections;datetime;hashlib;numpy;pandas;pathlib;scipy.special;scipy.stats;sklearn.metrics;statsmodels.api;statsmodels.stats.multitest,/kaggle/input;/kaggle/working,Primary frozen Stage05/06/07 counterparts,SENSITIVITY_ONLY
/mnt/data/SWARABYANJAN_RULE_A_RULE_B_ISOLATED_EXECUTION_PACKAGE_2026-09-23.zip,RULE_B/notebooks/06_FIXED_BUDGET_RELIABILITY_EVALUATION_vFINAL.ipynb,06_FIXED_BUDGET_RELIABILITY_EVALUATION_vFINAL.ipynb,06,Post-hoc Rule B News-decontamination sensitivity execution,SENSITIVITY_RULE_B,34ec23a34928d9ba2c28f08e9412183ce87b68ef1d5666061f1f61a8a9a7fb7e,6118187de4cb650d3901ad7276e6f3a2c7ee83d393a4aafa4bd4a62658df70e8,155355,14,7,7,6,EXECUTED,python3,collections;datetime;hashlib;importlib.metadata;importlib.util;json;matplotlib.pyplot;numpy;os;pathlib;subprocess;sys;tempfile;textwrap,,Primary frozen Stage05/06/07 counterparts,SENSITIVITY_ONLY
/mnt/data/SWARABYANJAN_RULE_A_RULE_B_ISOLATED_EXECUTION_PACKAGE_2026-09-23.zip,RULE_B/executed/07_H3_H4_BRIDGE_EXPLORATORY_vFINAL_executed.ipynb,07_H3_H4_BRIDGE_EXPLORATORY_vFINAL_executed.ipynb,07,Post-hoc Rule B News-decontamination sensitivity execution,SENSITIVITY_RULE_B,f937a8772cbf7127400bcad47cfd8b26adfeee37116b2e134e21e5bc996801db,c47e1fce81e10213df1e47bca1ee61e35dd436252e7b50b041ea8f605745a002,92625,13,11,2,33,EXECUTED,python3,collections;datetime;hashlib;numpy;pandas;pathlib;scipy.stats,/kaggle/input;/kaggle/working,Primary frozen Stage05/06/07 counterparts,SENSITIVITY_ONLY
/mnt/data/swarabyanjan-crossplatform-paper-STAGE10-RELEASE.zip,swarabyanjan-crossplatform-paper\02_cleaning\02_p0_integrity_provenance_leakage_audit.ipynb,02_p0_integrity_provenance_leakage_audit.ipynb,,Stage10 packaged release copy,STAGE10_RELEASE_COPY,2f41695de0d16a44bfbbae55fca67b8fb620cae92397ac6088ae8d93320ce4ba,103d11105532d2b9b7efff13adc6ecfa158b4f55f7063ba5d3442eed5f6fa290,258879,23,11,12,43,PARTIALLY_EXECUTED,python3,collections;csv;datetime;hashlib;importlib.metadata;json;math;numpy;openpyxl;os;pandas;pathlib;platform;pyarrow.parquet;re;shutil;sqlite3;subprocess;sys;unicodedata;zipfile,/kaggle/input;/kaggle/input.;/kaggle/working,,RELEASE_COPY_NOT_CANONICAL_SOURCE
/mnt/data/swarabyanjan-crossplatform-paper-STAGE10-RELEASE.zip,swarabyanjan-crossplatform-paper\ANONYMIZED_RELEASE\02_cleaning\02_p0_integrity_provenance_leakage_audit.ipynb,02_p0_integrity_provenance_leakage_audit.ipynb,,Anonymized release copy of a frozen notebook,ANONYMIZED_RELEASE_COPY,83be5a3748d93c354c53cc980da98c1bc9c7665b76bc5732ed3fb57343b3dc39,103d11105532d2b9b7efff13adc6ecfa158b4f55f7063ba5d3442eed5f6fa290,258881,23,11,12,43,PARTIALLY_EXECUTED,python3,collections;csv;datetime;hashlib;importlib.metadata;json;math;numpy;openpyxl;os;pandas;pathlib;platform;pyarrow.parquet;re;shutil;sqlite3;subprocess;sys;unicodedata;zipfile,/kaggle/input;/kaggle/input.;/kaggle/working,,RELEASE_COPY_NOT_CANONICAL_SOURCE
/mnt/data/swarabyanjan-crossplatform-paper-STAGE10-RELEASE.zip,swarabyanjan-crossplatform-paper\ANONYMIZED_RELEASE\notebooks\01-dataset-acquisition-and-freeze.ipynb,01-dataset-acquisition-and-freeze.ipynb,01,Anonymized release copy of a frozen notebook,ANONYMIZED_RELEASE_COPY,0223500a7d1a58c1044d664e01c20e7e776fd4ceb58e8e8575181ac1944c0481,ca6e7da20f58ed561cd04026f258760b1b8efc4752eea9676179e5a300d585be,236791,19,9,10,27,EXECUTED,python3,datetime;hashlib;huggingface_hub;json;os;pathlib;platform;requests;requests.adapters;shutil;sys;tarfile;time;tqdm.auto;traceback;urllib.parse;urllib3.util.retry;zipfile,/kaggle/working,Stage 01 canonical source,RELEASE_COPY_NOT_CANONICAL_SOURCE
/mnt/data/swarabyanjan-crossplatform-paper-STAGE10-RELEASE.zip,swarabyanjan-crossplatform-paper\ANONYMIZED_RELEASE\notebooks\02-p0-integrity-provenance-leakage-audit.ipynb,02-p0-integrity-provenance-leakage-audit.ipynb,02,Anonymized release copy of a frozen notebook,ANONYMIZED_RELEASE_COPY,bb99fd934c5d7ee536b9012ba5a7d4ff61d595949ace45ff3ad5cdac962c273a,103d11105532d2b9b7efff13adc6ecfa158b4f55f7063ba5d3442eed5f6fa290,246257,23,11,12,7,EXECUTED,python3,collections;csv;datetime;hashlib;importlib.metadata;json;math;numpy;openpyxl;os;pandas;pathlib;platform;pyarrow.parquet;re;shutil;sqlite3;subprocess;sys;unicodedata;zipfile,/kaggle/input;/kaggle/input.;/kaggle/working,Stage 02 canonical source,RELEASE_COPY_NOT_CANONICAL_SOURCE
/mnt/data/swarabyanjan-crossplatform-paper-STAGE10-RELEASE.zip,swarabyanjan-crossplatform-paper\ANONYMIZED_RELEASE\notebooks\03-primary-model-development.ipynb,03-primary-model-development.ipynb,03,Anonymized release copy of a frozen notebook,ANONYMIZED_RELEASE_COPY,b103f71ab87f0996ec14763d5d20b8d6993dd1b930035791a80c06cf86493941,28a9443724e67e4955c16ea7fe080c80e4f53539ba2d1f6da74bf26a96f8f5f9,501974,22,14,8,73,EXECUTED,python3,collections;csv;datetime;huggingface_hub;importlib.metadata;importlib.util;interpret.glassbox;joblib;json;numpy;os;pandas;pathlib;pyarrow;pyarrow.parquet;scipy.special;shutil;sklearn.feature_extraction.text;sklearn.linear_model;sklearn.metrics;sklearn.model_selection;sklearn.pipeline;subprocess;sys;tempfile;textwrap;torch;torch.utils.data;transformers,/kaggle/input;/kaggle/working,Stage 03 canonical source,RELEASE_COPY_NOT_CANONICAL_SOURCE
/mnt/data/swarabyanjan-crossplatform-paper-STAGE10-RELEASE.zip,swarabyanjan-crossplatform-paper\ANONYMIZED_RELEASE\notebooks\04-calibration.ipynb,04-calibration.ipynb,04,Anonymized release copy of a frozen notebook,ANONYMIZED_RELEASE_COPY,fb8778f178bb7c633b2150e27d7513ec2ff379255943b04db3da386a932f8795,1811bd43a2e954138e14d9f9d64224741d7bbc9df5ecb8ab54e09bec49a5246d,154811,14,7,7,16,EXECUTED,python3,datetime;hashlib;importlib.metadata;importlib.util;interpret.glassbox;joblib;json;numpy;os;pathlib;scipy.optimize;scipy.special;sklearn.metrics;statsmodels.api;subprocess;sys;tempfile;textwrap;torch;torch.utils.data;transformers;unicodedata,/kaggle/input;/kaggle/working,Stage 04 canonical source,RELEASE_COPY_NOT_CANONICAL_SOURCE
/mnt/data/swarabyanjan-crossplatform-paper-STAGE10-RELEASE.zip,swarabyanjan-crossplatform-paper\ANONYMIZED_RELEASE\notebooks\05_EXTERNAL_VALIDATION_H3_vFINAL.ipynb,05_EXTERNAL_VALIDATION_H3_vFINAL.ipynb,05,Anonymized release copy of a frozen notebook,ANONYMIZED_RELEASE_COPY,325fa086444d71eef4f118a42c5cd7da8561c403d6e9bb6287b6eedb62976af2,fd39e1b5af82d98a724878303c578a8658e88945a852e0225a90be8956691b6e,274441,19,9,10,9,EXECUTED,python3,collections;datetime;hashlib;numpy;pandas;pathlib;scipy.special;scipy.stats;sklearn.metrics;statsmodels.api;statsmodels.stats.multitest,/kaggle/input;/kaggle/working,Stage 05 canonical source,RELEASE_COPY_NOT_CANONICAL_SOURCE
/mnt/data/swarabyanjan-crossplatform-paper-STAGE10-RELEASE.zip,swarabyanjan-crossplatform-paper\ANONYMIZED_RELEASE\notebooks\06_FIXED_BUDGET_RELIABILITY_EVALUATION_vFINAL.ipynb,06_FIXED_BUDGET_RELIABILITY_EVALUATION_vFINAL.ipynb,06,Anonymized release copy of a frozen notebook,ANONYMIZED_RELEASE_COPY,7d73b4a6a58ca0746deb90e6acee271cc1e261364a7192001eceafd89f416702,701d4cb692752ddf3217814ff2c91f86f6cec27b6bda93536975b7e7f4310977,152057,14,7,7,6,EXECUTED,python3,collections;datetime;hashlib;importlib.metadata;importlib.util;json;matplotlib.pyplot;numpy;os;pathlib;subprocess;sys;tempfile;textwrap,/kaggle/input;/kaggle/working,Stage 06 canonical source,RELEASE_COPY_NOT_CANONICAL_SOURCE
/mnt/data/swarabyanjan-crossplatform-paper-STAGE10-RELEASE.zip,swarabyanjan-crossplatform-paper\ANONYMIZED_RELEASE\notebooks\07_H3_H4_BRIDGE_EXPLORATORY_vFINAL.ipynb,07_H3_H4_BRIDGE_EXPLORATORY_vFINAL.ipynb,07,Anonymized release copy of a frozen notebook,ANONYMIZED_RELEASE_COPY,967a7af8f994ab8273d58fd49aca561c2f4b3db232739e3501db9ab8036e0fcb,db655a95aad79a520ca91d01a238c4c4c39ba70906d3208699891bbcc6980f4b,83119,13,11,2,11,EXECUTED,python3,collections;datetime;hashlib;numpy;pandas;pathlib;scipy.stats,/kaggle/input;/kaggle/working,Stage 07 canonical source,RELEASE_COPY_NOT_CANONICAL_SOURCE
/mnt/data/swarabyanjan-crossplatform-paper-STAGE10-RELEASE.zip,swarabyanjan-crossplatform-paper\ANONYMIZED_RELEASE\notebooks\08_MANUSCRIPT_FIGURES_AND_TABLES_vFINAL.ipynb,08_MANUSCRIPT_FIGURES_AND_TABLES_vFINAL.ipynb,08,Anonymized release copy of a frozen notebook,ANONYMIZED_RELEASE_COPY,8e779f1388d143c26a004e5cdd4985e9462241909e33f8723dfcfa1e82fd8095,339edf5f88b593647018103e0f1269a58f6581a7ddf8d109397e2e16b84c852e,114796,16,16,0,13,EXECUTED,python3,collections;datetime;hashlib;matplotlib;matplotlib.lines;matplotlib.patches;matplotlib.pyplot;numpy;pandas;pathlib,/kaggle/input;/kaggle/working;/kaggle/working/08_manuscript_outputs;/mnt/data;/mnt/data/08_manuscript_outputs,Stage 08 canonical source,RELEASE_COPY_NOT_CANONICAL_SOURCE
/mnt/data/swarabyanjan-crossplatform-paper-STAGE10-RELEASE.zip,swarabyanjan-crossplatform-paper\ANONYMIZED_RELEASE\notebooks\09_SOURCE_SITE_CLUSTER_SENSITIVITY_vFINAL.ipynb,09_SOURCE_SITE_CLUSTER_SENSITIVITY_vFINAL.ipynb,09,Anonymized release copy of a frozen notebook,ANONYMIZED_RELEASE_COPY,a783f373daf896edadee537c5b0aa4f7ff68a1fa4412a47b19958ff5e5d8f376,06baa2d0948e5b321821b30bd9b1aa4d11b787e8b2ef1418c74e0db133afb1bb,107024,12,11,1,11,EXECUTED,python3,collections;csv;datetime;numpy;pandas;pathlib;pyarrow.parquet;scipy.stats;sklearn.metrics;statsmodels.stats.multitest;urllib.parse,/kaggle/input;/kaggle/working;/mnt/data,Stage 09 canonical source,RELEASE_COPY_NOT_CANONICAL_SOURCE
/mnt/data/swarabyanjan-crossplatform-paper-STAGE10-RELEASE.zip,swarabyanjan-crossplatform-paper\notebooks\01-dataset-acquisition-and-freeze.ipynb,01-dataset-acquisition-and-freeze.ipynb,01,Stage10 packaged release copy,STAGE10_RELEASE_COPY,0223500a7d1a58c1044d664e01c20e7e776fd4ceb58e8e8575181ac1944c0481,ca6e7da20f58ed561cd04026f258760b1b8efc4752eea9676179e5a300d585be,236791,19,9,10,27,EXECUTED,python3,datetime;hashlib;huggingface_hub;json;os;pathlib;platform;requests;requests.adapters;shutil;sys;tarfile;time;tqdm.auto;traceback;urllib.parse;urllib3.util.retry;zipfile,/kaggle/working,Stage 01 canonical source,RELEASE_COPY_NOT_CANONICAL_SOURCE
/mnt/data/swarabyanjan-crossplatform-paper-STAGE10-RELEASE.zip,swarabyanjan-crossplatform-paper\notebooks\02-p0-integrity-provenance-leakage-audit.ipynb,02-p0-integrity-provenance-leakage-audit.ipynb,02,Stage10 packaged release copy,STAGE10_RELEASE_COPY,77f5ad63c6c60dc637d15e2f7eec544e23138fb8f7d3b9e1c25e083f7f601d22,103d11105532d2b9b7efff13adc6ecfa158b4f55f7063ba5d3442eed5f6fa290,246255,23,11,12,7,EXECUTED,python3,collections;csv;datetime;hashlib;importlib.metadata;json;math;numpy;openpyxl;os;pandas;pathlib;platform;pyarrow.parquet;re;shutil;sqlite3;subprocess;sys;unicodedata;zipfile,/kaggle/input;/kaggle/input.;/kaggle/working,Stage 02 canonical source,RELEASE_COPY_NOT_CANONICAL_SOURCE
/mnt/data/swarabyanjan-crossplatform-paper-STAGE10-RELEASE.zip,swarabyanjan-crossplatform-paper\notebooks\03-primary-model-development.ipynb,03-primary-model-development.ipynb,03,Stage10 packaged release copy,STAGE10_RELEASE_COPY,9847f4b0d6f31afca35a698557f9bf3cf339f37b9c14386829960474f59645da,28a9443724e67e4955c16ea7fe080c80e4f53539ba2d1f6da74bf26a96f8f5f9,501972,22,14,8,73,EXECUTED,python3,collections;csv;datetime;huggingface_hub;importlib.metadata;importlib.util;interpret.glassbox;joblib;json;numpy;os;pandas;pathlib;pyarrow;pyarrow.parquet;scipy.special;shutil;sklearn.feature_extraction.text;sklearn.linear_model;sklearn.metrics;sklearn.model_selection;sklearn.pipeline;subprocess;sys;tempfile;textwrap;torch;torch.utils.data;transformers,/kaggle/input;/kaggle/working,Stage 03 canonical source,RELEASE_COPY_NOT_CANONICAL_SOURCE
/mnt/data/swarabyanjan-crossplatform-paper-STAGE10-RELEASE.zip,swarabyanjan-crossplatform-paper\notebooks\04-calibration.ipynb,04-calibration.ipynb,04,Stage10 packaged release copy,STAGE10_RELEASE_COPY,64d23570c8df9c0559fce2b4194f40f3f298b9e9b2ca844644382f5e0bf5f4ef,1811bd43a2e954138e14d9f9d64224741d7bbc9df5ecb8ab54e09bec49a5246d,154809,14,7,7,16,EXECUTED,python3,datetime;hashlib;importlib.metadata;importlib.util;interpret.glassbox;joblib;json;numpy;os;pathlib;scipy.optimize;scipy.special;sklearn.metrics;statsmodels.api;subprocess;sys;tempfile;textwrap;torch;torch.utils.data;transformers;unicodedata,/kaggle/input;/kaggle/working,Stage 04 canonical source,RELEASE_COPY_NOT_CANONICAL_SOURCE
/mnt/data/swarabyanjan-crossplatform-paper-STAGE10-RELEASE.zip,swarabyanjan-crossplatform-paper\notebooks\05_EXTERNAL_VALIDATION_H3_vFINAL.ipynb,05_EXTERNAL_VALIDATION_H3_vFINAL.ipynb,05,Stage10 packaged release copy,STAGE10_RELEASE_COPY,9155f804884958c43b119d68b43e1b2d4763b5daa661e1e009039782ab9d4ad5,fd39e1b5af82d98a724878303c578a8658e88945a852e0225a90be8956691b6e,274439,19,9,10,9,EXECUTED,python3,collections;datetime;hashlib;numpy;pandas;pathlib;scipy.special;scipy.stats;sklearn.metrics;statsmodels.api;statsmodels.stats.multitest,/kaggle/input;/kaggle/working,Stage 05 canonical source,RELEASE_COPY_NOT_CANONICAL_SOURCE
/mnt/data/swarabyanjan-crossplatform-paper-STAGE10-RELEASE.zip,swarabyanjan-crossplatform-paper\notebooks\06_FIXED_BUDGET_RELIABILITY_EVALUATION_vFINAL.ipynb,06_FIXED_BUDGET_RELIABILITY_EVALUATION_vFINAL.ipynb,06,Stage10 packaged release copy,STAGE10_RELEASE_COPY,7d73b4a6a58ca0746deb90e6acee271cc1e261364a7192001eceafd89f416702,701d4cb692752ddf3217814ff2c91f86f6cec27b6bda93536975b7e7f4310977,152057,14,7,7,6,EXECUTED,python3,collections;datetime;hashlib;importlib.metadata;importlib.util;json;matplotlib.pyplot;numpy;os;pathlib;subprocess;sys;tempfile;textwrap,/kaggle/input;/kaggle/working,Stage 06 canonical source,RELEASE_COPY_NOT_CANONICAL_SOURCE
/mnt/data/swarabyanjan-crossplatform-paper-STAGE10-RELEASE.zip,swarabyanjan-crossplatform-paper\notebooks\07_H3_H4_BRIDGE_EXPLORATORY_vFINAL.ipynb,07_H3_H4_BRIDGE_EXPLORATORY_vFINAL.ipynb,07,Stage10 packaged release copy,STAGE10_RELEASE_COPY,967a7af8f994ab8273d58fd49aca561c2f4b3db232739e3501db9ab8036e0fcb,db655a95aad79a520ca91d01a238c4c4c39ba70906d3208699891bbcc6980f4b,83119,13,11,2,11,EXECUTED,python3,collections;datetime;hashlib;numpy;pandas;pathlib;scipy.stats,/kaggle/input;/kaggle/working,Stage 07 canonical source,RELEASE_COPY_NOT_CANONICAL_SOURCE
/mnt/data/swarabyanjan-crossplatform-paper-STAGE10-RELEASE.zip,swarabyanjan-crossplatform-paper\notebooks\08_MANUSCRIPT_FIGURES_AND_TABLES_vFINAL.ipynb,08_MANUSCRIPT_FIGURES_AND_TABLES_vFINAL.ipynb,08,Stage10 packaged release copy,STAGE10_RELEASE_COPY,8e779f1388d143c26a004e5cdd4985e9462241909e33f8723dfcfa1e82fd8095,339edf5f88b593647018103e0f1269a58f6581a7ddf8d109397e2e16b84c852e,114796,16,16,0,13,EXECUTED,python3,collections;datetime;hashlib;matplotlib;matplotlib.lines;matplotlib.patches;matplotlib.pyplot;numpy;pandas;pathlib,/kaggle/input;/kaggle/working;/kaggle/working/08_manuscript_outputs;/mnt/data;/mnt/data/08_manuscript_outputs,Stage 08 canonical source,RELEASE_COPY_NOT_CANONICAL_SOURCE
/mnt/data/swarabyanjan-crossplatform-paper-STAGE10-RELEASE.zip,swarabyanjan-crossplatform-paper\notebooks\09_SOURCE_SITE_CLUSTER_SENSITIVITY_vFINAL.ipynb,09_SOURCE_SITE_CLUSTER_SENSITIVITY_vFINAL.ipynb,09,Stage10 packaged release copy,STAGE10_RELEASE_COPY,346ce289c38410c964dd8779661eea2eba82785c4c7b591fc91a52b6da2ea09b,e827c70ec4efc37321da509d7ff34f2378cce8cacb1962c1804ab1d35e0b759a,107033,12,11,1,11,EXECUTED,python3,collections;csv;datetime;numpy;pandas;pathlib;pyarrow.parquet;scipy.stats;sklearn.metrics;statsmodels.stats.multitest;urllib.parse,/kaggle/input;/kaggle/working;/mnt/data,Stage 09 canonical source,RELEASE_COPY_NOT_CANONICAL_SOURCE
/mnt/data/SWARABYANJAN_GITHUB_CORE_FIXED_WITH_NOTEBOOKS.zip,SWARABYANJAN_GITHUB_CORE_FINAL_2026-09-23/notebooks/03-primary-model-development.ipynb,03-primary-model-development.ipynb,03,Primary model development on decontaminated source splits,DUPLICATE_COPY_OF_CANONICAL_SOURCE,db17c0ecbc55eb15a9c5e7518616df6494400db093c82a66576cd4911b221f1c,28a9443724e67e4955c16ea7fe080c80e4f53539ba2d1f6da74bf26a96f8f5f9,382971,22,14,8,73,EXECUTED,python3,collections;csv;datetime;huggingface_hub;importlib.metadata;importlib.util;interpret.glassbox;joblib;json;numpy;os;pandas;pathlib;pyarrow;pyarrow.parquet;scipy.special;shutil;sklearn.feature_extraction.text;sklearn.linear_model;sklearn.metrics;sklearn.model_selection;sklearn.pipeline;subprocess;sys;tempfile;textwrap;torch;torch.utils.data;transformers,/kaggle/input;/kaggle/working,All Notebooks of Swarabyanjan after run(2).zip/03-primary-model-development.ipynb,DUPLICATE_OR_GENERATED_REPOSITORY_COPY
/mnt/data/SWARABYANJAN_GITHUB_CORE_FIXED_WITH_NOTEBOOKS.zip,SWARABYANJAN_GITHUB_CORE_FINAL_2026-09-23/notebooks/04-calibration.ipynb,04-calibration.ipynb,04,Source-DEV scalar temperature calibration,DUPLICATE_COPY_OF_CANONICAL_SOURCE,9c80cfe9a16cba71813f7cb539368e674694d820228b66b8392ad83341cd81ea,1811bd43a2e954138e14d9f9d64224741d7bbc9df5ecb8ab54e09bec49a5246d,118713,14,7,7,16,EXECUTED,python3,datetime;hashlib;importlib.metadata;importlib.util;interpret.glassbox;joblib;json;numpy;os;pathlib;scipy.optimize;scipy.special;sklearn.metrics;statsmodels.api;subprocess;sys;tempfile;textwrap;torch;torch.utils.data;transformers;unicodedata,/kaggle/input;/kaggle/working,All Notebooks of Swarabyanjan after run(2).zip/04-calibration.ipynb,DUPLICATE_OR_GENERATED_REPOSITORY_COPY
/mnt/data/SWARABYANJAN_GITHUB_CORE_FIXED_WITH_NOTEBOOKS.zip,SWARABYANJAN_GITHUB_CORE_FINAL_2026-09-23/notebooks/08-manuscript-figures-and-tables-vfinal.ipynb,08-manuscript-figures-and-tables-vfinal.ipynb,08,Deterministic manuscript figure/table reproduction,DUPLICATE_COPY_OF_CANONICAL_SOURCE,8766604fe554acb362811d35314982d62f413a7489068aeca8b619915b479c62,339edf5f88b593647018103e0f1269a58f6581a7ddf8d109397e2e16b84c852e,103966,16,16,0,13,EXECUTED,python3,collections;datetime;hashlib;matplotlib;matplotlib.lines;matplotlib.patches;matplotlib.pyplot;numpy;pandas;pathlib,/kaggle/input;/kaggle/working;/kaggle/working/08_manuscript_outputs;/mnt/data;/mnt/data/08_manuscript_outputs,All Notebooks of Swarabyanjan after run(2).zip/08-manuscript-figures-and-tables-vfinal.ipynb,DUPLICATE_OR_GENERATED_REPOSITORY_COPY
/mnt/data/SWARABYANJAN_GITHUB_CORE_FIXED_WITH_NOTEBOOKS.zip,SWARABYANJAN_GITHUB_CORE_FINAL_2026-09-23/notebooks/07-h3-h4-bridge-exploratory-vfinal.ipynb,07-h3-h4-bridge-exploratory-vfinal.ipynb,07,Exploratory H3→H4 bridge,DUPLICATE_COPY_OF_CANONICAL_SOURCE,e3c961eff6a380eb86f919dc598b5298cadb6d749548e3f33fb97c5b7c8f4967,db655a95aad79a520ca91d01a238c4c4c39ba70906d3208699891bbcc6980f4b,75142,13,11,2,11,EXECUTED,python3,collections;datetime;hashlib;numpy;pandas;pathlib;scipy.stats,/kaggle/input;/kaggle/working,All Notebooks of Swarabyanjan after run(2).zip/07-h3-h4-bridge-exploratory-vfinal.ipynb,DUPLICATE_OR_GENERATED_REPOSITORY_COPY
/mnt/data/SWARABYANJAN_GITHUB_CORE_FIXED_WITH_NOTEBOOKS.zip,SWARABYANJAN_GITHUB_CORE_FINAL_2026-09-23/notebooks/10-release-package-assembly-vfinal.ipynb,10-release-package-assembly-vfinal.ipynb,10,Release/package assembly; no scientific inference,DUPLICATE_RELEASE_ENGINEERING_COPY,c732cc5ea3c69367ab7fc11153799def743ab08bab5a6ef173a615572ed9ff16,081adfd7dd14f5425daf20f67a0081eb9e7d35ee61e334b2e119f08e3867d28a,170488,29,14,15,13,EXECUTED,python3,collections;csv;datetime;hashlib;importlib.metadata;json;os;pathlib;platform;re;shutil;sys;zipfile,/kaggle/input;/kaggle/input/notebooks/{KNOWN_KAGGLE_OWNER}/;/kaggle/working;/mnt/data,All Notebooks of Swarabyanjan after run(2).zip/10-release-package-assembly-vfinal.ipynb,DUPLICATE_COPY
/mnt/data/SWARABYANJAN_GITHUB_CORE_FIXED_WITH_NOTEBOOKS.zip,SWARABYANJAN_GITHUB_CORE_FINAL_2026-09-23/notebooks/02-p0-integrity-provenance-leakage-audit.ipynb,02-p0-integrity-provenance-leakage-audit.ipynb,02,"P0 integrity, provenance and leakage audit",DUPLICATE_COPY_OF_CANONICAL_SOURCE,425357156376ea9b5724fae120ca969f8f2c93c94d0f92cba252461b2835a85f,103d11105532d2b9b7efff13adc6ecfa158b4f55f7063ba5d3442eed5f6fa290,218404,23,11,12,7,EXECUTED,python3,collections;csv;datetime;hashlib;importlib.metadata;json;math;numpy;openpyxl;os;pandas;pathlib;platform;pyarrow.parquet;re;shutil;sqlite3;subprocess;sys;unicodedata;zipfile,/kaggle/input;/kaggle/input.;/kaggle/working,All Notebooks of Swarabyanjan after run(2).zip/02-p0-integrity-provenance-leakage-audit.ipynb,DUPLICATE_OR_GENERATED_REPOSITORY_COPY
/mnt/data/SWARABYANJAN_GITHUB_CORE_FIXED_WITH_NOTEBOOKS.zip,SWARABYANJAN_GITHUB_CORE_FINAL_2026-09-23/notebooks/06-fixed-budget-reliability-evaluation.ipynb,06-fixed-budget-reliability-evaluation.ipynb,06,Earlier Stage06 fixed-budget notebook,DUPLICATE_LEGACY_REPAIR_COPY,31a18d08ff612cb49f37822bd1705445743a8134fa58e8e957f5d7f21038df69,066aa7cdbaf2fb611547c7b2ef8216e08e8e506b9458d084b1e015c055c4d70c,137829,14,7,7,6,EXECUTED,python3,collections;datetime;hashlib;importlib.metadata;importlib.util;json;matplotlib.pyplot;numpy;os;pathlib;subprocess;sys;tempfile;textwrap,/kaggle/input;/kaggle/working,All Notebooks of Swarabyanjan after run(2).zip/06-fixed-budget-reliability-evaluation.ipynb,DUPLICATE_ARCHIVE_COPY
/mnt/data/SWARABYANJAN_GITHUB_CORE_FIXED_WITH_NOTEBOOKS.zip,SWARABYANJAN_GITHUB_CORE_FINAL_2026-09-23/notebooks/05-external-validation.ipynb,05-external-validation.ipynb,05,Earlier Stage05 external-validation notebook,DUPLICATE_LEGACY_REPAIR_COPY,685b2be79ec58696f0d9f0e022dd7b7ef32a56c2ba2807a463d598ce3d804bdc,58f2aed04fa133fa626ef63e647fde965b6bd2d020d9804866190c758abbd0e7,727289,26,15,11,58,EXECUTED,python3,collections;datetime;hashlib;importlib.metadata;importlib.util;interpret.glassbox;joblib;json;matplotlib.pyplot;numpy;openpyxl;os;pathlib;pyarrow.parquet;scipy.special;scipy.stats;sklearn.metrics;statsmodels.api;statsmodels.stats.multitest;subprocess;sys;tempfile;textwrap;time;torch;torch.utils.data;transformers;urllib.parse,/kaggle/input;/kaggle/working,All Notebooks of Swarabyanjan after run(2).zip/05-external-validation.ipynb,DUPLICATE_ARCHIVE_COPY
/mnt/data/SWARABYANJAN_GITHUB_CORE_FIXED_WITH_NOTEBOOKS.zip,SWARABYANJAN_GITHUB_CORE_FINAL_2026-09-23/notebooks/05-h3-statistical-repair-only.ipynb,05-h3-statistical-repair-only.ipynb,05,Historical H3 statistical repair-only notebook,DUPLICATE_LEGACY_REPAIR_COPY,5891a31b23564e1b502638422d837149c915c68fbd4345f10a86fe8ce0e8f177,3993338738ba22f5cc03a06caa7e0edc5a1a8294fd60d32242435a7779e9c1bf,66983,5,4,1,4,EXECUTED,python3,collections;copy;datetime;numpy;pandas;pathlib;scipy.stats;statsmodels.stats.multitest,/kaggle/input;/kaggle/working,All Notebooks of Swarabyanjan after run(2).zip/05-h3-statistical-repair-only.ipynb,DUPLICATE_ARCHIVE_COPY
/mnt/data/SWARABYANJAN_GITHUB_CORE_FIXED_WITH_NOTEBOOKS.zip,SWARABYANJAN_GITHUB_CORE_FINAL_2026-09-23/notebooks/09-source-publisher-cluster-sensitivity-vfinal.ipynb,09-source-publisher-cluster-sensitivity-vfinal.ipynb,09,Source-site clustering sensitivity,DUPLICATE_COPY_OF_CANONICAL_SOURCE,d4b267d17debe23f470343dcb0d949c274a31510d3acc5178ee6a18f2adcb64c,e827c70ec4efc37321da509d7ff34f2378cce8cacb1962c1804ab1d35e0b759a,98276,12,11,1,11,EXECUTED,python3,collections;csv;datetime;numpy;pandas;pathlib;pyarrow.parquet;scipy.stats;sklearn.metrics;statsmodels.stats.multitest;urllib.parse,/kaggle/input;/kaggle/working;/mnt/data,All Notebooks of Swarabyanjan after run(2).zip/09-source-publisher-cluster-sensitivity-vfinal.ipynb,DUPLICATE_OR_GENERATED_REPOSITORY_COPY
/mnt/data/SWARABYANJAN_GITHUB_CORE_FIXED_WITH_NOTEBOOKS.zip,SWARABYANJAN_GITHUB_CORE_FINAL_2026-09-23/notebooks/05-external-validation-and-h3-vfinal.ipynb,05-external-validation-and-h3-vfinal.ipynb,05,Canonical external validation and H1/H2/H3/H3-P inference,DUPLICATE_COPY_OF_CANONICAL_SOURCE,ee258026c5d6634c6b0c0bb66553971d06a9148e36ff13a4ea7f4886905a81cf,fd39e1b5af82d98a724878303c578a8658e88945a852e0225a90be8956691b6e,252192,19,9,10,9,EXECUTED,python3,collections;datetime;hashlib;numpy;pandas;pathlib;scipy.special;scipy.stats;sklearn.metrics;statsmodels.api;statsmodels.stats.multitest,/kaggle/input;/kaggle/working,All Notebooks of Swarabyanjan after run(2).zip/05-external-validation-and-h3-vfinal.ipynb,DUPLICATE_OR_GENERATED_REPOSITORY_COPY
/mnt/data/SWARABYANJAN_GITHUB_CORE_FIXED_WITH_NOTEBOOKS.zip,SWARABYANJAN_GITHUB_CORE_FINAL_2026-09-23/notebooks/06-fixed-budget-reliability-evaluation-vfinal.ipynb,06-fixed-budget-reliability-evaluation-vfinal.ipynb,06,Canonical fixed-budget reliability evaluation,DUPLICATE_COPY_OF_CANONICAL_SOURCE,4fa809490ffd9a08791fe2da1fab5b1056b51c68443bd97060577d05b1012c43,701d4cb692752ddf3217814ff2c91f86f6cec27b6bda93536975b7e7f4310977,140213,14,7,7,6,EXECUTED,python3,collections;datetime;hashlib;importlib.metadata;importlib.util;json;matplotlib.pyplot;numpy;os;pathlib;subprocess;sys;tempfile;textwrap,/kaggle/input;/kaggle/working,All Notebooks of Swarabyanjan after run(2).zip/06-fixed-budget-reliability-evaluation-vfinal.ipynb,DUPLICATE_OR_GENERATED_REPOSITORY_COPY
/mnt/data/SWARABYANJAN_GITHUB_CORE_FIXED_WITH_NOTEBOOKS.zip,SWARABYANJAN_GITHUB_CORE_FINAL_2026-09-23/notebooks/01-dataset-acquisition-and-freeze.ipynb,01-dataset-acquisition-and-freeze.ipynb,01,Frozen dataset acquisition and byte identity,DUPLICATE_COPY_OF_CANONICAL_SOURCE,627e38c7fd99c53b483bc109404b03e781b060c58215e639121838cb63abe8cf,ca6e7da20f58ed561cd04026f258760b1b8efc4752eea9676179e5a300d585be,184728,19,9,10,27,EXECUTED,python3,datetime;hashlib;huggingface_hub;json;os;pathlib;platform;requests;requests.adapters;shutil;sys;tarfile;time;tqdm.auto;traceback;urllib.parse;urllib3.util.retry;zipfile,/kaggle/working,All Notebooks of Swarabyanjan after run(2).zip/01-dataset-acquisition-and-freeze.ipynb,DUPLICATE_OR_GENERATED_REPOSITORY_COPY
/mnt/data/SWARABYANJAN_GITHUB_CORE_FIXED_WITH_NOTEBOOKS.zip,SWARABYANJAN_GITHUB_CORE_FINAL_2026-09-23/experiments/sensitivity/rule_a/notebooks/06_FIXED_BUDGET_RELIABILITY_EVALUATION_vFINAL.ipynb,06_FIXED_BUDGET_RELIABILITY_EVALUATION_vFINAL.ipynb,06,Post-hoc Rule A News-decontamination sensitivity execution,SENSITIVITY_RULE_A,67a53253c4dd74e49851e706fabab32a04e760c2a6cac7ff1bb1a39697702068,b8fa16d69cf68159f3132edfce4cfd5acf616bfc5ba7ecd704063ec1759f8bdf,155538,14,7,7,6,EXECUTED,python3,collections;datetime;hashlib;importlib.metadata;importlib.util;json;matplotlib.pyplot;numpy;os;pathlib;subprocess;sys;tempfile;textwrap,/kaggle/input;/kaggle/working,Primary frozen Stage05/06/07 counterparts,SENSITIVITY_ONLY
/mnt/data/SWARABYANJAN_GITHUB_CORE_FIXED_WITH_NOTEBOOKS.zip,SWARABYANJAN_GITHUB_CORE_FINAL_2026-09-23/experiments/sensitivity/rule_a/notebooks/07_H3_H4_BRIDGE_EXPLORATORY_vFINAL.ipynb,07_H3_H4_BRIDGE_EXPLORATORY_vFINAL.ipynb,07,Post-hoc Rule A News-decontamination sensitivity execution,SENSITIVITY_RULE_A,93d6dc6e8465d5e546b23e0eb596dfa73a60b9e5b1f3c4a0bbb07b15a7d909f7,c47e1fce81e10213df1e47bca1ee61e35dd436252e7b50b041ea8f605745a002,90715,13,11,2,11,EXECUTED,python3,collections;datetime;hashlib;numpy;pandas;pathlib;scipy.stats,/kaggle/input;/kaggle/working,Primary frozen Stage05/06/07 counterparts,SENSITIVITY_ONLY
/mnt/data/SWARABYANJAN_GITHUB_CORE_FIXED_WITH_NOTEBOOKS.zip,SWARABYANJAN_GITHUB_CORE_FINAL_2026-09-23/experiments/sensitivity/rule_a/notebooks/05_EXTERNAL_VALIDATION_H3_vFINAL.ipynb,05_EXTERNAL_VALIDATION_H3_vFINAL.ipynb,05,Post-hoc Rule A News-decontamination sensitivity execution,SENSITIVITY_RULE_A,42293f7f223c93c84ef4d70f1b1484a65c191afc4f9c71410bc6096254c3acfd,37456b5f2bc6e98453863f0ddfc233094b944d9d4b6c8cdffbdf3fd521994735,277219,19,9,10,9,EXECUTED,python3,collections;datetime;hashlib;numpy;pandas;pathlib;scipy.special;scipy.stats;sklearn.metrics;statsmodels.api;statsmodels.stats.multitest,,Primary frozen Stage05/06/07 counterparts,SENSITIVITY_ONLY
/mnt/data/SWARABYANJAN_GITHUB_CORE_FIXED_WITH_NOTEBOOKS.zip,SWARABYANJAN_GITHUB_CORE_FINAL_2026-09-23/experiments/sensitivity/rule_a/executed/06_FIXED_BUDGET_RELIABILITY_EVALUATION_vFINAL_executed.ipynb,06_FIXED_BUDGET_RELIABILITY_EVALUATION_vFINAL_executed.ipynb,06,Post-hoc Rule A News-decontamination sensitivity execution,SENSITIVITY_RULE_A,7bb05ddbe71c38b606e7836637b047db61ece06b25b7dd0401aa74becca5db1d,a0d080a8778071b5ab4b624d30807790eb424716c6fb06a095af6ed6c055033c,216134,14,7,7,708,EXECUTED,python3,collections;datetime;hashlib;importlib.metadata;importlib.util;json;matplotlib.pyplot;numpy;os;pathlib;subprocess;sys;tempfile;textwrap,/kaggle/input;/kaggle/working,Primary frozen Stage05/06/07 counterparts,SENSITIVITY_ONLY
/mnt/data/SWARABYANJAN_GITHUB_CORE_FIXED_WITH_NOTEBOOKS.zip,SWARABYANJAN_GITHUB_CORE_FINAL_2026-09-23/experiments/sensitivity/rule_a/executed/07_H3_H4_BRIDGE_EXPLORATORY_vFINAL_executed.ipynb,07_H3_H4_BRIDGE_EXPLORATORY_vFINAL_executed.ipynb,07,Post-hoc Rule A News-decontamination sensitivity execution,SENSITIVITY_RULE_A,5334230778f71449e2cc6e1470594682470565e687bb6f5d933c0a84aa28ec81,c47e1fce81e10213df1e47bca1ee61e35dd436252e7b50b041ea8f605745a002,92626,13,11,2,33,EXECUTED,python3,collections;datetime;hashlib;numpy;pandas;pathlib;scipy.stats,/kaggle/input;/kaggle/working,Primary frozen Stage05/06/07 counterparts,SENSITIVITY_ONLY
/mnt/data/SWARABYANJAN_GITHUB_CORE_FIXED_WITH_NOTEBOOKS.zip,SWARABYANJAN_GITHUB_CORE_FINAL_2026-09-23/experiments/sensitivity/rule_a/executed/05_EXTERNAL_VALIDATION_H3_vFINAL_executed.ipynb,05_EXTERNAL_VALIDATION_H3_vFINAL_executed.ipynb,05,Post-hoc Rule A News-decontamination sensitivity execution,SENSITIVITY_RULE_A,b63526517039588a4318978c233a7130a629b3014678472aa9a4bef63348d5bb,5fbc027ccd5ac434e5a12e4b5e524d8f9a3b82667d8be0a6bd102bd094802d83,412857,19,9,10,1574,EXECUTED,python3,collections;datetime;hashlib;numpy;pandas;pathlib;scipy.special;scipy.stats;sklearn.metrics;statsmodels.api;statsmodels.stats.multitest,/kaggle/input;/kaggle/working,Primary frozen Stage05/06/07 counterparts,SENSITIVITY_ONLY
/mnt/data/SWARABYANJAN_GITHUB_CORE_FIXED_WITH_NOTEBOOKS.zip,SWARABYANJAN_GITHUB_CORE_FINAL_2026-09-23/results/primary/stage10_release/swarabyanjan-crossplatform-paper\ANONYMIZED_RELEASE\02_cleaning\02_p0_integrity_provenance_leakage_audit.ipynb,02_p0_integrity_provenance_leakage_audit.ipynb,,Anonymized release copy of a frozen notebook,ANONYMIZED_RELEASE_COPY,83be5a3748d93c354c53cc980da98c1bc9c7665b76bc5732ed3fb57343b3dc39,103d11105532d2b9b7efff13adc6ecfa158b4f55f7063ba5d3442eed5f6fa290,258881,23,11,12,43,PARTIALLY_EXECUTED,python3,collections;csv;datetime;hashlib;importlib.metadata;json;math;numpy;openpyxl;os;pandas;pathlib;platform;pyarrow.parquet;re;shutil;sqlite3;subprocess;sys;unicodedata;zipfile,/kaggle/input;/kaggle/input.;/kaggle/working,,RELEASE_COPY_NOT_CANONICAL_SOURCE
/mnt/data/SWARABYANJAN_GITHUB_CORE_FIXED_WITH_NOTEBOOKS.zip,SWARABYANJAN_GITHUB_CORE_FINAL_2026-09-23/results/primary/stage10_release/swarabyanjan-crossplatform-paper\ANONYMIZED_RELEASE\notebooks\07_H3_H4_BRIDGE_EXPLORATORY_vFINAL.ipynb,07_H3_H4_BRIDGE_EXPLORATORY_vFINAL.ipynb,07,Anonymized release copy of a frozen notebook,ANONYMIZED_RELEASE_COPY,967a7af8f994ab8273d58fd49aca561c2f4b3db232739e3501db9ab8036e0fcb,db655a95aad79a520ca91d01a238c4c4c39ba70906d3208699891bbcc6980f4b,83119,13,11,2,11,EXECUTED,python3,collections;datetime;hashlib;numpy;pandas;pathlib;scipy.stats,/kaggle/input;/kaggle/working,Stage 07 canonical source,RELEASE_COPY_NOT_CANONICAL_SOURCE
/mnt/data/SWARABYANJAN_GITHUB_CORE_FIXED_WITH_NOTEBOOKS.zip,SWARABYANJAN_GITHUB_CORE_FINAL_2026-09-23/results/primary/stage10_release/swarabyanjan-crossplatform-paper\notebooks\08_MANUSCRIPT_FIGURES_AND_TABLES_vFINAL.ipynb,08_MANUSCRIPT_FIGURES_AND_TABLES_vFINAL.ipynb,08,Stage10 packaged release copy,STAGE10_RELEASE_COPY,8e779f1388d143c26a004e5cdd4985e9462241909e33f8723dfcfa1e82fd8095,339edf5f88b593647018103e0f1269a58f6581a7ddf8d109397e2e16b84c852e,114796,16,16,0,13,EXECUTED,python3,collections;datetime;hashlib;matplotlib;matplotlib.lines;matplotlib.patches;matplotlib.pyplot;numpy;pandas;pathlib,/kaggle/input;/kaggle/working;/kaggle/working/08_manuscript_outputs;/mnt/data;/mnt/data/08_manuscript_outputs,Stage 08 canonical source,RELEASE_COPY_NOT_CANONICAL_SOURCE
/mnt/data/SWARABYANJAN_GITHUB_CORE_FIXED_WITH_NOTEBOOKS.zip,SWARABYANJAN_GITHUB_CORE_FINAL_2026-09-23/results/primary/stage10_release/swarabyanjan-crossplatform-paper\ANONYMIZED_RELEASE\notebooks\08_MANUSCRIPT_FIGURES_AND_TABLES_vFINAL.ipynb,08_MANUSCRIPT_FIGURES_AND_TABLES_vFINAL.ipynb,08,Anonymized release copy of a frozen notebook,ANONYMIZED_RELEASE_COPY,8e779f1388d143c26a004e5cdd4985e9462241909e33f8723dfcfa1e82fd8095,339edf5f88b593647018103e0f1269a58f6581a7ddf8d109397e2e16b84c852e,114796,16,16,0,13,EXECUTED,python3,collections;datetime;hashlib;matplotlib;matplotlib.lines;matplotlib.patches;matplotlib.pyplot;numpy;pandas;pathlib,/kaggle/input;/kaggle/working;/kaggle/working/08_manuscript_outputs;/mnt/data;/mnt/data/08_manuscript_outputs,Stage 08 canonical source,RELEASE_COPY_NOT_CANONICAL_SOURCE
/mnt/data/SWARABYANJAN_GITHUB_CORE_FIXED_WITH_NOTEBOOKS.zip,SWARABYANJAN_GITHUB_CORE_FINAL_2026-09-23/results/primary/stage10_release/swarabyanjan-crossplatform-paper\02_cleaning\02_p0_integrity_provenance_leakage_audit.ipynb,02_p0_integrity_provenance_leakage_audit.ipynb,,Stage10 packaged release copy,STAGE10_RELEASE_COPY,2f41695de0d16a44bfbbae55fca67b8fb620cae92397ac6088ae8d93320ce4ba,103d11105532d2b9b7efff13adc6ecfa158b4f55f7063ba5d3442eed5f6fa290,258879,23,11,12,43,PARTIALLY_EXECUTED,python3,collections;csv;datetime;hashlib;importlib.metadata;json;math;numpy;openpyxl;os;pandas;pathlib;platform;pyarrow.parquet;re;shutil;sqlite3;subprocess;sys;unicodedata;zipfile,/kaggle/input;/kaggle/input.;/kaggle/working,,RELEASE_COPY_NOT_CANONICAL_SOURCE
/mnt/data/SWARABYANJAN_GITHUB_CORE_FIXED_WITH_NOTEBOOKS.zip,SWARABYANJAN_GITHUB_CORE_FINAL_2026-09-23/results/primary/stage10_release/swarabyanjan-crossplatform-paper\ANONYMIZED_RELEASE\notebooks\06_FIXED_BUDGET_RELIABILITY_EVALUATION_vFINAL.ipynb,06_FIXED_BUDGET_RELIABILITY_EVALUATION_vFINAL.ipynb,06,Anonymized release copy of a frozen notebook,ANONYMIZED_RELEASE_COPY,7d73b4a6a58ca0746deb90e6acee271cc1e261364a7192001eceafd89f416702,701d4cb692752ddf3217814ff2c91f86f6cec27b6bda93536975b7e7f4310977,152057,14,7,7,6,EXECUTED,python3,collections;datetime;hashlib;importlib.metadata;importlib.util;json;matplotlib.pyplot;numpy;os;pathlib;subprocess;sys;tempfile;textwrap,/kaggle/input;/kaggle/working,Stage 06 canonical source,RELEASE_COPY_NOT_CANONICAL_SOURCE
/mnt/data/SWARABYANJAN_GITHUB_CORE_FIXED_WITH_NOTEBOOKS.zip,SWARABYANJAN_GITHUB_CORE_FINAL_2026-09-23/results/primary/stage10_release/swarabyanjan-crossplatform-paper\ANONYMIZED_RELEASE\notebooks\03-primary-model-development.ipynb,03-primary-model-development.ipynb,03,Anonymized release copy of a frozen notebook,ANONYMIZED_RELEASE_COPY,b103f71ab87f0996ec14763d5d20b8d6993dd1b930035791a80c06cf86493941,28a9443724e67e4955c16ea7fe080c80e4f53539ba2d1f6da74bf26a96f8f5f9,501974,22,14,8,73,EXECUTED,python3,collections;csv;datetime;huggingface_hub;importlib.metadata;importlib.util;interpret.glassbox;joblib;json;numpy;os;pandas;pathlib;pyarrow;pyarrow.parquet;scipy.special;shutil;sklearn.feature_extraction.text;sklearn.linear_model;sklearn.metrics;sklearn.model_selection;sklearn.pipeline;subprocess;sys;tempfile;textwrap;torch;torch.utils.data;transformers,/kaggle/input;/kaggle/working,Stage 03 canonical source,RELEASE_COPY_NOT_CANONICAL_SOURCE
/mnt/data/SWARABYANJAN_GITHUB_CORE_FIXED_WITH_NOTEBOOKS.zip,SWARABYANJAN_GITHUB_CORE_FINAL_2026-09-23/results/primary/stage10_release/swarabyanjan-crossplatform-paper\notebooks\05_EXTERNAL_VALIDATION_H3_vFINAL.ipynb,05_EXTERNAL_VALIDATION_H3_vFINAL.ipynb,05,Stage10 packaged release copy,STAGE10_RELEASE_COPY,9155f804884958c43b119d68b43e1b2d4763b5daa661e1e009039782ab9d4ad5,fd39e1b5af82d98a724878303c578a8658e88945a852e0225a90be8956691b6e,274439,19,9,10,9,EXECUTED,python3,collections;datetime;hashlib;numpy;pandas;pathlib;scipy.special;scipy.stats;sklearn.metrics;statsmodels.api;statsmodels.stats.multitest,/kaggle/input;/kaggle/working,Stage 05 canonical source,RELEASE_COPY_NOT_CANONICAL_SOURCE
/mnt/data/SWARABYANJAN_GITHUB_CORE_FIXED_WITH_NOTEBOOKS.zip,SWARABYANJAN_GITHUB_CORE_FINAL_2026-09-23/results/primary/stage10_release/swarabyanjan-crossplatform-paper\notebooks\01-dataset-acquisition-and-freeze.ipynb,01-dataset-acquisition-and-freeze.ipynb,01,Stage10 packaged release copy,STAGE10_RELEASE_COPY,0223500a7d1a58c1044d664e01c20e7e776fd4ceb58e8e8575181ac1944c0481,ca6e7da20f58ed561cd04026f258760b1b8efc4752eea9676179e5a300d585be,236791,19,9,10,27,EXECUTED,python3,datetime;hashlib;huggingface_hub;json;os;pathlib;platform;requests;requests.adapters;shutil;sys;tarfile;time;tqdm.auto;traceback;urllib.parse;urllib3.util.retry;zipfile,/kaggle/working,Stage 01 canonical source,RELEASE_COPY_NOT_CANONICAL_SOURCE
/mnt/data/SWARABYANJAN_GITHUB_CORE_FIXED_WITH_NOTEBOOKS.zip,SWARABYANJAN_GITHUB_CORE_FINAL_2026-09-23/results/primary/stage10_release/swarabyanjan-crossplatform-paper\ANONYMIZED_RELEASE\notebooks\02-p0-integrity-provenance-leakage-audit.ipynb,02-p0-integrity-provenance-leakage-audit.ipynb,02,Anonymized release copy of a frozen notebook,ANONYMIZED_RELEASE_COPY,bb99fd934c5d7ee536b9012ba5a7d4ff61d595949ace45ff3ad5cdac962c273a,103d11105532d2b9b7efff13adc6ecfa158b4f55f7063ba5d3442eed5f6fa290,246257,23,11,12,7,EXECUTED,python3,collections;csv;datetime;hashlib;importlib.metadata;json;math;numpy;openpyxl;os;pandas;pathlib;platform;pyarrow.parquet;re;shutil;sqlite3;subprocess;sys;unicodedata;zipfile,/kaggle/input;/kaggle/input.;/kaggle/working,Stage 02 canonical source,RELEASE_COPY_NOT_CANONICAL_SOURCE
/mnt/data/SWARABYANJAN_GITHUB_CORE_FIXED_WITH_NOTEBOOKS.zip,SWARABYANJAN_GITHUB_CORE_FINAL_2026-09-23/results/primary/stage10_release/swarabyanjan-crossplatform-paper\ANONYMIZED_RELEASE\notebooks\04-calibration.ipynb,04-calibration.ipynb,04,Anonymized release copy of a frozen notebook,ANONYMIZED_RELEASE_COPY,fb8778f178bb7c633b2150e27d7513ec2ff379255943b04db3da386a932f8795,1811bd43a2e954138e14d9f9d64224741d7bbc9df5ecb8ab54e09bec49a5246d,154811,14,7,7,16,EXECUTED,python3,datetime;hashlib;importlib.metadata;importlib.util;interpret.glassbox;joblib;json;numpy;os;pathlib;scipy.optimize;scipy.special;sklearn.metrics;statsmodels.api;subprocess;sys;tempfile;textwrap;torch;torch.utils.data;transformers;unicodedata,/kaggle/input;/kaggle/working,Stage 04 canonical source,RELEASE_COPY_NOT_CANONICAL_SOURCE
/mnt/data/SWARABYANJAN_GITHUB_CORE_FIXED_WITH_NOTEBOOKS.zip,SWARABYANJAN_GITHUB_CORE_FINAL_2026-09-23/results/primary/stage10_release/swarabyanjan-crossplatform-paper\ANONYMIZED_RELEASE\notebooks\09_SOURCE_SITE_CLUSTER_SENSITIVITY_vFINAL.ipynb,09_SOURCE_SITE_CLUSTER_SENSITIVITY_vFINAL.ipynb,09,Anonymized release copy of a frozen notebook,ANONYMIZED_RELEASE_COPY,a783f373daf896edadee537c5b0aa4f7ff68a1fa4412a47b19958ff5e5d8f376,06baa2d0948e5b321821b30bd9b1aa4d11b787e8b2ef1418c74e0db133afb1bb,107024,12,11,1,11,EXECUTED,python3,collections;csv;datetime;numpy;pandas;pathlib;pyarrow.parquet;scipy.stats;sklearn.metrics;statsmodels.stats.multitest;urllib.parse,/kaggle/input;/kaggle/working;/mnt/data,Stage 09 canonical source,RELEASE_COPY_NOT_CANONICAL_SOURCE
/mnt/data/SWARABYANJAN_GITHUB_CORE_FIXED_WITH_NOTEBOOKS.zip,SWARABYANJAN_GITHUB_CORE_FINAL_2026-09-23/results/primary/stage10_release/swarabyanjan-crossplatform-paper\notebooks\04-calibration.ipynb,04-calibration.ipynb,04,Stage10 packaged release copy,STAGE10_RELEASE_COPY,64d23570c8df9c0559fce2b4194f40f3f298b9e9b2ca844644382f5e0bf5f4ef,1811bd43a2e954138e14d9f9d64224741d7bbc9df5ecb8ab54e09bec49a5246d,154809,14,7,7,16,EXECUTED,python3,datetime;hashlib;importlib.metadata;importlib.util;interpret.glassbox;joblib;json;numpy;os;pathlib;scipy.optimize;scipy.special;sklearn.metrics;statsmodels.api;subprocess;sys;tempfile;textwrap;torch;torch.utils.data;transformers;unicodedata,/kaggle/input;/kaggle/working,Stage 04 canonical source,RELEASE_COPY_NOT_CANONICAL_SOURCE
/mnt/data/SWARABYANJAN_GITHUB_CORE_FIXED_WITH_NOTEBOOKS.zip,SWARABYANJAN_GITHUB_CORE_FINAL_2026-09-23/results/primary/stage10_release/swarabyanjan-crossplatform-paper\notebooks\07_H3_H4_BRIDGE_EXPLORATORY_vFINAL.ipynb,07_H3_H4_BRIDGE_EXPLORATORY_vFINAL.ipynb,07,Stage10 packaged release copy,STAGE10_RELEASE_COPY,967a7af8f994ab8273d58fd49aca561c2f4b3db232739e3501db9ab8036e0fcb,db655a95aad79a520ca91d01a238c4c4c39ba70906d3208699891bbcc6980f4b,83119,13,11,2,11,EXECUTED,python3,collections;datetime;hashlib;numpy;pandas;pathlib;scipy.stats,/kaggle/input;/kaggle/working,Stage 07 canonical source,RELEASE_COPY_NOT_CANONICAL_SOURCE
/mnt/data/SWARABYANJAN_GITHUB_CORE_FIXED_WITH_NOTEBOOKS.zip,SWARABYANJAN_GITHUB_CORE_FINAL_2026-09-23/results/primary/stage10_release/swarabyanjan-crossplatform-paper\notebooks\09_SOURCE_SITE_CLUSTER_SENSITIVITY_vFINAL.ipynb,09_SOURCE_SITE_CLUSTER_SENSITIVITY_vFINAL.ipynb,09,Stage10 packaged release copy,STAGE10_RELEASE_COPY,346ce289c38410c964dd8779661eea2eba82785c4c7b591fc91a52b6da2ea09b,e827c70ec4efc37321da509d7ff34f2378cce8cacb1962c1804ab1d35e0b759a,107033,12,11,1,11,EXECUTED,python3,collections;csv;datetime;numpy;pandas;pathlib;pyarrow.parquet;scipy.stats;sklearn.metrics;statsmodels.stats.multitest;urllib.parse,/kaggle/input;/kaggle/working;/mnt/data,Stage 09 canonical source,RELEASE_COPY_NOT_CANONICAL_SOURCE
/mnt/data/SWARABYANJAN_GITHUB_CORE_FIXED_WITH_NOTEBOOKS.zip,SWARABYANJAN_GITHUB_CORE_FINAL_2026-09-23/results/primary/stage10_release/swarabyanjan-crossplatform-paper\notebooks\06_FIXED_BUDGET_RELIABILITY_EVALUATION_vFINAL.ipynb,06_FIXED_BUDGET_RELIABILITY_EVALUATION_vFINAL.ipynb,06,Stage10 packaged release copy,STAGE10_RELEASE_COPY,7d73b4a6a58ca0746deb90e6acee271cc1e261364a7192001eceafd89f416702,701d4cb692752ddf3217814ff2c91f86f6cec27b6bda93536975b7e7f4310977,152057,14,7,7,6,EXECUTED,python3,collections;datetime;hashlib;importlib.metadata;importlib.util;json;matplotlib.pyplot;numpy;os;pathlib;subprocess;sys;tempfile;textwrap,/kaggle/input;/kaggle/working,Stage 06 canonical source,RELEASE_COPY_NOT_CANONICAL_SOURCE
/mnt/data/SWARABYANJAN_GITHUB_CORE_FIXED_WITH_NOTEBOOKS.zip,SWARABYANJAN_GITHUB_CORE_FINAL_2026-09-23/results/primary/stage10_release/swarabyanjan-crossplatform-paper\ANONYMIZED_RELEASE\notebooks\05_EXTERNAL_VALIDATION_H3_vFINAL.ipynb,05_EXTERNAL_VALIDATION_H3_vFINAL.ipynb,05,Anonymized release copy of a frozen notebook,ANONYMIZED_RELEASE_COPY,325fa086444d71eef4f118a42c5cd7da8561c403d6e9bb6287b6eedb62976af2,fd39e1b5af82d98a724878303c578a8658e88945a852e0225a90be8956691b6e,274441,19,9,10,9,EXECUTED,python3,collections;datetime;hashlib;numpy;pandas;pathlib;scipy.special;scipy.stats;sklearn.metrics;statsmodels.api;statsmodels.stats.multitest,/kaggle/input;/kaggle/working,Stage 05 canonical source,RELEASE_COPY_NOT_CANONICAL_SOURCE
/mnt/data/SWARABYANJAN_GITHUB_CORE_FIXED_WITH_NOTEBOOKS.zip,SWARABYANJAN_GITHUB_CORE_FINAL_2026-09-23/results/primary/stage10_release/swarabyanjan-crossplatform-paper\ANONYMIZED_RELEASE\notebooks\01-dataset-acquisition-and-freeze.ipynb,01-dataset-acquisition-and-freeze.ipynb,01,Anonymized release copy of a frozen notebook,ANONYMIZED_RELEASE_COPY,0223500a7d1a58c1044d664e01c20e7e776fd4ceb58e8e8575181ac1944c0481,ca6e7da20f58ed561cd04026f258760b1b8efc4752eea9676179e5a300d585be,236791,19,9,10,27,EXECUTED,python3,datetime;hashlib;huggingface_hub;json;os;pathlib;platform;requests;requests.adapters;shutil;sys;tarfile;time;tqdm.auto;traceback;urllib.parse;urllib3.util.retry;zipfile,/kaggle/working,Stage 01 canonical source,RELEASE_COPY_NOT_CANONICAL_SOURCE
/mnt/data/SWARABYANJAN_GITHUB_CORE_FIXED_WITH_NOTEBOOKS.zip,SWARABYANJAN_GITHUB_CORE_FINAL_2026-09-23/results/primary/stage10_release/swarabyanjan-crossplatform-paper\notebooks\03-primary-model-development.ipynb,03-primary-model-development.ipynb,03,Stage10 packaged release copy,STAGE10_RELEASE_COPY,9847f4b0d6f31afca35a698557f9bf3cf339f37b9c14386829960474f59645da,28a9443724e67e4955c16ea7fe080c80e4f53539ba2d1f6da74bf26a96f8f5f9,501972,22,14,8,73,EXECUTED,python3,collections;csv;datetime;huggingface_hub;importlib.metadata;importlib.util;interpret.glassbox;joblib;json;numpy;os;pandas;pathlib;pyarrow;pyarrow.parquet;scipy.special;shutil;sklearn.feature_extraction.text;sklearn.linear_model;sklearn.metrics;sklearn.model_selection;sklearn.pipeline;subprocess;sys;tempfile;textwrap;torch;torch.utils.data;transformers,/kaggle/input;/kaggle/working,Stage 03 canonical source,RELEASE_COPY_NOT_CANONICAL_SOURCE
/mnt/data/SWARABYANJAN_GITHUB_CORE_FIXED_WITH_NOTEBOOKS.zip,SWARABYANJAN_GITHUB_CORE_FINAL_2026-09-23/results/primary/stage10_release/swarabyanjan-crossplatform-paper\notebooks\02-p0-integrity-provenance-leakage-audit.ipynb,02-p0-integrity-provenance-leakage-audit.ipynb,02,Stage10 packaged release copy,STAGE10_RELEASE_COPY,77f5ad63c6c60dc637d15e2f7eec544e23138fb8f7d3b9e1c25e083f7f601d22,103d11105532d2b9b7efff13adc6ecfa158b4f55f7063ba5d3442eed5f6fa290,246255,23,11,12,7,EXECUTED,python3,collections;csv;datetime;hashlib;importlib.metadata;json;math;numpy;openpyxl;os;pandas;pathlib;platform;pyarrow.parquet;re;shutil;sqlite3;subprocess;sys;unicodedata;zipfile,/kaggle/input;/kaggle/input.;/kaggle/working,Stage 02 canonical source,RELEASE_COPY_NOT_CANONICAL_SOURCE
/mnt/data/SWARABYANJAN_GITHUB_CORE_SOURCE_ONLY.zip,SWARABYANJAN_GITHUB_CORE_SOURCE_ONLY/notebooks/03-primary-model-development.ipynb,03-primary-model-development.ipynb,03,Primary model development on decontaminated source splits,DUPLICATE_COPY_OF_CANONICAL_SOURCE,db17c0ecbc55eb15a9c5e7518616df6494400db093c82a66576cd4911b221f1c,28a9443724e67e4955c16ea7fe080c80e4f53539ba2d1f6da74bf26a96f8f5f9,382971,22,14,8,73,EXECUTED,python3,collections;csv;datetime;huggingface_hub;importlib.metadata;importlib.util;interpret.glassbox;joblib;json;numpy;os;pandas;pathlib;pyarrow;pyarrow.parquet;scipy.special;shutil;sklearn.feature_extraction.text;sklearn.linear_model;sklearn.metrics;sklearn.model_selection;sklearn.pipeline;subprocess;sys;tempfile;textwrap;torch;torch.utils.data;transformers,/kaggle/input;/kaggle/working,All Notebooks of Swarabyanjan after run(2).zip/03-primary-model-development.ipynb,DUPLICATE_OR_GENERATED_REPOSITORY_COPY
/mnt/data/SWARABYANJAN_GITHUB_CORE_SOURCE_ONLY.zip,SWARABYANJAN_GITHUB_CORE_SOURCE_ONLY/notebooks/04-calibration.ipynb,04-calibration.ipynb,04,Source-DEV scalar temperature calibration,DUPLICATE_COPY_OF_CANONICAL_SOURCE,9c80cfe9a16cba71813f7cb539368e674694d820228b66b8392ad83341cd81ea,1811bd43a2e954138e14d9f9d64224741d7bbc9df5ecb8ab54e09bec49a5246d,118713,14,7,7,16,EXECUTED,python3,datetime;hashlib;importlib.metadata;importlib.util;interpret.glassbox;joblib;json;numpy;os;pathlib;scipy.optimize;scipy.special;sklearn.metrics;statsmodels.api;subprocess;sys;tempfile;textwrap;torch;torch.utils.data;transformers;unicodedata,/kaggle/input;/kaggle/working,All Notebooks of Swarabyanjan after run(2).zip/04-calibration.ipynb,DUPLICATE_OR_GENERATED_REPOSITORY_COPY
/mnt/data/SWARABYANJAN_GITHUB_CORE_SOURCE_ONLY.zip,SWARABYANJAN_GITHUB_CORE_SOURCE_ONLY/notebooks/08-manuscript-figures-and-tables-vfinal.ipynb,08-manuscript-figures-and-tables-vfinal.ipynb,08,Deterministic manuscript figure/table reproduction,DUPLICATE_COPY_OF_CANONICAL_SOURCE,8766604fe554acb362811d35314982d62f413a7489068aeca8b619915b479c62,339edf5f88b593647018103e0f1269a58f6581a7ddf8d109397e2e16b84c852e,103966,16,16,0,13,EXECUTED,python3,collections;datetime;hashlib;matplotlib;matplotlib.lines;matplotlib.patches;matplotlib.pyplot;numpy;pandas;pathlib,/kaggle/input;/kaggle/working;/kaggle/working/08_manuscript_outputs;/mnt/data;/mnt/data/08_manuscript_outputs,All Notebooks of Swarabyanjan after run(2).zip/08-manuscript-figures-and-tables-vfinal.ipynb,DUPLICATE_OR_GENERATED_REPOSITORY_COPY
/mnt/data/SWARABYANJAN_GITHUB_CORE_SOURCE_ONLY.zip,SWARABYANJAN_GITHUB_CORE_SOURCE_ONLY/notebooks/07-h3-h4-bridge-exploratory-vfinal.ipynb,07-h3-h4-bridge-exploratory-vfinal.ipynb,07,Exploratory H3→H4 bridge,DUPLICATE_COPY_OF_CANONICAL_SOURCE,e3c961eff6a380eb86f919dc598b5298cadb6d749548e3f33fb97c5b7c8f4967,db655a95aad79a520ca91d01a238c4c4c39ba70906d3208699891bbcc6980f4b,75142,13,11,2,11,EXECUTED,python3,collections;datetime;hashlib;numpy;pandas;pathlib;scipy.stats,/kaggle/input;/kaggle/working,All Notebooks of Swarabyanjan after run(2).zip/07-h3-h4-bridge-exploratory-vfinal.ipynb,DUPLICATE_OR_GENERATED_REPOSITORY_COPY
/mnt/data/SWARABYANJAN_GITHUB_CORE_SOURCE_ONLY.zip,SWARABYANJAN_GITHUB_CORE_SOURCE_ONLY/notebooks/10-release-package-assembly-vfinal.ipynb,10-release-package-assembly-vfinal.ipynb,10,Release/package assembly; no scientific inference,DUPLICATE_RELEASE_ENGINEERING_COPY,c732cc5ea3c69367ab7fc11153799def743ab08bab5a6ef173a615572ed9ff16,081adfd7dd14f5425daf20f67a0081eb9e7d35ee61e334b2e119f08e3867d28a,170488,29,14,15,13,EXECUTED,python3,collections;csv;datetime;hashlib;importlib.metadata;json;os;pathlib;platform;re;shutil;sys;zipfile,/kaggle/input;/kaggle/input/notebooks/{KNOWN_KAGGLE_OWNER}/;/kaggle/working;/mnt/data,All Notebooks of Swarabyanjan after run(2).zip/10-release-package-assembly-vfinal.ipynb,DUPLICATE_COPY
/mnt/data/SWARABYANJAN_GITHUB_CORE_SOURCE_ONLY.zip,SWARABYANJAN_GITHUB_CORE_SOURCE_ONLY/notebooks/02-p0-integrity-provenance-leakage-audit.ipynb,02-p0-integrity-provenance-leakage-audit.ipynb,02,"P0 integrity, provenance and leakage audit",DUPLICATE_COPY_OF_CANONICAL_SOURCE,425357156376ea9b5724fae120ca969f8f2c93c94d0f92cba252461b2835a85f,103d11105532d2b9b7efff13adc6ecfa158b4f55f7063ba5d3442eed5f6fa290,218404,23,11,12,7,EXECUTED,python3,collections;csv;datetime;hashlib;importlib.metadata;json;math;numpy;openpyxl;os;pandas;pathlib;platform;pyarrow.parquet;re;shutil;sqlite3;subprocess;sys;unicodedata;zipfile,/kaggle/input;/kaggle/input.;/kaggle/working,All Notebooks of Swarabyanjan after run(2).zip/02-p0-integrity-provenance-leakage-audit.ipynb,DUPLICATE_OR_GENERATED_REPOSITORY_COPY
/mnt/data/SWARABYANJAN_GITHUB_CORE_SOURCE_ONLY.zip,SWARABYANJAN_GITHUB_CORE_SOURCE_ONLY/notebooks/06-fixed-budget-reliability-evaluation.ipynb,06-fixed-budget-reliability-evaluation.ipynb,06,Earlier Stage06 fixed-budget notebook,DUPLICATE_LEGACY_REPAIR_COPY,31a18d08ff612cb49f37822bd1705445743a8134fa58e8e957f5d7f21038df69,066aa7cdbaf2fb611547c7b2ef8216e08e8e506b9458d084b1e015c055c4d70c,137829,14,7,7,6,EXECUTED,python3,collections;datetime;hashlib;importlib.metadata;importlib.util;json;matplotlib.pyplot;numpy;os;pathlib;subprocess;sys;tempfile;textwrap,/kaggle/input;/kaggle/working,All Notebooks of Swarabyanjan after run(2).zip/06-fixed-budget-reliability-evaluation.ipynb,DUPLICATE_ARCHIVE_COPY
/mnt/data/SWARABYANJAN_GITHUB_CORE_SOURCE_ONLY.zip,SWARABYANJAN_GITHUB_CORE_SOURCE_ONLY/notebooks/05-external-validation.ipynb,05-external-validation.ipynb,05,Earlier Stage05 external-validation notebook,DUPLICATE_LEGACY_REPAIR_COPY,685b2be79ec58696f0d9f0e022dd7b7ef32a56c2ba2807a463d598ce3d804bdc,58f2aed04fa133fa626ef63e647fde965b6bd2d020d9804866190c758abbd0e7,727289,26,15,11,58,EXECUTED,python3,collections;datetime;hashlib;importlib.metadata;importlib.util;interpret.glassbox;joblib;json;matplotlib.pyplot;numpy;openpyxl;os;pathlib;pyarrow.parquet;scipy.special;scipy.stats;sklearn.metrics;statsmodels.api;statsmodels.stats.multitest;subprocess;sys;tempfile;textwrap;time;torch;torch.utils.data;transformers;urllib.parse,/kaggle/input;/kaggle/working,All Notebooks of Swarabyanjan after run(2).zip/05-external-validation.ipynb,DUPLICATE_ARCHIVE_COPY
/mnt/data/SWARABYANJAN_GITHUB_CORE_SOURCE_ONLY.zip,SWARABYANJAN_GITHUB_CORE_SOURCE_ONLY/notebooks/05-h3-statistical-repair-only.ipynb,05-h3-statistical-repair-only.ipynb,05,Historical H3 statistical repair-only notebook,DUPLICATE_LEGACY_REPAIR_COPY,5891a31b23564e1b502638422d837149c915c68fbd4345f10a86fe8ce0e8f177,3993338738ba22f5cc03a06caa7e0edc5a1a8294fd60d32242435a7779e9c1bf,66983,5,4,1,4,EXECUTED,python3,collections;copy;datetime;numpy;pandas;pathlib;scipy.stats;statsmodels.stats.multitest,/kaggle/input;/kaggle/working,All Notebooks of Swarabyanjan after run(2).zip/05-h3-statistical-repair-only.ipynb,DUPLICATE_ARCHIVE_COPY
/mnt/data/SWARABYANJAN_GITHUB_CORE_SOURCE_ONLY.zip,SWARABYANJAN_GITHUB_CORE_SOURCE_ONLY/notebooks/09-source-publisher-cluster-sensitivity-vfinal.ipynb,09-source-publisher-cluster-sensitivity-vfinal.ipynb,09,Source-site clustering sensitivity,DUPLICATE_COPY_OF_CANONICAL_SOURCE,d4b267d17debe23f470343dcb0d949c274a31510d3acc5178ee6a18f2adcb64c,e827c70ec4efc37321da509d7ff34f2378cce8cacb1962c1804ab1d35e0b759a,98276,12,11,1,11,EXECUTED,python3,collections;csv;datetime;numpy;pandas;pathlib;pyarrow.parquet;scipy.stats;sklearn.metrics;statsmodels.stats.multitest;urllib.parse,/kaggle/input;/kaggle/working;/mnt/data,All Notebooks of Swarabyanjan after run(2).zip/09-source-publisher-cluster-sensitivity-vfinal.ipynb,DUPLICATE_OR_GENERATED_REPOSITORY_COPY
/mnt/data/SWARABYANJAN_GITHUB_CORE_SOURCE_ONLY.zip,SWARABYANJAN_GITHUB_CORE_SOURCE_ONLY/notebooks/05-external-validation-and-h3-vfinal.ipynb,05-external-validation-and-h3-vfinal.ipynb,05,Canonical external validation and H1/H2/H3/H3-P inference,DUPLICATE_COPY_OF_CANONICAL_SOURCE,ee258026c5d6634c6b0c0bb66553971d06a9148e36ff13a4ea7f4886905a81cf,fd39e1b5af82d98a724878303c578a8658e88945a852e0225a90be8956691b6e,252192,19,9,10,9,EXECUTED,python3,collections;datetime;hashlib;numpy;pandas;pathlib;scipy.special;scipy.stats;sklearn.metrics;statsmodels.api;statsmodels.stats.multitest,/kaggle/input;/kaggle/working,All Notebooks of Swarabyanjan after run(2).zip/05-external-validation-and-h3-vfinal.ipynb,DUPLICATE_OR_GENERATED_REPOSITORY_COPY
/mnt/data/SWARABYANJAN_GITHUB_CORE_SOURCE_ONLY.zip,SWARABYANJAN_GITHUB_CORE_SOURCE_ONLY/notebooks/06-fixed-budget-reliability-evaluation-vfinal.ipynb,06-fixed-budget-reliability-evaluation-vfinal.ipynb,06,Canonical fixed-budget reliability evaluation,DUPLICATE_COPY_OF_CANONICAL_SOURCE,4fa809490ffd9a08791fe2da1fab5b1056b51c68443bd97060577d05b1012c43,701d4cb692752ddf3217814ff2c91f86f6cec27b6bda93536975b7e7f4310977,140213,14,7,7,6,EXECUTED,python3,collections;datetime;hashlib;importlib.metadata;importlib.util;json;matplotlib.pyplot;numpy;os;pathlib;subprocess;sys;tempfile;textwrap,/kaggle/input;/kaggle/working,All Notebooks of Swarabyanjan after run(2).zip/06-fixed-budget-reliability-evaluation-vfinal.ipynb,DUPLICATE_OR_GENERATED_REPOSITORY_COPY
/mnt/data/SWARABYANJAN_GITHUB_CORE_SOURCE_ONLY.zip,SWARABYANJAN_GITHUB_CORE_SOURCE_ONLY/notebooks/01-dataset-acquisition-and-freeze.ipynb,01-dataset-acquisition-and-freeze.ipynb,01,Frozen dataset acquisition and byte identity,DUPLICATE_COPY_OF_CANONICAL_SOURCE,627e38c7fd99c53b483bc109404b03e781b060c58215e639121838cb63abe8cf,ca6e7da20f58ed561cd04026f258760b1b8efc4752eea9676179e5a300d585be,184728,19,9,10,27,EXECUTED,python3,datetime;hashlib;huggingface_hub;json;os;pathlib;platform;requests;requests.adapters;shutil;sys;tarfile;time;tqdm.auto;traceback;urllib.parse;urllib3.util.retry;zipfile,/kaggle/working,All Notebooks of Swarabyanjan after run(2).zip/01-dataset-acquisition-and-freeze.ipynb,DUPLICATE_OR_GENERATED_REPOSITORY_COPY
/mnt/data/SWARABYANJAN_GITHUB_CORE_SOURCE_ONLY.zip,SWARABYANJAN_GITHUB_CORE_SOURCE_ONLY/results/primary/stage10_release/swarabyanjan-crossplatform-paper\ANONYMIZED_RELEASE\02_cleaning\02_p0_integrity_provenance_leakage_audit.ipynb,02_p0_integrity_provenance_leakage_audit.ipynb,,Anonymized release copy of a frozen notebook,ANONYMIZED_RELEASE_COPY,83be5a3748d93c354c53cc980da98c1bc9c7665b76bc5732ed3fb57343b3dc39,103d11105532d2b9b7efff13adc6ecfa158b4f55f7063ba5d3442eed5f6fa290,258881,23,11,12,43,PARTIALLY_EXECUTED,python3,collections;csv;datetime;hashlib;importlib.metadata;json;math;numpy;openpyxl;os;pandas;pathlib;platform;pyarrow.parquet;re;shutil;sqlite3;subprocess;sys;unicodedata;zipfile,/kaggle/input;/kaggle/input.;/kaggle/working,,RELEASE_COPY_NOT_CANONICAL_SOURCE
/mnt/data/SWARABYANJAN_GITHUB_CORE_SOURCE_ONLY.zip,SWARABYANJAN_GITHUB_CORE_SOURCE_ONLY/results/primary/stage10_release/swarabyanjan-crossplatform-paper\ANONYMIZED_RELEASE\notebooks\07_H3_H4_BRIDGE_EXPLORATORY_vFINAL.ipynb,07_H3_H4_BRIDGE_EXPLORATORY_vFINAL.ipynb,07,Anonymized release copy of a frozen notebook,ANONYMIZED_RELEASE_COPY,967a7af8f994ab8273d58fd49aca561c2f4b3db232739e3501db9ab8036e0fcb,db655a95aad79a520ca91d01a238c4c4c39ba70906d3208699891bbcc6980f4b,83119,13,11,2,11,EXECUTED,python3,collections;datetime;hashlib;numpy;pandas;pathlib;scipy.stats,/kaggle/input;/kaggle/working,Stage 07 canonical source,RELEASE_COPY_NOT_CANONICAL_SOURCE
/mnt/data/SWARABYANJAN_GITHUB_CORE_SOURCE_ONLY.zip,SWARABYANJAN_GITHUB_CORE_SOURCE_ONLY/results/primary/stage10_release/swarabyanjan-crossplatform-paper\notebooks\08_MANUSCRIPT_FIGURES_AND_TABLES_vFINAL.ipynb,08_MANUSCRIPT_FIGURES_AND_TABLES_vFINAL.ipynb,08,Stage10 packaged release copy,STAGE10_RELEASE_COPY,8e779f1388d143c26a004e5cdd4985e9462241909e33f8723dfcfa1e82fd8095,339edf5f88b593647018103e0f1269a58f6581a7ddf8d109397e2e16b84c852e,114796,16,16,0,13,EXECUTED,python3,collections;datetime;hashlib;matplotlib;matplotlib.lines;matplotlib.patches;matplotlib.pyplot;numpy;pandas;pathlib,/kaggle/input;/kaggle/working;/kaggle/working/08_manuscript_outputs;/mnt/data;/mnt/data/08_manuscript_outputs,Stage 08 canonical source,RELEASE_COPY_NOT_CANONICAL_SOURCE
/mnt/data/SWARABYANJAN_GITHUB_CORE_SOURCE_ONLY.zip,SWARABYANJAN_GITHUB_CORE_SOURCE_ONLY/results/primary/stage10_release/swarabyanjan-crossplatform-paper\ANONYMIZED_RELEASE\notebooks\08_MANUSCRIPT_FIGURES_AND_TABLES_vFINAL.ipynb,08_MANUSCRIPT_FIGURES_AND_TABLES_vFINAL.ipynb,08,Anonymized release copy of a frozen notebook,ANONYMIZED_RELEASE_COPY,8e779f1388d143c26a004e5cdd4985e9462241909e33f8723dfcfa1e82fd8095,339edf5f88b593647018103e0f1269a58f6581a7ddf8d109397e2e16b84c852e,114796,16,16,0,13,EXECUTED,python3,collections;datetime;hashlib;matplotlib;matplotlib.lines;matplotlib.patches;matplotlib.pyplot;numpy;pandas;pathlib,/kaggle/input;/kaggle/working;/kaggle/working/08_manuscript_outputs;/mnt/data;/mnt/data/08_manuscript_outputs,Stage 08 canonical source,RELEASE_COPY_NOT_CANONICAL_SOURCE
/mnt/data/SWARABYANJAN_GITHUB_CORE_SOURCE_ONLY.zip,SWARABYANJAN_GITHUB_CORE_SOURCE_ONLY/results/primary/stage10_release/swarabyanjan-crossplatform-paper\02_cleaning\02_p0_integrity_provenance_leakage_audit.ipynb,02_p0_integrity_provenance_leakage_audit.ipynb,,Stage10 packaged release copy,STAGE10_RELEASE_COPY,2f41695de0d16a44bfbbae55fca67b8fb620cae92397ac6088ae8d93320ce4ba,103d11105532d2b9b7efff13adc6ecfa158b4f55f7063ba5d3442eed5f6fa290,258879,23,11,12,43,PARTIALLY_EXECUTED,python3,collections;csv;datetime;hashlib;importlib.metadata;json;math;numpy;openpyxl;os;pandas;pathlib;platform;pyarrow.parquet;re;shutil;sqlite3;subprocess;sys;unicodedata;zipfile,/kaggle/input;/kaggle/input.;/kaggle/working,,RELEASE_COPY_NOT_CANONICAL_SOURCE
/mnt/data/SWARABYANJAN_GITHUB_CORE_SOURCE_ONLY.zip,SWARABYANJAN_GITHUB_CORE_SOURCE_ONLY/results/primary/stage10_release/swarabyanjan-crossplatform-paper\ANONYMIZED_RELEASE\notebooks\06_FIXED_BUDGET_RELIABILITY_EVALUATION_vFINAL.ipynb,06_FIXED_BUDGET_RELIABILITY_EVALUATION_vFINAL.ipynb,06,Anonymized release copy of a frozen notebook,ANONYMIZED_RELEASE_COPY,7d73b4a6a58ca0746deb90e6acee271cc1e261364a7192001eceafd89f416702,701d4cb692752ddf3217814ff2c91f86f6cec27b6bda93536975b7e7f4310977,152057,14,7,7,6,EXECUTED,python3,collections;datetime;hashlib;importlib.metadata;importlib.util;json;matplotlib.pyplot;numpy;os;pathlib;subprocess;sys;tempfile;textwrap,/kaggle/input;/kaggle/working,Stage 06 canonical source,RELEASE_COPY_NOT_CANONICAL_SOURCE
/mnt/data/SWARABYANJAN_GITHUB_CORE_SOURCE_ONLY.zip,SWARABYANJAN_GITHUB_CORE_SOURCE_ONLY/results/primary/stage10_release/swarabyanjan-crossplatform-paper\ANONYMIZED_RELEASE\notebooks\03-primary-model-development.ipynb,03-primary-model-development.ipynb,03,Anonymized release copy of a frozen notebook,ANONYMIZED_RELEASE_COPY,b103f71ab87f0996ec14763d5d20b8d6993dd1b930035791a80c06cf86493941,28a9443724e67e4955c16ea7fe080c80e4f53539ba2d1f6da74bf26a96f8f5f9,501974,22,14,8,73,EXECUTED,python3,collections;csv;datetime;huggingface_hub;importlib.metadata;importlib.util;interpret.glassbox;joblib;json;numpy;os;pandas;pathlib;pyarrow;pyarrow.parquet;scipy.special;shutil;sklearn.feature_extraction.text;sklearn.linear_model;sklearn.metrics;sklearn.model_selection;sklearn.pipeline;subprocess;sys;tempfile;textwrap;torch;torch.utils.data;transformers,/kaggle/input;/kaggle/working,Stage 03 canonical source,RELEASE_COPY_NOT_CANONICAL_SOURCE
/mnt/data/SWARABYANJAN_GITHUB_CORE_SOURCE_ONLY.zip,SWARABYANJAN_GITHUB_CORE_SOURCE_ONLY/results/primary/stage10_release/swarabyanjan-crossplatform-paper\notebooks\05_EXTERNAL_VALIDATION_H3_vFINAL.ipynb,05_EXTERNAL_VALIDATION_H3_vFINAL.ipynb,05,Stage10 packaged release copy,STAGE10_RELEASE_COPY,9155f804884958c43b119d68b43e1b2d4763b5daa661e1e009039782ab9d4ad5,fd39e1b5af82d98a724878303c578a8658e88945a852e0225a90be8956691b6e,274439,19,9,10,9,EXECUTED,python3,collections;datetime;hashlib;numpy;pandas;pathlib;scipy.special;scipy.stats;sklearn.metrics;statsmodels.api;statsmodels.stats.multitest,/kaggle/input;/kaggle/working,Stage 05 canonical source,RELEASE_COPY_NOT_CANONICAL_SOURCE
/mnt/data/SWARABYANJAN_GITHUB_CORE_SOURCE_ONLY.zip,SWARABYANJAN_GITHUB_CORE_SOURCE_ONLY/results/primary/stage10_release/swarabyanjan-crossplatform-paper\notebooks\01-dataset-acquisition-and-freeze.ipynb,01-dataset-acquisition-and-freeze.ipynb,01,Stage10 packaged release copy,STAGE10_RELEASE_COPY,0223500a7d1a58c1044d664e01c20e7e776fd4ceb58e8e8575181ac1944c0481,ca6e7da20f58ed561cd04026f258760b1b8efc4752eea9676179e5a300d585be,236791,19,9,10,27,EXECUTED,python3,datetime;hashlib;huggingface_hub;json;os;pathlib;platform;requests;requests.adapters;shutil;sys;tarfile;time;tqdm.auto;traceback;urllib.parse;urllib3.util.retry;zipfile,/kaggle/working,Stage 01 canonical source,RELEASE_COPY_NOT_CANONICAL_SOURCE
/mnt/data/SWARABYANJAN_GITHUB_CORE_SOURCE_ONLY.zip,SWARABYANJAN_GITHUB_CORE_SOURCE_ONLY/results/primary/stage10_release/swarabyanjan-crossplatform-paper\ANONYMIZED_RELEASE\notebooks\02-p0-integrity-provenance-leakage-audit.ipynb,02-p0-integrity-provenance-leakage-audit.ipynb,02,Anonymized release copy of a frozen notebook,ANONYMIZED_RELEASE_COPY,bb99fd934c5d7ee536b9012ba5a7d4ff61d595949ace45ff3ad5cdac962c273a,103d11105532d2b9b7efff13adc6ecfa158b4f55f7063ba5d3442eed5f6fa290,246257,23,11,12,7,EXECUTED,python3,collections;csv;datetime;hashlib;importlib.metadata;json;math;numpy;openpyxl;os;pandas;pathlib;platform;pyarrow.parquet;re;shutil;sqlite3;subprocess;sys;unicodedata;zipfile,/kaggle/input;/kaggle/input.;/kaggle/working,Stage 02 canonical source,RELEASE_COPY_NOT_CANONICAL_SOURCE
/mnt/data/SWARABYANJAN_GITHUB_CORE_SOURCE_ONLY.zip,SWARABYANJAN_GITHUB_CORE_SOURCE_ONLY/results/primary/stage10_release/swarabyanjan-crossplatform-paper\ANONYMIZED_RELEASE\notebooks\04-calibration.ipynb,04-calibration.ipynb,04,Anonymized release copy of a frozen notebook,ANONYMIZED_RELEASE_COPY,fb8778f178bb7c633b2150e27d7513ec2ff379255943b04db3da386a932f8795,1811bd43a2e954138e14d9f9d64224741d7bbc9df5ecb8ab54e09bec49a5246d,154811,14,7,7,16,EXECUTED,python3,datetime;hashlib;importlib.metadata;importlib.util;interpret.glassbox;joblib;json;numpy;os;pathlib;scipy.optimize;scipy.special;sklearn.metrics;statsmodels.api;subprocess;sys;tempfile;textwrap;torch;torch.utils.data;transformers;unicodedata,/kaggle/input;/kaggle/working,Stage 04 canonical source,RELEASE_COPY_NOT_CANONICAL_SOURCE
/mnt/data/SWARABYANJAN_GITHUB_CORE_SOURCE_ONLY.zip,SWARABYANJAN_GITHUB_CORE_SOURCE_ONLY/results/primary/stage10_release/swarabyanjan-crossplatform-paper\ANONYMIZED_RELEASE\notebooks\09_SOURCE_SITE_CLUSTER_SENSITIVITY_vFINAL.ipynb,09_SOURCE_SITE_CLUSTER_SENSITIVITY_vFINAL.ipynb,09,Anonymized release copy of a frozen notebook,ANONYMIZED_RELEASE_COPY,a783f373daf896edadee537c5b0aa4f7ff68a1fa4412a47b19958ff5e5d8f376,06baa2d0948e5b321821b30bd9b1aa4d11b787e8b2ef1418c74e0db133afb1bb,107024,12,11,1,11,EXECUTED,python3,collections;csv;datetime;numpy;pandas;pathlib;pyarrow.parquet;scipy.stats;sklearn.metrics;statsmodels.stats.multitest;urllib.parse,/kaggle/input;/kaggle/working;/mnt/data,Stage 09 canonical source,RELEASE_COPY_NOT_CANONICAL_SOURCE
/mnt/data/SWARABYANJAN_GITHUB_CORE_SOURCE_ONLY.zip,SWARABYANJAN_GITHUB_CORE_SOURCE_ONLY/results/primary/stage10_release/swarabyanjan-crossplatform-paper\notebooks\04-calibration.ipynb,04-calibration.ipynb,04,Stage10 packaged release copy,STAGE10_RELEASE_COPY,64d23570c8df9c0559fce2b4194f40f3f298b9e9b2ca844644382f5e0bf5f4ef,1811bd43a2e954138e14d9f9d64224741d7bbc9df5ecb8ab54e09bec49a5246d,154809,14,7,7,16,EXECUTED,python3,datetime;hashlib;importlib.metadata;importlib.util;interpret.glassbox;joblib;json;numpy;os;pathlib;scipy.optimize;scipy.special;sklearn.metrics;statsmodels.api;subprocess;sys;tempfile;textwrap;torch;torch.utils.data;transformers;unicodedata,/kaggle/input;/kaggle/working,Stage 04 canonical source,RELEASE_COPY_NOT_CANONICAL_SOURCE
/mnt/data/SWARABYANJAN_GITHUB_CORE_SOURCE_ONLY.zip,SWARABYANJAN_GITHUB_CORE_SOURCE_ONLY/results/primary/stage10_release/swarabyanjan-crossplatform-paper\notebooks\07_H3_H4_BRIDGE_EXPLORATORY_vFINAL.ipynb,07_H3_H4_BRIDGE_EXPLORATORY_vFINAL.ipynb,07,Stage10 packaged release copy,STAGE10_RELEASE_COPY,967a7af8f994ab8273d58fd49aca561c2f4b3db232739e3501db9ab8036e0fcb,db655a95aad79a520ca91d01a238c4c4c39ba70906d3208699891bbcc6980f4b,83119,13,11,2,11,EXECUTED,python3,collections;datetime;hashlib;numpy;pandas;pathlib;scipy.stats,/kaggle/input;/kaggle/working,Stage 07 canonical source,RELEASE_COPY_NOT_CANONICAL_SOURCE
/mnt/data/SWARABYANJAN_GITHUB_CORE_SOURCE_ONLY.zip,SWARABYANJAN_GITHUB_CORE_SOURCE_ONLY/results/primary/stage10_release/swarabyanjan-crossplatform-paper\notebooks\09_SOURCE_SITE_CLUSTER_SENSITIVITY_vFINAL.ipynb,09_SOURCE_SITE_CLUSTER_SENSITIVITY_vFINAL.ipynb,09,Stage10 packaged release copy,STAGE10_RELEASE_COPY,346ce289c38410c964dd8779661eea2eba82785c4c7b591fc91a52b6da2ea09b,e827c70ec4efc37321da509d7ff34f2378cce8cacb1962c1804ab1d35e0b759a,107033,12,11,1,11,EXECUTED,python3,collections;csv;datetime;numpy;pandas;pathlib;pyarrow.parquet;scipy.stats;sklearn.metrics;statsmodels.stats.multitest;urllib.parse,/kaggle/input;/kaggle/working;/mnt/data,Stage 09 canonical source,RELEASE_COPY_NOT_CANONICAL_SOURCE
/mnt/data/SWARABYANJAN_GITHUB_CORE_SOURCE_ONLY.zip,SWARABYANJAN_GITHUB_CORE_SOURCE_ONLY/results/primary/stage10_release/swarabyanjan-crossplatform-paper\notebooks\06_FIXED_BUDGET_RELIABILITY_EVALUATION_vFINAL.ipynb,06_FIXED_BUDGET_RELIABILITY_EVALUATION_vFINAL.ipynb,06,Stage10 packaged release copy,STAGE10_RELEASE_COPY,7d73b4a6a58ca0746deb90e6acee271cc1e261364a7192001eceafd89f416702,701d4cb692752ddf3217814ff2c91f86f6cec27b6bda93536975b7e7f4310977,152057,14,7,7,6,EXECUTED,python3,collections;datetime;hashlib;importlib.metadata;importlib.util;json;matplotlib.pyplot;numpy;os;pathlib;subprocess;sys;tempfile;textwrap,/kaggle/input;/kaggle/working,Stage 06 canonical source,RELEASE_COPY_NOT_CANONICAL_SOURCE
/mnt/data/SWARABYANJAN_GITHUB_CORE_SOURCE_ONLY.zip,SWARABYANJAN_GITHUB_CORE_SOURCE_ONLY/results/primary/stage10_release/swarabyanjan-crossplatform-paper\ANONYMIZED_RELEASE\notebooks\05_EXTERNAL_VALIDATION_H3_vFINAL.ipynb,05_EXTERNAL_VALIDATION_H3_vFINAL.ipynb,05,Anonymized release copy of a frozen notebook,ANONYMIZED_RELEASE_COPY,325fa086444d71eef4f118a42c5cd7da8561c403d6e9bb6287b6eedb62976af2,fd39e1b5af82d98a724878303c578a8658e88945a852e0225a90be8956691b6e,274441,19,9,10,9,EXECUTED,python3,collections;datetime;hashlib;numpy;pandas;pathlib;scipy.special;scipy.stats;sklearn.metrics;statsmodels.api;statsmodels.stats.multitest,/kaggle/input;/kaggle/working,Stage 05 canonical source,RELEASE_COPY_NOT_CANONICAL_SOURCE
/mnt/data/SWARABYANJAN_GITHUB_CORE_SOURCE_ONLY.zip,SWARABYANJAN_GITHUB_CORE_SOURCE_ONLY/results/primary/stage10_release/swarabyanjan-crossplatform-paper\ANONYMIZED_RELEASE\notebooks\01-dataset-acquisition-and-freeze.ipynb,01-dataset-acquisition-and-freeze.ipynb,01,Anonymized release copy of a frozen notebook,ANONYMIZED_RELEASE_COPY,0223500a7d1a58c1044d664e01c20e7e776fd4ceb58e8e8575181ac1944c0481,ca6e7da20f58ed561cd04026f258760b1b8efc4752eea9676179e5a300d585be,236791,19,9,10,27,EXECUTED,python3,datetime;hashlib;huggingface_hub;json;os;pathlib;platform;requests;requests.adapters;shutil;sys;tarfile;time;tqdm.auto;traceback;urllib.parse;urllib3.util.retry;zipfile,/kaggle/working,Stage 01 canonical source,RELEASE_COPY_NOT_CANONICAL_SOURCE
/mnt/data/SWARABYANJAN_GITHUB_CORE_SOURCE_ONLY.zip,SWARABYANJAN_GITHUB_CORE_SOURCE_ONLY/results/primary/stage10_release/swarabyanjan-crossplatform-paper\notebooks\03-primary-model-development.ipynb,03-primary-model-development.ipynb,03,Stage10 packaged release copy,STAGE10_RELEASE_COPY,9847f4b0d6f31afca35a698557f9bf3cf339f37b9c14386829960474f59645da,28a9443724e67e4955c16ea7fe080c80e4f53539ba2d1f6da74bf26a96f8f5f9,501972,22,14,8,73,EXECUTED,python3,collections;csv;datetime;huggingface_hub;importlib.metadata;importlib.util;interpret.glassbox;joblib;json;numpy;os;pandas;pathlib;pyarrow;pyarrow.parquet;scipy.special;shutil;sklearn.feature_extraction.text;sklearn.linear_model;sklearn.metrics;sklearn.model_selection;sklearn.pipeline;subprocess;sys;tempfile;textwrap;torch;torch.utils.data;transformers,/kaggle/input;/kaggle/working,Stage 03 canonical source,RELEASE_COPY_NOT_CANONICAL_SOURCE
/mnt/data/SWARABYANJAN_GITHUB_CORE_SOURCE_ONLY.zip,SWARABYANJAN_GITHUB_CORE_SOURCE_ONLY/results/primary/stage10_release/swarabyanjan-crossplatform-paper\notebooks\02-p0-integrity-provenance-leakage-audit.ipynb,02-p0-integrity-provenance-leakage-audit.ipynb,02,Stage10 packaged release copy,STAGE10_RELEASE_COPY,77f5ad63c6c60dc637d15e2f7eec544e23138fb8f7d3b9e1c25e083f7f601d22,103d11105532d2b9b7efff13adc6ecfa158b4f55f7063ba5d3442eed5f6fa290,246255,23,11,12,7,EXECUTED,python3,collections;csv;datetime;hashlib;importlib.metadata;json;math;numpy;openpyxl;os;pandas;pathlib;platform;pyarrow.parquet;re;shutil;sqlite3;subprocess;sys;unicodedata;zipfile,/kaggle/input;/kaggle/input.;/kaggle/working,Stage 02 canonical source,RELEASE_COPY_NOT_CANONICAL_SOURCE
/mnt/data/SWARABYANJAN_GITHUB_CORE_SOURCE_ONLY.zip,SWARABYANJAN_GITHUB_CORE_SOURCE_ONLY/experiments/sensitivity/rule_a/notebooks/06_FIXED_BUDGET_RELIABILITY_EVALUATION_vFINAL.ipynb,06_FIXED_BUDGET_RELIABILITY_EVALUATION_vFINAL.ipynb,06,Post-hoc Rule A News-decontamination sensitivity execution,SENSITIVITY_RULE_A,67a53253c4dd74e49851e706fabab32a04e760c2a6cac7ff1bb1a39697702068,b8fa16d69cf68159f3132edfce4cfd5acf616bfc5ba7ecd704063ec1759f8bdf,155538,14,7,7,6,EXECUTED,python3,collections;datetime;hashlib;importlib.metadata;importlib.util;json;matplotlib.pyplot;numpy;os;pathlib;subprocess;sys;tempfile;textwrap,/kaggle/input;/kaggle/working,Primary frozen Stage05/06/07 counterparts,SENSITIVITY_ONLY
/mnt/data/SWARABYANJAN_GITHUB_CORE_SOURCE_ONLY.zip,SWARABYANJAN_GITHUB_CORE_SOURCE_ONLY/experiments/sensitivity/rule_a/notebooks/07_H3_H4_BRIDGE_EXPLORATORY_vFINAL.ipynb,07_H3_H4_BRIDGE_EXPLORATORY_vFINAL.ipynb,07,Post-hoc Rule A News-decontamination sensitivity execution,SENSITIVITY_RULE_A,93d6dc6e8465d5e546b23e0eb596dfa73a60b9e5b1f3c4a0bbb07b15a7d909f7,c47e1fce81e10213df1e47bca1ee61e35dd436252e7b50b041ea8f605745a002,90715,13,11,2,11,EXECUTED,python3,collections;datetime;hashlib;numpy;pandas;pathlib;scipy.stats,/kaggle/input;/kaggle/working,Primary frozen Stage05/06/07 counterparts,SENSITIVITY_ONLY
/mnt/data/SWARABYANJAN_GITHUB_CORE_SOURCE_ONLY.zip,SWARABYANJAN_GITHUB_CORE_SOURCE_ONLY/experiments/sensitivity/rule_a/notebooks/05_EXTERNAL_VALIDATION_H3_vFINAL.ipynb,05_EXTERNAL_VALIDATION_H3_vFINAL.ipynb,05,Post-hoc Rule A News-decontamination sensitivity execution,SENSITIVITY_RULE_A,42293f7f223c93c84ef4d70f1b1484a65c191afc4f9c71410bc6096254c3acfd,37456b5f2bc6e98453863f0ddfc233094b944d9d4b6c8cdffbdf3fd521994735,277219,19,9,10,9,EXECUTED,python3,collections;datetime;hashlib;numpy;pandas;pathlib;scipy.special;scipy.stats;sklearn.metrics;statsmodels.api;statsmodels.stats.multitest,,Primary frozen Stage05/06/07 counterparts,SENSITIVITY_ONLY
/mnt/data/SWARABYANJAN_GITHUB_CORE_SOURCE_ONLY.zip,SWARABYANJAN_GITHUB_CORE_SOURCE_ONLY/experiments/sensitivity/rule_a/executed/06_FIXED_BUDGET_RELIABILITY_EVALUATION_vFINAL_executed.ipynb,06_FIXED_BUDGET_RELIABILITY_EVALUATION_vFINAL_executed.ipynb,06,Post-hoc Rule A News-decontamination sensitivity execution,SENSITIVITY_RULE_A,7bb05ddbe71c38b606e7836637b047db61ece06b25b7dd0401aa74becca5db1d,a0d080a8778071b5ab4b624d30807790eb424716c6fb06a095af6ed6c055033c,216134,14,7,7,708,EXECUTED,python3,collections;datetime;hashlib;importlib.metadata;importlib.util;json;matplotlib.pyplot;numpy;os;pathlib;subprocess;sys;tempfile;textwrap,/kaggle/input;/kaggle/working,Primary frozen Stage05/06/07 counterparts,SENSITIVITY_ONLY
/mnt/data/SWARABYANJAN_GITHUB_CORE_SOURCE_ONLY.zip,SWARABYANJAN_GITHUB_CORE_SOURCE_ONLY/experiments/sensitivity/rule_a/executed/07_H3_H4_BRIDGE_EXPLORATORY_vFINAL_executed.ipynb,07_H3_H4_BRIDGE_EXPLORATORY_vFINAL_executed.ipynb,07,Post-hoc Rule A News-decontamination sensitivity execution,SENSITIVITY_RULE_A,5334230778f71449e2cc6e1470594682470565e687bb6f5d933c0a84aa28ec81,c47e1fce81e10213df1e47bca1ee61e35dd436252e7b50b041ea8f605745a002,92626,13,11,2,33,EXECUTED,python3,collections;datetime;hashlib;numpy;pandas;pathlib;scipy.stats,/kaggle/input;/kaggle/working,Primary frozen Stage05/06/07 counterparts,SENSITIVITY_ONLY
/mnt/data/SWARABYANJAN_GITHUB_CORE_SOURCE_ONLY.zip,SWARABYANJAN_GITHUB_CORE_SOURCE_ONLY/experiments/sensitivity/rule_a/executed/05_EXTERNAL_VALIDATION_H3_vFINAL_executed.ipynb,05_EXTERNAL_VALIDATION_H3_vFINAL_executed.ipynb,05,Post-hoc Rule A News-decontamination sensitivity execution,SENSITIVITY_RULE_A,b63526517039588a4318978c233a7130a629b3014678472aa9a4bef63348d5bb,5fbc027ccd5ac434e5a12e4b5e524d8f9a3b82667d8be0a6bd102bd094802d83,412857,19,9,10,1574,EXECUTED,python3,collections;datetime;hashlib;numpy;pandas;pathlib;scipy.special;scipy.stats;sklearn.metrics;statsmodels.api;statsmodels.stats.multitest,/kaggle/input;/kaggle/working,Primary frozen Stage05/06/07 counterparts,SENSITIVITY_ONLY
/mnt/data/All Notebooks of Swarabyanjan after run(2).zip,01-dataset-acquisition-and-freeze.ipynb,01-dataset-acquisition-and-freeze.ipynb,01,Frozen dataset acquisition and byte identity,CANONICAL_SCIENTIFIC_SOURCE,627e38c7fd99c53b483bc109404b03e781b060c58215e639121838cb63abe8cf,ca6e7da20f58ed561cd04026f258760b1b8efc4752eea9676179e5a300d585be,184728,19,9,10,27,EXECUTED,python3,datetime;hashlib;huggingface_hub;json;os;pathlib;platform;requests;requests.adapters;shutil;sys;tarfile;time;tqdm.auto;traceback;urllib.parse;urllib3.util.retry;zipfile,/kaggle/working,,CANONICAL_NOTEBOOK
/mnt/data/All Notebooks of Swarabyanjan after run(2).zip,02-p0-integrity-provenance-leakage-audit.ipynb,02-p0-integrity-provenance-leakage-audit.ipynb,02,"P0 integrity, provenance and leakage audit",CANONICAL_SCIENTIFIC_SOURCE,425357156376ea9b5724fae120ca969f8f2c93c94d0f92cba252461b2835a85f,103d11105532d2b9b7efff13adc6ecfa158b4f55f7063ba5d3442eed5f6fa290,218404,23,11,12,7,EXECUTED,python3,collections;csv;datetime;hashlib;importlib.metadata;json;math;numpy;openpyxl;os;pandas;pathlib;platform;pyarrow.parquet;re;shutil;sqlite3;subprocess;sys;unicodedata;zipfile,/kaggle/input;/kaggle/input.;/kaggle/working,,CANONICAL_NOTEBOOK
/mnt/data/All Notebooks of Swarabyanjan after run(2).zip,03-primary-model-development.ipynb,03-primary-model-development.ipynb,03,Primary model development on decontaminated source splits,CANONICAL_SCIENTIFIC_SOURCE,db17c0ecbc55eb15a9c5e7518616df6494400db093c82a66576cd4911b221f1c,28a9443724e67e4955c16ea7fe080c80e4f53539ba2d1f6da74bf26a96f8f5f9,382971,22,14,8,73,EXECUTED,python3,collections;csv;datetime;huggingface_hub;importlib.metadata;importlib.util;interpret.glassbox;joblib;json;numpy;os;pandas;pathlib;pyarrow;pyarrow.parquet;scipy.special;shutil;sklearn.feature_extraction.text;sklearn.linear_model;sklearn.metrics;sklearn.model_selection;sklearn.pipeline;subprocess;sys;tempfile;textwrap;torch;torch.utils.data;transformers,/kaggle/input;/kaggle/working,,CANONICAL_NOTEBOOK
/mnt/data/All Notebooks of Swarabyanjan after run(2).zip,04-calibration.ipynb,04-calibration.ipynb,04,Source-DEV scalar temperature calibration,CANONICAL_SCIENTIFIC_SOURCE,9c80cfe9a16cba71813f7cb539368e674694d820228b66b8392ad83341cd81ea,1811bd43a2e954138e14d9f9d64224741d7bbc9df5ecb8ab54e09bec49a5246d,118713,14,7,7,16,EXECUTED,python3,datetime;hashlib;importlib.metadata;importlib.util;interpret.glassbox;joblib;json;numpy;os;pathlib;scipy.optimize;scipy.special;sklearn.metrics;statsmodels.api;subprocess;sys;tempfile;textwrap;torch;torch.utils.data;transformers;unicodedata,/kaggle/input;/kaggle/working,,CANONICAL_NOTEBOOK
/mnt/data/All Notebooks of Swarabyanjan after run(2).zip,05-external-validation.ipynb,05-external-validation.ipynb,05,Earlier Stage05 external-validation notebook,LEGACY_REPAIR_SOURCE,685b2be79ec58696f0d9f0e022dd7b7ef32a56c2ba2807a463d598ce3d804bdc,58f2aed04fa133fa626ef63e647fde965b6bd2d020d9804866190c758abbd0e7,727289,26,15,11,58,EXECUTED,python3,collections;datetime;hashlib;importlib.metadata;importlib.util;interpret.glassbox;joblib;json;matplotlib.pyplot;numpy;openpyxl;os;pathlib;pyarrow.parquet;scipy.special;scipy.stats;sklearn.metrics;statsmodels.api;statsmodels.stats.multitest;subprocess;sys;tempfile;textwrap;time;torch;torch.utils.data;transformers;urllib.parse,/kaggle/input;/kaggle/working,,ARCHIVE_ONLY
/mnt/data/All Notebooks of Swarabyanjan after run(2).zip,05-h3-statistical-repair-only.ipynb,05-h3-statistical-repair-only.ipynb,05,Historical H3 statistical repair-only notebook,LEGACY_REPAIR_SOURCE,5891a31b23564e1b502638422d837149c915c68fbd4345f10a86fe8ce0e8f177,3993338738ba22f5cc03a06caa7e0edc5a1a8294fd60d32242435a7779e9c1bf,66983,5,4,1,4,EXECUTED,python3,collections;copy;datetime;numpy;pandas;pathlib;scipy.stats;statsmodels.stats.multitest,/kaggle/input;/kaggle/working,,ARCHIVE_ONLY
/mnt/data/All Notebooks of Swarabyanjan after run(2).zip,06-fixed-budget-reliability-evaluation.ipynb,06-fixed-budget-reliability-evaluation.ipynb,06,Earlier Stage06 fixed-budget notebook,LEGACY_REPAIR_SOURCE,31a18d08ff612cb49f37822bd1705445743a8134fa58e8e957f5d7f21038df69,066aa7cdbaf2fb611547c7b2ef8216e08e8e506b9458d084b1e015c055c4d70c,137829,14,7,7,6,EXECUTED,python3,collections;datetime;hashlib;importlib.metadata;importlib.util;json;matplotlib.pyplot;numpy;os;pathlib;subprocess;sys;tempfile;textwrap,/kaggle/input;/kaggle/working,,ARCHIVE_ONLY
/mnt/data/All Notebooks of Swarabyanjan after run(2).zip,05-external-validation-and-h3-vfinal.ipynb,05-external-validation-and-h3-vfinal.ipynb,05,Canonical external validation and H1/H2/H3/H3-P inference,CANONICAL_SCIENTIFIC_SOURCE,ee258026c5d6634c6b0c0bb66553971d06a9148e36ff13a4ea7f4886905a81cf,fd39e1b5af82d98a724878303c578a8658e88945a852e0225a90be8956691b6e,252192,19,9,10,9,EXECUTED,python3,collections;datetime;hashlib;numpy;pandas;pathlib;scipy.special;scipy.stats;sklearn.metrics;statsmodels.api;statsmodels.stats.multitest,/kaggle/input;/kaggle/working,,CANONICAL_NOTEBOOK
/mnt/data/All Notebooks of Swarabyanjan after run(2).zip,06-fixed-budget-reliability-evaluation-vfinal.ipynb,06-fixed-budget-reliability-evaluation-vfinal.ipynb,06,Canonical fixed-budget reliability evaluation,CANONICAL_SCIENTIFIC_SOURCE,4fa809490ffd9a08791fe2da1fab5b1056b51c68443bd97060577d05b1012c43,701d4cb692752ddf3217814ff2c91f86f6cec27b6bda93536975b7e7f4310977,140213,14,7,7,6,EXECUTED,python3,collections;datetime;hashlib;importlib.metadata;importlib.util;json;matplotlib.pyplot;numpy;os;pathlib;subprocess;sys;tempfile;textwrap,/kaggle/input;/kaggle/working,,CANONICAL_NOTEBOOK
/mnt/data/All Notebooks of Swarabyanjan after run(2).zip,07-h3-h4-bridge-exploratory-vfinal.ipynb,07-h3-h4-bridge-exploratory-vfinal.ipynb,07,Exploratory H3→H4 bridge,CANONICAL_SCIENTIFIC_SOURCE,e3c961eff6a380eb86f919dc598b5298cadb6d749548e3f33fb97c5b7c8f4967,db655a95aad79a520ca91d01a238c4c4c39ba70906d3208699891bbcc6980f4b,75142,13,11,2,11,EXECUTED,python3,collections;datetime;hashlib;numpy;pandas;pathlib;scipy.stats,/kaggle/input;/kaggle/working,,CANONICAL_NOTEBOOK
/mnt/data/All Notebooks of Swarabyanjan after run(2).zip,08-manuscript-figures-and-tables-vfinal.ipynb,08-manuscript-figures-and-tables-vfinal.ipynb,08,Deterministic manuscript figure/table reproduction,CANONICAL_SCIENTIFIC_SOURCE,8766604fe554acb362811d35314982d62f413a7489068aeca8b619915b479c62,339edf5f88b593647018103e0f1269a58f6581a7ddf8d109397e2e16b84c852e,103966,16,16,0,13,EXECUTED,python3,collections;datetime;hashlib;matplotlib;matplotlib.lines;matplotlib.patches;matplotlib.pyplot;numpy;pandas;pathlib,/kaggle/input;/kaggle/working;/kaggle/working/08_manuscript_outputs;/mnt/data;/mnt/data/08_manuscript_outputs,,CANONICAL_NOTEBOOK
/mnt/data/All Notebooks of Swarabyanjan after run(2).zip,09-source-publisher-cluster-sensitivity-vfinal.ipynb,09-source-publisher-cluster-sensitivity-vfinal.ipynb,09,Source-site clustering sensitivity,CANONICAL_SCIENTIFIC_SOURCE,d4b267d17debe23f470343dcb0d949c274a31510d3acc5178ee6a18f2adcb64c,e827c70ec4efc37321da509d7ff34f2378cce8cacb1962c1804ab1d35e0b759a,98276,12,11,1,11,EXECUTED,python3,collections;csv;datetime;numpy;pandas;pathlib;pyarrow.parquet;scipy.stats;sklearn.metrics;statsmodels.stats.multitest;urllib.parse,/kaggle/input;/kaggle/working;/mnt/data,,CANONICAL_NOTEBOOK
/mnt/data/All Notebooks of Swarabyanjan after run(2).zip,10-release-package-assembly-vfinal.ipynb,10-release-package-assembly-vfinal.ipynb,10,Release/package assembly; no scientific inference,RELEASE_ENGINEERING_SOURCE,c732cc5ea3c69367ab7fc11153799def743ab08bab5a6ef173a615572ed9ff16,081adfd7dd14f5425daf20f67a0081eb9e7d35ee61e334b2e119f08e3867d28a,170488,29,14,15,13,EXECUTED,python3,collections;csv;datetime;hashlib;importlib.metadata;json;os;pathlib;platform;re;shutil;sys;zipfile,/kaggle/input;/kaggle/input/notebooks/{KNOWN_KAGGLE_OWNER}/;/kaggle/working;/mnt/data,,RELEASE_ENGINEERING
/mnt/data/SWARABYANJAN_GITHUB_PUSH_READY_FINAL_2026-09-23.zip,SWARABYANJAN_GITHUB_PUSH_READY_FINAL_2026-09-23/notebooks/03-primary-model-development.ipynb,03-primary-model-development.ipynb,03,Primary model development on decontaminated source splits,DUPLICATE_COPY_OF_CANONICAL_SOURCE,db17c0ecbc55eb15a9c5e7518616df6494400db093c82a66576cd4911b221f1c,28a9443724e67e4955c16ea7fe080c80e4f53539ba2d1f6da74bf26a96f8f5f9,382971,22,14,8,73,EXECUTED,python3,collections;csv;datetime;huggingface_hub;importlib.metadata;importlib.util;interpret.glassbox;joblib;json;numpy;os;pandas;pathlib;pyarrow;pyarrow.parquet;scipy.special;shutil;sklearn.feature_extraction.text;sklearn.linear_model;sklearn.metrics;sklearn.model_selection;sklearn.pipeline;subprocess;sys;tempfile;textwrap;torch;torch.utils.data;transformers,/kaggle/input;/kaggle/working,All Notebooks of Swarabyanjan after run(2).zip/03-primary-model-development.ipynb,DUPLICATE_OR_GENERATED_REPOSITORY_COPY
/mnt/data/SWARABYANJAN_GITHUB_PUSH_READY_FINAL_2026-09-23.zip,SWARABYANJAN_GITHUB_PUSH_READY_FINAL_2026-09-23/notebooks/04-calibration.ipynb,04-calibration.ipynb,04,Source-DEV scalar temperature calibration,DUPLICATE_COPY_OF_CANONICAL_SOURCE,9c80cfe9a16cba71813f7cb539368e674694d820228b66b8392ad83341cd81ea,1811bd43a2e954138e14d9f9d64224741d7bbc9df5ecb8ab54e09bec49a5246d,118713,14,7,7,16,EXECUTED,python3,datetime;hashlib;importlib.metadata;importlib.util;interpret.glassbox;joblib;json;numpy;os;pathlib;scipy.optimize;scipy.special;sklearn.metrics;statsmodels.api;subprocess;sys;tempfile;textwrap;torch;torch.utils.data;transformers;unicodedata,/kaggle/input;/kaggle/working,All Notebooks of Swarabyanjan after run(2).zip/04-calibration.ipynb,DUPLICATE_OR_GENERATED_REPOSITORY_COPY
/mnt/data/SWARABYANJAN_GITHUB_PUSH_READY_FINAL_2026-09-23.zip,SWARABYANJAN_GITHUB_PUSH_READY_FINAL_2026-09-23/notebooks/08-manuscript-figures-and-tables-vfinal.ipynb,08-manuscript-figures-and-tables-vfinal.ipynb,08,Deterministic manuscript figure/table reproduction,DUPLICATE_COPY_OF_CANONICAL_SOURCE,8766604fe554acb362811d35314982d62f413a7489068aeca8b619915b479c62,339edf5f88b593647018103e0f1269a58f6581a7ddf8d109397e2e16b84c852e,103966,16,16,0,13,EXECUTED,python3,collections;datetime;hashlib;matplotlib;matplotlib.lines;matplotlib.patches;matplotlib.pyplot;numpy;pandas;pathlib,/kaggle/input;/kaggle/working;/kaggle/working/08_manuscript_outputs;/mnt/data;/mnt/data/08_manuscript_outputs,All Notebooks of Swarabyanjan after run(2).zip/08-manuscript-figures-and-tables-vfinal.ipynb,DUPLICATE_OR_GENERATED_REPOSITORY_COPY
/mnt/data/SWARABYANJAN_GITHUB_PUSH_READY_FINAL_2026-09-23.zip,SWARABYANJAN_GITHUB_PUSH_READY_FINAL_2026-09-23/notebooks/07-h3-h4-bridge-exploratory-vfinal.ipynb,07-h3-h4-bridge-exploratory-vfinal.ipynb,07,Exploratory H3→H4 bridge,DUPLICATE_COPY_OF_CANONICAL_SOURCE,e3c961eff6a380eb86f919dc598b5298cadb6d749548e3f33fb97c5b7c8f4967,db655a95aad79a520ca91d01a238c4c4c39ba70906d3208699891bbcc6980f4b,75142,13,11,2,11,EXECUTED,python3,collections;datetime;hashlib;numpy;pandas;pathlib;scipy.stats,/kaggle/input;/kaggle/working,All Notebooks of Swarabyanjan after run(2).zip/07-h3-h4-bridge-exploratory-vfinal.ipynb,DUPLICATE_OR_GENERATED_REPOSITORY_COPY
/mnt/data/SWARABYANJAN_GITHUB_PUSH_READY_FINAL_2026-09-23.zip,SWARABYANJAN_GITHUB_PUSH_READY_FINAL_2026-09-23/notebooks/10-release-package-assembly-vfinal.ipynb,10-release-package-assembly-vfinal.ipynb,10,Release/package assembly; no scientific inference,DUPLICATE_RELEASE_ENGINEERING_COPY,c732cc5ea3c69367ab7fc11153799def743ab08bab5a6ef173a615572ed9ff16,081adfd7dd14f5425daf20f67a0081eb9e7d35ee61e334b2e119f08e3867d28a,170488,29,14,15,13,EXECUTED,python3,collections;csv;datetime;hashlib;importlib.metadata;json;os;pathlib;platform;re;shutil;sys;zipfile,/kaggle/input;/kaggle/input/notebooks/{KNOWN_KAGGLE_OWNER}/;/kaggle/working;/mnt/data,All Notebooks of Swarabyanjan after run(2).zip/10-release-package-assembly-vfinal.ipynb,DUPLICATE_COPY
/mnt/data/SWARABYANJAN_GITHUB_PUSH_READY_FINAL_2026-09-23.zip,SWARABYANJAN_GITHUB_PUSH_READY_FINAL_2026-09-23/notebooks/02-p0-integrity-provenance-leakage-audit.ipynb,02-p0-integrity-provenance-leakage-audit.ipynb,02,"P0 integrity, provenance and leakage audit",DUPLICATE_COPY_OF_CANONICAL_SOURCE,425357156376ea9b5724fae120ca969f8f2c93c94d0f92cba252461b2835a85f,103d11105532d2b9b7efff13adc6ecfa158b4f55f7063ba5d3442eed5f6fa290,218404,23,11,12,7,EXECUTED,python3,collections;csv;datetime;hashlib;importlib.metadata;json;math;numpy;openpyxl;os;pandas;pathlib;platform;pyarrow.parquet;re;shutil;sqlite3;subprocess;sys;unicodedata;zipfile,/kaggle/input;/kaggle/input.;/kaggle/working,All Notebooks of Swarabyanjan after run(2).zip/02-p0-integrity-provenance-leakage-audit.ipynb,DUPLICATE_OR_GENERATED_REPOSITORY_COPY
/mnt/data/SWARABYANJAN_GITHUB_PUSH_READY_FINAL_2026-09-23.zip,SWARABYANJAN_GITHUB_PUSH_READY_FINAL_2026-09-23/notebooks/06-fixed-budget-reliability-evaluation.ipynb,06-fixed-budget-reliability-evaluation.ipynb,06,Earlier Stage06 fixed-budget notebook,DUPLICATE_LEGACY_REPAIR_COPY,31a18d08ff612cb49f37822bd1705445743a8134fa58e8e957f5d7f21038df69,066aa7cdbaf2fb611547c7b2ef8216e08e8e506b9458d084b1e015c055c4d70c,137829,14,7,7,6,EXECUTED,python3,collections;datetime;hashlib;importlib.metadata;importlib.util;json;matplotlib.pyplot;numpy;os;pathlib;subprocess;sys;tempfile;textwrap,/kaggle/input;/kaggle/working,All Notebooks of Swarabyanjan after run(2).zip/06-fixed-budget-reliability-evaluation.ipynb,DUPLICATE_ARCHIVE_COPY
/mnt/data/SWARABYANJAN_GITHUB_PUSH_READY_FINAL_2026-09-23.zip,SWARABYANJAN_GITHUB_PUSH_READY_FINAL_2026-09-23/notebooks/05-external-validation.ipynb,05-external-validation.ipynb,05,Earlier Stage05 external-validation notebook,DUPLICATE_LEGACY_REPAIR_COPY,685b2be79ec58696f0d9f0e022dd7b7ef32a56c2ba2807a463d598ce3d804bdc,58f2aed04fa133fa626ef63e647fde965b6bd2d020d9804866190c758abbd0e7,727289,26,15,11,58,EXECUTED,python3,collections;datetime;hashlib;importlib.metadata;importlib.util;interpret.glassbox;joblib;json;matplotlib.pyplot;numpy;openpyxl;os;pathlib;pyarrow.parquet;scipy.special;scipy.stats;sklearn.metrics;statsmodels.api;statsmodels.stats.multitest;subprocess;sys;tempfile;textwrap;time;torch;torch.utils.data;transformers;urllib.parse,/kaggle/input;/kaggle/working,All Notebooks of Swarabyanjan after run(2).zip/05-external-validation.ipynb,DUPLICATE_ARCHIVE_COPY
/mnt/data/SWARABYANJAN_GITHUB_PUSH_READY_FINAL_2026-09-23.zip,SWARABYANJAN_GITHUB_PUSH_READY_FINAL_2026-09-23/notebooks/05-h3-statistical-repair-only.ipynb,05-h3-statistical-repair-only.ipynb,05,Historical H3 statistical repair-only notebook,DUPLICATE_LEGACY_REPAIR_COPY,5891a31b23564e1b502638422d837149c915c68fbd4345f10a86fe8ce0e8f177,3993338738ba22f5cc03a06caa7e0edc5a1a8294fd60d32242435a7779e9c1bf,66983,5,4,1,4,EXECUTED,python3,collections;copy;datetime;numpy;pandas;pathlib;scipy.stats;statsmodels.stats.multitest,/kaggle/input;/kaggle/working,All Notebooks of Swarabyanjan after run(2).zip/05-h3-statistical-repair-only.ipynb,DUPLICATE_ARCHIVE_COPY
/mnt/data/SWARABYANJAN_GITHUB_PUSH_READY_FINAL_2026-09-23.zip,SWARABYANJAN_GITHUB_PUSH_READY_FINAL_2026-09-23/notebooks/09-source-publisher-cluster-sensitivity-vfinal.ipynb,09-source-publisher-cluster-sensitivity-vfinal.ipynb,09,Source-site clustering sensitivity,DUPLICATE_COPY_OF_CANONICAL_SOURCE,d4b267d17debe23f470343dcb0d949c274a31510d3acc5178ee6a18f2adcb64c,e827c70ec4efc37321da509d7ff34f2378cce8cacb1962c1804ab1d35e0b759a,98276,12,11,1,11,EXECUTED,python3,collections;csv;datetime;numpy;pandas;pathlib;pyarrow.parquet;scipy.stats;sklearn.metrics;statsmodels.stats.multitest;urllib.parse,/kaggle/input;/kaggle/working;/mnt/data,All Notebooks of Swarabyanjan after run(2).zip/09-source-publisher-cluster-sensitivity-vfinal.ipynb,DUPLICATE_OR_GENERATED_REPOSITORY_COPY
/mnt/data/SWARABYANJAN_GITHUB_PUSH_READY_FINAL_2026-09-23.zip,SWARABYANJAN_GITHUB_PUSH_READY_FINAL_2026-09-23/notebooks/05-external-validation-and-h3-vfinal.ipynb,05-external-validation-and-h3-vfinal.ipynb,05,Canonical external validation and H1/H2/H3/H3-P inference,DUPLICATE_COPY_OF_CANONICAL_SOURCE,ee258026c5d6634c6b0c0bb66553971d06a9148e36ff13a4ea7f4886905a81cf,fd39e1b5af82d98a724878303c578a8658e88945a852e0225a90be8956691b6e,252192,19,9,10,9,EXECUTED,python3,collections;datetime;hashlib;numpy;pandas;pathlib;scipy.special;scipy.stats;sklearn.metrics;statsmodels.api;statsmodels.stats.multitest,/kaggle/input;/kaggle/working,All Notebooks of Swarabyanjan after run(2).zip/05-external-validation-and-h3-vfinal.ipynb,DUPLICATE_OR_GENERATED_REPOSITORY_COPY
/mnt/data/SWARABYANJAN_GITHUB_PUSH_READY_FINAL_2026-09-23.zip,SWARABYANJAN_GITHUB_PUSH_READY_FINAL_2026-09-23/notebooks/06-fixed-budget-reliability-evaluation-vfinal.ipynb,06-fixed-budget-reliability-evaluation-vfinal.ipynb,06,Canonical fixed-budget reliability evaluation,DUPLICATE_COPY_OF_CANONICAL_SOURCE,4fa809490ffd9a08791fe2da1fab5b1056b51c68443bd97060577d05b1012c43,701d4cb692752ddf3217814ff2c91f86f6cec27b6bda93536975b7e7f4310977,140213,14,7,7,6,EXECUTED,python3,collections;datetime;hashlib;importlib.metadata;importlib.util;json;matplotlib.pyplot;numpy;os;pathlib;subprocess;sys;tempfile;textwrap,/kaggle/input;/kaggle/working,All Notebooks of Swarabyanjan after run(2).zip/06-fixed-budget-reliability-evaluation-vfinal.ipynb,DUPLICATE_OR_GENERATED_REPOSITORY_COPY
/mnt/data/SWARABYANJAN_GITHUB_PUSH_READY_FINAL_2026-09-23.zip,SWARABYANJAN_GITHUB_PUSH_READY_FINAL_2026-09-23/notebooks/01-dataset-acquisition-and-freeze.ipynb,01-dataset-acquisition-and-freeze.ipynb,01,Frozen dataset acquisition and byte identity,DUPLICATE_COPY_OF_CANONICAL_SOURCE,627e38c7fd99c53b483bc109404b03e781b060c58215e639121838cb63abe8cf,ca6e7da20f58ed561cd04026f258760b1b8efc4752eea9676179e5a300d585be,184728,19,9,10,27,EXECUTED,python3,datetime;hashlib;huggingface_hub;json;os;pathlib;platform;requests;requests.adapters;shutil;sys;tarfile;time;tqdm.auto;traceback;urllib.parse;urllib3.util.retry;zipfile,/kaggle/working,All Notebooks of Swarabyanjan after run(2).zip/01-dataset-acquisition-and-freeze.ipynb,DUPLICATE_OR_GENERATED_REPOSITORY_COPY
/mnt/data/SWARABYANJAN_GITHUB_PUSH_READY_FINAL_2026-09-23.zip,SWARABYANJAN_GITHUB_PUSH_READY_FINAL_2026-09-23/experiments/sensitivity/rule_a/notebooks/06_FIXED_BUDGET_RELIABILITY_EVALUATION_vFINAL.ipynb,06_FIXED_BUDGET_RELIABILITY_EVALUATION_vFINAL.ipynb,06,Post-hoc Rule A News-decontamination sensitivity execution,SENSITIVITY_RULE_A,67a53253c4dd74e49851e706fabab32a04e760c2a6cac7ff1bb1a39697702068,b8fa16d69cf68159f3132edfce4cfd5acf616bfc5ba7ecd704063ec1759f8bdf,155538,14,7,7,6,EXECUTED,python3,collections;datetime;hashlib;importlib.metadata;importlib.util;json;matplotlib.pyplot;numpy;os;pathlib;subprocess;sys;tempfile;textwrap,/kaggle/input;/kaggle/working,Primary frozen Stage05/06/07 counterparts,SENSITIVITY_ONLY
/mnt/data/SWARABYANJAN_GITHUB_PUSH_READY_FINAL_2026-09-23.zip,SWARABYANJAN_GITHUB_PUSH_READY_FINAL_2026-09-23/experiments/sensitivity/rule_a/notebooks/07_H3_H4_BRIDGE_EXPLORATORY_vFINAL.ipynb,07_H3_H4_BRIDGE_EXPLORATORY_vFINAL.ipynb,07,Post-hoc Rule A News-decontamination sensitivity execution,SENSITIVITY_RULE_A,93d6dc6e8465d5e546b23e0eb596dfa73a60b9e5b1f3c4a0bbb07b15a7d909f7,c47e1fce81e10213df1e47bca1ee61e35dd436252e7b50b041ea8f605745a002,90715,13,11,2,11,EXECUTED,python3,collections;datetime;hashlib;numpy;pandas;pathlib;scipy.stats,/kaggle/input;/kaggle/working,Primary frozen Stage05/06/07 counterparts,SENSITIVITY_ONLY
/mnt/data/SWARABYANJAN_GITHUB_PUSH_READY_FINAL_2026-09-23.zip,SWARABYANJAN_GITHUB_PUSH_READY_FINAL_2026-09-23/experiments/sensitivity/rule_a/notebooks/05_EXTERNAL_VALIDATION_H3_vFINAL.ipynb,05_EXTERNAL_VALIDATION_H3_vFINAL.ipynb,05,Post-hoc Rule A News-decontamination sensitivity execution,SENSITIVITY_RULE_A,42293f7f223c93c84ef4d70f1b1484a65c191afc4f9c71410bc6096254c3acfd,37456b5f2bc6e98453863f0ddfc233094b944d9d4b6c8cdffbdf3fd521994735,277219,19,9,10,9,EXECUTED,python3,collections;datetime;hashlib;numpy;pandas;pathlib;scipy.special;scipy.stats;sklearn.metrics;statsmodels.api;statsmodels.stats.multitest,,Primary frozen Stage05/06/07 counterparts,SENSITIVITY_ONLY
/mnt/data/SWARABYANJAN_GITHUB_PUSH_READY_FINAL_2026-09-23.zip,SWARABYANJAN_GITHUB_PUSH_READY_FINAL_2026-09-23/experiments/sensitivity/rule_a/executed/06_FIXED_BUDGET_RELIABILITY_EVALUATION_vFINAL_executed.ipynb,06_FIXED_BUDGET_RELIABILITY_EVALUATION_vFINAL_executed.ipynb,06,Post-hoc Rule A News-decontamination sensitivity execution,SENSITIVITY_RULE_A,7bb05ddbe71c38b606e7836637b047db61ece06b25b7dd0401aa74becca5db1d,a0d080a8778071b5ab4b624d30807790eb424716c6fb06a095af6ed6c055033c,216134,14,7,7,708,EXECUTED,python3,collections;datetime;hashlib;importlib.metadata;importlib.util;json;matplotlib.pyplot;numpy;os;pathlib;subprocess;sys;tempfile;textwrap,/kaggle/input;/kaggle/working,Primary frozen Stage05/06/07 counterparts,SENSITIVITY_ONLY
/mnt/data/SWARABYANJAN_GITHUB_PUSH_READY_FINAL_2026-09-23.zip,SWARABYANJAN_GITHUB_PUSH_READY_FINAL_2026-09-23/experiments/sensitivity/rule_a/executed/07_H3_H4_BRIDGE_EXPLORATORY_vFINAL_executed.ipynb,07_H3_H4_BRIDGE_EXPLORATORY_vFINAL_executed.ipynb,07,Post-hoc Rule A News-decontamination sensitivity execution,SENSITIVITY_RULE_A,5334230778f71449e2cc6e1470594682470565e687bb6f5d933c0a84aa28ec81,c47e1fce81e10213df1e47bca1ee61e35dd436252e7b50b041ea8f605745a002,92626,13,11,2,33,EXECUTED,python3,collections;datetime;hashlib;numpy;pandas;pathlib;scipy.stats,/kaggle/input;/kaggle/working,Primary frozen Stage05/06/07 counterparts,SENSITIVITY_ONLY
/mnt/data/SWARABYANJAN_GITHUB_PUSH_READY_FINAL_2026-09-23.zip,SWARABYANJAN_GITHUB_PUSH_READY_FINAL_2026-09-23/experiments/sensitivity/rule_a/executed/05_EXTERNAL_VALIDATION_H3_vFINAL_executed.ipynb,05_EXTERNAL_VALIDATION_H3_vFINAL_executed.ipynb,05,Post-hoc Rule A News-decontamination sensitivity execution,SENSITIVITY_RULE_A,b63526517039588a4318978c233a7130a629b3014678472aa9a4bef63348d5bb,5fbc027ccd5ac434e5a12e4b5e524d8f9a3b82667d8be0a6bd102bd094802d83,412857,19,9,10,1574,EXECUTED,python3,collections;datetime;hashlib;numpy;pandas;pathlib;scipy.special;scipy.stats;sklearn.metrics;statsmodels.api;statsmodels.stats.multitest,/kaggle/input;/kaggle/working,Primary frozen Stage05/06/07 counterparts,SENSITIVITY_ONLY
/mnt/data/SWARABYANJAN_GITHUB_PUSH_READY_FINAL_2026-09-23.zip,SWARABYANJAN_GITHUB_PUSH_READY_FINAL_2026-09-23/results/primary/stage10_release/swarabyanjan-crossplatform-paper\ANONYMIZED_RELEASE\02_cleaning\02_p0_integrity_provenance_leakage_audit.ipynb,02_p0_integrity_provenance_leakage_audit.ipynb,,Anonymized release copy of a frozen notebook,ANONYMIZED_RELEASE_COPY,83be5a3748d93c354c53cc980da98c1bc9c7665b76bc5732ed3fb57343b3dc39,103d11105532d2b9b7efff13adc6ecfa158b4f55f7063ba5d3442eed5f6fa290,258881,23,11,12,43,PARTIALLY_EXECUTED,python3,collections;csv;datetime;hashlib;importlib.metadata;json;math;numpy;openpyxl;os;pandas;pathlib;platform;pyarrow.parquet;re;shutil;sqlite3;subprocess;sys;unicodedata;zipfile,/kaggle/input;/kaggle/input.;/kaggle/working,,RELEASE_COPY_NOT_CANONICAL_SOURCE
/mnt/data/SWARABYANJAN_GITHUB_PUSH_READY_FINAL_2026-09-23.zip,SWARABYANJAN_GITHUB_PUSH_READY_FINAL_2026-09-23/results/primary/stage10_release/swarabyanjan-crossplatform-paper\ANONYMIZED_RELEASE\notebooks\07_H3_H4_BRIDGE_EXPLORATORY_vFINAL.ipynb,07_H3_H4_BRIDGE_EXPLORATORY_vFINAL.ipynb,07,Anonymized release copy of a frozen notebook,ANONYMIZED_RELEASE_COPY,967a7af8f994ab8273d58fd49aca561c2f4b3db232739e3501db9ab8036e0fcb,db655a95aad79a520ca91d01a238c4c4c39ba70906d3208699891bbcc6980f4b,83119,13,11,2,11,EXECUTED,python3,collections;datetime;hashlib;numpy;pandas;pathlib;scipy.stats,/kaggle/input;/kaggle/working,Stage 07 canonical source,RELEASE_COPY_NOT_CANONICAL_SOURCE
/mnt/data/SWARABYANJAN_GITHUB_PUSH_READY_FINAL_2026-09-23.zip,SWARABYANJAN_GITHUB_PUSH_READY_FINAL_2026-09-23/results/primary/stage10_release/swarabyanjan-crossplatform-paper\notebooks\08_MANUSCRIPT_FIGURES_AND_TABLES_vFINAL.ipynb,08_MANUSCRIPT_FIGURES_AND_TABLES_vFINAL.ipynb,08,Stage10 packaged release copy,STAGE10_RELEASE_COPY,8e779f1388d143c26a004e5cdd4985e9462241909e33f8723dfcfa1e82fd8095,339edf5f88b593647018103e0f1269a58f6581a7ddf8d109397e2e16b84c852e,114796,16,16,0,13,EXECUTED,python3,collections;datetime;hashlib;matplotlib;matplotlib.lines;matplotlib.patches;matplotlib.pyplot;numpy;pandas;pathlib,/kaggle/input;/kaggle/working;/kaggle/working/08_manuscript_outputs;/mnt/data;/mnt/data/08_manuscript_outputs,Stage 08 canonical source,RELEASE_COPY_NOT_CANONICAL_SOURCE
/mnt/data/SWARABYANJAN_GITHUB_PUSH_READY_FINAL_2026-09-23.zip,SWARABYANJAN_GITHUB_PUSH_READY_FINAL_2026-09-23/results/primary/stage10_release/swarabyanjan-crossplatform-paper\ANONYMIZED_RELEASE\notebooks\08_MANUSCRIPT_FIGURES_AND_TABLES_vFINAL.ipynb,08_MANUSCRIPT_FIGURES_AND_TABLES_vFINAL.ipynb,08,Anonymized release copy of a frozen notebook,ANONYMIZED_RELEASE_COPY,8e779f1388d143c26a004e5cdd4985e9462241909e33f8723dfcfa1e82fd8095,339edf5f88b593647018103e0f1269a58f6581a7ddf8d109397e2e16b84c852e,114796,16,16,0,13,EXECUTED,python3,collections;datetime;hashlib;matplotlib;matplotlib.lines;matplotlib.patches;matplotlib.pyplot;numpy;pandas;pathlib,/kaggle/input;/kaggle/working;/kaggle/working/08_manuscript_outputs;/mnt/data;/mnt/data/08_manuscript_outputs,Stage 08 canonical source,RELEASE_COPY_NOT_CANONICAL_SOURCE
/mnt/data/SWARABYANJAN_GITHUB_PUSH_READY_FINAL_2026-09-23.zip,SWARABYANJAN_GITHUB_PUSH_READY_FINAL_2026-09-23/results/primary/stage10_release/swarabyanjan-crossplatform-paper\02_cleaning\02_p0_integrity_provenance_leakage_audit.ipynb,02_p0_integrity_provenance_leakage_audit.ipynb,,Stage10 packaged release copy,STAGE10_RELEASE_COPY,2f41695de0d16a44bfbbae55fca67b8fb620cae92397ac6088ae8d93320ce4ba,103d11105532d2b9b7efff13adc6ecfa158b4f55f7063ba5d3442eed5f6fa290,258879,23,11,12,43,PARTIALLY_EXECUTED,python3,collections;csv;datetime;hashlib;importlib.metadata;json;math;numpy;openpyxl;os;pandas;pathlib;platform;pyarrow.parquet;re;shutil;sqlite3;subprocess;sys;unicodedata;zipfile,/kaggle/input;/kaggle/input.;/kaggle/working,,RELEASE_COPY_NOT_CANONICAL_SOURCE
/mnt/data/SWARABYANJAN_GITHUB_PUSH_READY_FINAL_2026-09-23.zip,SWARABYANJAN_GITHUB_PUSH_READY_FINAL_2026-09-23/results/primary/stage10_release/swarabyanjan-crossplatform-paper\ANONYMIZED_RELEASE\notebooks\06_FIXED_BUDGET_RELIABILITY_EVALUATION_vFINAL.ipynb,06_FIXED_BUDGET_RELIABILITY_EVALUATION_vFINAL.ipynb,06,Anonymized release copy of a frozen notebook,ANONYMIZED_RELEASE_COPY,7d73b4a6a58ca0746deb90e6acee271cc1e261364a7192001eceafd89f416702,701d4cb692752ddf3217814ff2c91f86f6cec27b6bda93536975b7e7f4310977,152057,14,7,7,6,EXECUTED,python3,collections;datetime;hashlib;importlib.metadata;importlib.util;json;matplotlib.pyplot;numpy;os;pathlib;subprocess;sys;tempfile;textwrap,/kaggle/input;/kaggle/working,Stage 06 canonical source,RELEASE_COPY_NOT_CANONICAL_SOURCE
/mnt/data/SWARABYANJAN_GITHUB_PUSH_READY_FINAL_2026-09-23.zip,SWARABYANJAN_GITHUB_PUSH_READY_FINAL_2026-09-23/results/primary/stage10_release/swarabyanjan-crossplatform-paper\ANONYMIZED_RELEASE\notebooks\03-primary-model-development.ipynb,03-primary-model-development.ipynb,03,Anonymized release copy of a frozen notebook,ANONYMIZED_RELEASE_COPY,b103f71ab87f0996ec14763d5d20b8d6993dd1b930035791a80c06cf86493941,28a9443724e67e4955c16ea7fe080c80e4f53539ba2d1f6da74bf26a96f8f5f9,501974,22,14,8,73,EXECUTED,python3,collections;csv;datetime;huggingface_hub;importlib.metadata;importlib.util;interpret.glassbox;joblib;json;numpy;os;pandas;pathlib;pyarrow;pyarrow.parquet;scipy.special;shutil;sklearn.feature_extraction.text;sklearn.linear_model;sklearn.metrics;sklearn.model_selection;sklearn.pipeline;subprocess;sys;tempfile;textwrap;torch;torch.utils.data;transformers,/kaggle/input;/kaggle/working,Stage 03 canonical source,RELEASE_COPY_NOT_CANONICAL_SOURCE
/mnt/data/SWARABYANJAN_GITHUB_PUSH_READY_FINAL_2026-09-23.zip,SWARABYANJAN_GITHUB_PUSH_READY_FINAL_2026-09-23/results/primary/stage10_release/swarabyanjan-crossplatform-paper\notebooks\05_EXTERNAL_VALIDATION_H3_vFINAL.ipynb,05_EXTERNAL_VALIDATION_H3_vFINAL.ipynb,05,Stage10 packaged release copy,STAGE10_RELEASE_COPY,9155f804884958c43b119d68b43e1b2d4763b5daa661e1e009039782ab9d4ad5,fd39e1b5af82d98a724878303c578a8658e88945a852e0225a90be8956691b6e,274439,19,9,10,9,EXECUTED,python3,collections;datetime;hashlib;numpy;pandas;pathlib;scipy.special;scipy.stats;sklearn.metrics;statsmodels.api;statsmodels.stats.multitest,/kaggle/input;/kaggle/working,Stage 05 canonical source,RELEASE_COPY_NOT_CANONICAL_SOURCE
/mnt/data/SWARABYANJAN_GITHUB_PUSH_READY_FINAL_2026-09-23.zip,SWARABYANJAN_GITHUB_PUSH_READY_FINAL_2026-09-23/results/primary/stage10_release/swarabyanjan-crossplatform-paper\notebooks\01-dataset-acquisition-and-freeze.ipynb,01-dataset-acquisition-and-freeze.ipynb,01,Stage10 packaged release copy,STAGE10_RELEASE_COPY,0223500a7d1a58c1044d664e01c20e7e776fd4ceb58e8e8575181ac1944c0481,ca6e7da20f58ed561cd04026f258760b1b8efc4752eea9676179e5a300d585be,236791,19,9,10,27,EXECUTED,python3,datetime;hashlib;huggingface_hub;json;os;pathlib;platform;requests;requests.adapters;shutil;sys;tarfile;time;tqdm.auto;traceback;urllib.parse;urllib3.util.retry;zipfile,/kaggle/working,Stage 01 canonical source,RELEASE_COPY_NOT_CANONICAL_SOURCE
/mnt/data/SWARABYANJAN_GITHUB_PUSH_READY_FINAL_2026-09-23.zip,SWARABYANJAN_GITHUB_PUSH_READY_FINAL_2026-09-23/results/primary/stage10_release/swarabyanjan-crossplatform-paper\ANONYMIZED_RELEASE\notebooks\02-p0-integrity-provenance-leakage-audit.ipynb,02-p0-integrity-provenance-leakage-audit.ipynb,02,Anonymized release copy of a frozen notebook,ANONYMIZED_RELEASE_COPY,bb99fd934c5d7ee536b9012ba5a7d4ff61d595949ace45ff3ad5cdac962c273a,103d11105532d2b9b7efff13adc6ecfa158b4f55f7063ba5d3442eed5f6fa290,246257,23,11,12,7,EXECUTED,python3,collections;csv;datetime;hashlib;importlib.metadata;json;math;numpy;openpyxl;os;pandas;pathlib;platform;pyarrow.parquet;re;shutil;sqlite3;subprocess;sys;unicodedata;zipfile,/kaggle/input;/kaggle/input.;/kaggle/working,Stage 02 canonical source,RELEASE_COPY_NOT_CANONICAL_SOURCE
/mnt/data/SWARABYANJAN_GITHUB_PUSH_READY_FINAL_2026-09-23.zip,SWARABYANJAN_GITHUB_PUSH_READY_FINAL_2026-09-23/results/primary/stage10_release/swarabyanjan-crossplatform-paper\ANONYMIZED_RELEASE\notebooks\04-calibration.ipynb,04-calibration.ipynb,04,Anonymized release copy of a frozen notebook,ANONYMIZED_RELEASE_COPY,fb8778f178bb7c633b2150e27d7513ec2ff379255943b04db3da386a932f8795,1811bd43a2e954138e14d9f9d64224741d7bbc9df5ecb8ab54e09bec49a5246d,154811,14,7,7,16,EXECUTED,python3,datetime;hashlib;importlib.metadata;importlib.util;interpret.glassbox;joblib;json;numpy;os;pathlib;scipy.optimize;scipy.special;sklearn.metrics;statsmodels.api;subprocess;sys;tempfile;textwrap;torch;torch.utils.data;transformers;unicodedata,/kaggle/input;/kaggle/working,Stage 04 canonical source,RELEASE_COPY_NOT_CANONICAL_SOURCE
/mnt/data/SWARABYANJAN_GITHUB_PUSH_READY_FINAL_2026-09-23.zip,SWARABYANJAN_GITHUB_PUSH_READY_FINAL_2026-09-23/results/primary/stage10_release/swarabyanjan-crossplatform-paper\ANONYMIZED_RELEASE\notebooks\09_SOURCE_SITE_CLUSTER_SENSITIVITY_vFINAL.ipynb,09_SOURCE_SITE_CLUSTER_SENSITIVITY_vFINAL.ipynb,09,Anonymized release copy of a frozen notebook,ANONYMIZED_RELEASE_COPY,a783f373daf896edadee537c5b0aa4f7ff68a1fa4412a47b19958ff5e5d8f376,06baa2d0948e5b321821b30bd9b1aa4d11b787e8b2ef1418c74e0db133afb1bb,107024,12,11,1,11,EXECUTED,python3,collections;csv;datetime;numpy;pandas;pathlib;pyarrow.parquet;scipy.stats;sklearn.metrics;statsmodels.stats.multitest;urllib.parse,/kaggle/input;/kaggle/working;/mnt/data,Stage 09 canonical source,RELEASE_COPY_NOT_CANONICAL_SOURCE
/mnt/data/SWARABYANJAN_GITHUB_PUSH_READY_FINAL_2026-09-23.zip,SWARABYANJAN_GITHUB_PUSH_READY_FINAL_2026-09-23/results/primary/stage10_release/swarabyanjan-crossplatform-paper\notebooks\04-calibration.ipynb,04-calibration.ipynb,04,Stage10 packaged release copy,STAGE10_RELEASE_COPY,64d23570c8df9c0559fce2b4194f40f3f298b9e9b2ca844644382f5e0bf5f4ef,1811bd43a2e954138e14d9f9d64224741d7bbc9df5ecb8ab54e09bec49a5246d,154809,14,7,7,16,EXECUTED,python3,datetime;hashlib;importlib.metadata;importlib.util;interpret.glassbox;joblib;json;numpy;os;pathlib;scipy.optimize;scipy.special;sklearn.metrics;statsmodels.api;subprocess;sys;tempfile;textwrap;torch;torch.utils.data;transformers;unicodedata,/kaggle/input;/kaggle/working,Stage 04 canonical source,RELEASE_COPY_NOT_CANONICAL_SOURCE
/mnt/data/SWARABYANJAN_GITHUB_PUSH_READY_FINAL_2026-09-23.zip,SWARABYANJAN_GITHUB_PUSH_READY_FINAL_2026-09-23/results/primary/stage10_release/swarabyanjan-crossplatform-paper\notebooks\07_H3_H4_BRIDGE_EXPLORATORY_vFINAL.ipynb,07_H3_H4_BRIDGE_EXPLORATORY_vFINAL.ipynb,07,Stage10 packaged release copy,STAGE10_RELEASE_COPY,967a7af8f994ab8273d58fd49aca561c2f4b3db232739e3501db9ab8036e0fcb,db655a95aad79a520ca91d01a238c4c4c39ba70906d3208699891bbcc6980f4b,83119,13,11,2,11,EXECUTED,python3,collections;datetime;hashlib;numpy;pandas;pathlib;scipy.stats,/kaggle/input;/kaggle/working,Stage 07 canonical source,RELEASE_COPY_NOT_CANONICAL_SOURCE
/mnt/data/SWARABYANJAN_GITHUB_PUSH_READY_FINAL_2026-09-23.zip,SWARABYANJAN_GITHUB_PUSH_READY_FINAL_2026-09-23/results/primary/stage10_release/swarabyanjan-crossplatform-paper\notebooks\09_SOURCE_SITE_CLUSTER_SENSITIVITY_vFINAL.ipynb,09_SOURCE_SITE_CLUSTER_SENSITIVITY_vFINAL.ipynb,09,Stage10 packaged release copy,STAGE10_RELEASE_COPY,346ce289c38410c964dd8779661eea2eba82785c4c7b591fc91a52b6da2ea09b,e827c70ec4efc37321da509d7ff34f2378cce8cacb1962c1804ab1d35e0b759a,107033,12,11,1,11,EXECUTED,python3,collections;csv;datetime;numpy;pandas;pathlib;pyarrow.parquet;scipy.stats;sklearn.metrics;statsmodels.stats.multitest;urllib.parse,/kaggle/input;/kaggle/working;/mnt/data,Stage 09 canonical source,RELEASE_COPY_NOT_CANONICAL_SOURCE
/mnt/data/SWARABYANJAN_GITHUB_PUSH_READY_FINAL_2026-09-23.zip,SWARABYANJAN_GITHUB_PUSH_READY_FINAL_2026-09-23/results/primary/stage10_release/swarabyanjan-crossplatform-paper\notebooks\06_FIXED_BUDGET_RELIABILITY_EVALUATION_vFINAL.ipynb,06_FIXED_BUDGET_RELIABILITY_EVALUATION_vFINAL.ipynb,06,Stage10 packaged release copy,STAGE10_RELEASE_COPY,7d73b4a6a58ca0746deb90e6acee271cc1e261364a7192001eceafd89f416702,701d4cb692752ddf3217814ff2c91f86f6cec27b6bda93536975b7e7f4310977,152057,14,7,7,6,EXECUTED,python3,collections;datetime;hashlib;importlib.metadata;importlib.util;json;matplotlib.pyplot;numpy;os;pathlib;subprocess;sys;tempfile;textwrap,/kaggle/input;/kaggle/working,Stage 06 canonical source,RELEASE_COPY_NOT_CANONICAL_SOURCE
/mnt/data/SWARABYANJAN_GITHUB_PUSH_READY_FINAL_2026-09-23.zip,SWARABYANJAN_GITHUB_PUSH_READY_FINAL_2026-09-23/results/primary/stage10_release/swarabyanjan-crossplatform-paper\ANONYMIZED_RELEASE\notebooks\05_EXTERNAL_VALIDATION_H3_vFINAL.ipynb,05_EXTERNAL_VALIDATION_H3_vFINAL.ipynb,05,Anonymized release copy of a frozen notebook,ANONYMIZED_RELEASE_COPY,325fa086444d71eef4f118a42c5cd7da8561c403d6e9bb6287b6eedb62976af2,fd39e1b5af82d98a724878303c578a8658e88945a852e0225a90be8956691b6e,274441,19,9,10,9,EXECUTED,python3,collections;datetime;hashlib;numpy;pandas;pathlib;scipy.special;scipy.stats;sklearn.metrics;statsmodels.api;statsmodels.stats.multitest,/kaggle/input;/kaggle/working,Stage 05 canonical source,RELEASE_COPY_NOT_CANONICAL_SOURCE
/mnt/data/SWARABYANJAN_GITHUB_PUSH_READY_FINAL_2026-09-23.zip,SWARABYANJAN_GITHUB_PUSH_READY_FINAL_2026-09-23/results/primary/stage10_release/swarabyanjan-crossplatform-paper\ANONYMIZED_RELEASE\notebooks\01-dataset-acquisition-and-freeze.ipynb,01-dataset-acquisition-and-freeze.ipynb,01,Anonymized release copy of a frozen notebook,ANONYMIZED_RELEASE_COPY,0223500a7d1a58c1044d664e01c20e7e776fd4ceb58e8e8575181ac1944c0481,ca6e7da20f58ed561cd04026f258760b1b8efc4752eea9676179e5a300d585be,236791,19,9,10,27,EXECUTED,python3,datetime;hashlib;huggingface_hub;json;os;pathlib;platform;requests;requests.adapters;shutil;sys;tarfile;time;tqdm.auto;traceback;urllib.parse;urllib3.util.retry;zipfile,/kaggle/working,Stage 01 canonical source,RELEASE_COPY_NOT_CANONICAL_SOURCE
/mnt/data/SWARABYANJAN_GITHUB_PUSH_READY_FINAL_2026-09-23.zip,SWARABYANJAN_GITHUB_PUSH_READY_FINAL_2026-09-23/results/primary/stage10_release/swarabyanjan-crossplatform-paper\notebooks\03-primary-model-development.ipynb,03-primary-model-development.ipynb,03,Stage10 packaged release copy,STAGE10_RELEASE_COPY,9847f4b0d6f31afca35a698557f9bf3cf339f37b9c14386829960474f59645da,28a9443724e67e4955c16ea7fe080c80e4f53539ba2d1f6da74bf26a96f8f5f9,501972,22,14,8,73,EXECUTED,python3,collections;csv;datetime;huggingface_hub;importlib.metadata;importlib.util;interpret.glassbox;joblib;json;numpy;os;pandas;pathlib;pyarrow;pyarrow.parquet;scipy.special;shutil;sklearn.feature_extraction.text;sklearn.linear_model;sklearn.metrics;sklearn.model_selection;sklearn.pipeline;subprocess;sys;tempfile;textwrap;torch;torch.utils.data;transformers,/kaggle/input;/kaggle/working,Stage 03 canonical source,RELEASE_COPY_NOT_CANONICAL_SOURCE
/mnt/data/SWARABYANJAN_GITHUB_PUSH_READY_FINAL_2026-09-23.zip,SWARABYANJAN_GITHUB_PUSH_READY_FINAL_2026-09-23/results/primary/stage10_release/swarabyanjan-crossplatform-paper\notebooks\02-p0-integrity-provenance-leakage-audit.ipynb,02-p0-integrity-provenance-leakage-audit.ipynb,02,Stage10 packaged release copy,STAGE10_RELEASE_COPY,77f5ad63c6c60dc637d15e2f7eec544e23138fb8f7d3b9e1c25e083f7f601d22,103d11105532d2b9b7efff13adc6ecfa158b4f55f7063ba5d3442eed5f6fa290,246255,23,11,12,7,EXECUTED,python3,collections;csv;datetime;hashlib;importlib.metadata;json;math;numpy;openpyxl;os;pandas;pathlib;platform;pyarrow.parquet;re;shutil;sqlite3;subprocess;sys;unicodedata;zipfile,/kaggle/input;/kaggle/input.;/kaggle/working,Stage 02 canonical source,RELEASE_COPY_NOT_CANONICAL_SOURCE
