aurc_bootstrap_attempts,aurc_ci95,aurc_estimability_status,aurc_invalid_rate,aurc_invalid_reason_counts,aurc_invalid_replicates,aurc_p,aurc_valid_replicates,bootstrap_attempts,budget,domain,error_capture_bootstrap_attempts,error_capture_ci95,error_capture_estimability_status,error_capture_invalid_rate,error_capture_invalid_reason_counts,error_capture_invalid_replicates,error_capture_p,error_capture_valid_replicates,lift_bootstrap_attempts,lift_ci95,lift_estimability_status,lift_invalid_rate,lift_invalid_reason_counts,lift_invalid_replicates,lift_p,lift_valid_replicates,model,primary_budget,seed,source_aurc,source_error_capture,source_lift,target_aurc,target_error_capture,target_lift,target_minus_source_aurc,target_minus_source_error_capture,target_minus_source_lift
5000,"[-0.17095693662987643, 0.2658388511215135]",ESTIMABLE,0.0,{},0,0.644,5000,5000,0.05,baitbuster:youtube_human,5000,"[-0.04538288073773276, 0.37477812037779135]",ESTIMABLE,0.0,{},0,0.7916,5000,5000,NE,NON_ESTIMABLE_UNDER_LOCKED_BOOTSTRAP,0.0072,{'target_total_pos_zero': 36},36,NE,4964,ebm,False,42,0.178701055078645,0.07919463087248323,2.51187969924812,0.10260416109925304,0.09498787388843978,1.771793054571226,-0.07609689397939197,0.015793243015956554,-0.7400866446768939
5000,"[-0.17095693662987643, 0.2658388511215135]",ESTIMABLE,0.0,{},0,0.644,5000,5000,0.1,baitbuster:youtube_human,5000,"[-0.08895357957990363, 0.5234932532353017]",ESTIMABLE,0.0,{},0,0.7148,5000,5000,NE,NON_ESTIMABLE_UNDER_LOCKED_BOOTSTRAP,0.0072,{'target_total_pos_zero': 36},36,NE,4964,ebm,True,42,0.178701055078645,0.16778523489932887,2.3003056027164686,0.10260416109925304,0.22069523039611966,1.7700212615166548,-0.07609689397939197,0.05290999549679079,-0.5302843411998137
5000,"[-0.17095693662987643, 0.2658388511215135]",ESTIMABLE,0.0,{},0,0.644,5000,5000,0.2,baitbuster:youtube_human,5000,"[-0.10900276855707998, 0.537878180429031]",ESTIMABLE,0.0,{},0,0.5812,5000,5000,NE,NON_ESTIMABLE_UNDER_LOCKED_BOOTSTRAP,0.0072,{'target_total_pos_zero': 36},36,NE,4964,ebm,False,42,0.178701055078645,0.30604026845637583,1.9940205990739865,0.10260416109925304,0.4284559417946645,1.7620481927710845,-0.07609689397939197,0.12241567333828868,-0.23197240630290206
5000,"[-0.16913605467447804, 0.2724354544561987]",ESTIMABLE,0.0,{},0,0.6528,5000,5000,0.05,baitbuster:youtube_human,5000,"[-0.04629181303448893, 0.3540554251640173]",ESTIMABLE,0.0,{},0,0.8072,5000,5000,NE,NON_ESTIMABLE_UNDER_LOCKED_BOOTSTRAP,0.0098,{'target_total_pos_zero': 49},49,NE,4951,ebm,False,137,0.17857443333740564,0.07919463087248323,2.51187969924812,0.10264009794576374,0.09696969696969697,1.771793054571226,-0.07593433539164189,0.017775066097213743,-0.7400866446768939
5000,"[-0.16913605467447804, 0.2724354544561987]",ESTIMABLE,0.0,{},0,0.6528,5000,5000,0.1,baitbuster:youtube_human,5000,"[-0.08887447255967762, 0.5055723545503827]",ESTIMABLE,0.0,{},0,0.7216,5000,5000,NE,NON_ESTIMABLE_UNDER_LOCKED_BOOTSTRAP,0.0098,{'target_total_pos_zero': 49},49,NE,4951,ebm,True,137,0.17857443333740564,0.16778523489932887,2.2898019241652516,0.10264009794576374,0.21858585858585858,1.7700212615166548,-0.07593433539164189,0.05080062368652971,-0.5197806626485968
5000,"[-0.16913605467447804, 0.2724354544561987]",ESTIMABLE,0.0,{},0,0.6528,5000,5000,0.2,baitbuster:youtube_human,5000,"[-0.11137766044949361, 0.5302753623115617]",ESTIMABLE,0.0,{},0,0.5924,5000,5000,NE,NON_ESTIMABLE_UNDER_LOCKED_BOOTSTRAP,0.0098,{'target_total_pos_zero': 49},49,NE,4951,ebm,False,137,0.17857443333740564,0.30604026845637583,1.9940205990739865,0.10264009794576374,0.4298989898989899,1.7620481927710845,-0.07593433539164189,0.12385872144261406,-0.23197240630290206
5000,"[-0.1686992470061458, 0.26680876461009073]",ESTIMABLE,0.0,{},0,0.6716,5000,5000,0.05,baitbuster:youtube_human,5000,"[-0.04524143583524854, 0.34849060818540184]",ESTIMABLE,0.0,{},0,0.8164,5000,5000,NE,NON_ESTIMABLE_UNDER_LOCKED_BOOTSTRAP,0.01,{'target_total_pos_zero': 50},50,NE,4950,ebm,False,2718,0.17863241072049146,0.07785234899328859,2.51187969924812,0.10277099168889509,0.09362389023405973,1.771793054571226,-0.07586141903159638,0.01577154124077114,-0.7400866446768939
5000,"[-0.1686992470061458, 0.26680876461009073]",ESTIMABLE,0.0,{},0,0.6716,5000,5000,0.1,baitbuster:youtube_human,5000,"[-0.09035172314780128, 0.4807005388244365]",ESTIMABLE,0.0,{},0,0.7448,5000,5000,NE,NON_ESTIMABLE_UNDER_LOCKED_BOOTSTRAP,0.01,{'target_total_pos_zero': 50},50,NE,4950,ebm,True,2718,0.17863241072049146,0.16778523489932887,2.2898019241652516,0.10277099168889509,0.21872477804681195,1.7700212615166548,-0.07586141903159638,0.050939543147483085,-0.5197806626485968
5000,"[-0.1686992470061458, 0.26680876461009073]",ESTIMABLE,0.0,{},0,0.6716,5000,5000,0.2,baitbuster:youtube_human,5000,"[-0.11042231242733443, 0.5243684955516188]",ESTIMABLE,0.0,{},0,0.6216,5000,5000,NE,NON_ESTIMABLE_UNDER_LOCKED_BOOTSTRAP,0.01,{'target_total_pos_zero': 50},50,NE,4950,ebm,False,2718,0.17863241072049146,0.30604026845637583,1.9992818671454218,0.10277099168889509,0.42857142857142855,1.7620481927710845,-0.07586141903159638,0.12253116011505272,-0.2372336743743373
5000,"[-0.1705902222493648, 0.26851609097101564]",ESTIMABLE,0.0,{},0,0.6736,5000,5000,0.05,baitbuster:youtube_human,5000,"[-0.045402978925277754, 0.39634540011826735]",ESTIMABLE,0.0,{},0,0.8268,5000,5000,NE,NON_ESTIMABLE_UNDER_LOCKED_BOOTSTRAP,0.0106,{'target_total_pos_zero': 53},53,NE,4947,ebm,False,31415,0.17878738311633943,0.07785234899328859,2.51187969924812,0.10266930441801381,0.09616161616161616,1.771793054571226,-0.07611807869832563,0.018309267168327564,-0.7400866446768939
5000,"[-0.1705902222493648, 0.26851609097101564]",ESTIMABLE,0.0,{},0,0.6736,5000,5000,0.1,baitbuster:youtube_human,5000,"[-0.08728762418593798, 0.5590380557652223]",ESTIMABLE,0.0,{},0,0.748,5000,5000,NE,NON_ESTIMABLE_UNDER_LOCKED_BOOTSTRAP,0.0106,{'target_total_pos_zero': 53},53,NE,4947,ebm,True,31415,0.17878738311633943,0.16778523489932887,2.2898019241652516,0.10266930441801381,0.2197979797979798,1.7700212615166548,-0.07611807869832563,0.05201274489865093,-0.5197806626485968
5000,"[-0.1705902222493648, 0.26851609097101564]",ESTIMABLE,0.0,{},0,0.6736,5000,5000,0.2,baitbuster:youtube_human,5000,"[-0.10822173840436974, 0.5513518689429965]",ESTIMABLE,0.0,{},0,0.6152,5000,5000,NE,NON_ESTIMABLE_UNDER_LOCKED_BOOTSTRAP,0.0106,{'target_total_pos_zero': 53},53,NE,4947,ebm,False,31415,0.17878738311633943,0.30604026845637583,1.9940205990739865,0.10266930441801381,0.42747474747474745,1.7620481927710845,-0.07611807869832563,0.12143447901837162,-0.23197240630290206
5000,"[-0.1689382788115907, 0.26977029691999976]",ESTIMABLE,0.0,{},0,0.6528,5000,5000,0.05,baitbuster:youtube_human,5000,"[-0.047807252354896794, 0.3562814769399665]",ESTIMABLE,0.0,{},0,0.818,5000,5000,NE,NON_ESTIMABLE_UNDER_LOCKED_BOOTSTRAP,0.008,{'target_total_pos_zero': 40},40,NE,4960,ebm,False,65537,0.1786741855685254,0.07785234899328859,2.51187969924812,0.10279630251048416,0.09535353535353536,1.771793054571226,-0.07587788305804125,0.017501186360246765,-0.7400866446768939
5000,"[-0.1689382788115907, 0.26977029691999976]",ESTIMABLE,0.0,{},0,0.6528,5000,5000,0.1,baitbuster:youtube_human,5000,"[-0.09158090285597262, 0.49284418160282545]",ESTIMABLE,0.0,{},0,0.7204,5000,5000,NE,NON_ESTIMABLE_UNDER_LOCKED_BOOTSTRAP,0.008,{'target_total_pos_zero': 40},40,NE,4960,ebm,True,65537,0.1786741855685254,0.16644295302013423,2.2898019241652516,0.10279630251048416,0.21777777777777776,1.7700212615166548,-0.07587788305804125,0.05133482475764353,-0.5197806626485968
5000,"[-0.1689382788115907, 0.26977029691999976]",ESTIMABLE,0.0,{},0,0.6528,5000,5000,0.2,baitbuster:youtube_human,5000,"[-0.11164428240623381, 0.5233964532162292]",ESTIMABLE,0.0,{},0,0.5848,5000,5000,NE,NON_ESTIMABLE_UNDER_LOCKED_BOOTSTRAP,0.008,{'target_total_pos_zero': 40},40,NE,4960,ebm,False,65537,0.1786741855685254,0.30604026845637583,1.9940205990739865,0.10279630251048416,0.42787878787878786,1.7620481927710845,-0.07587788305804125,0.12183851942241203,-0.23197240630290206
5000,"[-0.11590083895295707, 0.5671269225036156]",ESTIMABLE,0.0,{},0,0.4468,5000,5000,0.05,baitbuster:youtube_human,5000,"[-0.061233746435635256, 0.23660064138670608]",ESTIMABLE,0.0,{},0,0.6288,5000,5000,NE,NON_ESTIMABLE_UNDER_LOCKED_BOOTSTRAP,0.008,{'target_total_pos_zero': 40},40,NE,4960,tfidf_lr,False,42,0.13151102208946153,0.09144542772861357,2.6165413533834587,0.24333570385358658,0.07323232323232323,1.7647058823529411,0.11182468176412505,-0.018213104496290336,-0.8518354710305176
5000,"[-0.11590083895295707, 0.5671269225036156]",ESTIMABLE,0.0,{},0,0.4468,5000,5000,0.1,baitbuster:youtube_human,5000,"[-0.12071334173337178, 0.3406366325494169]",ESTIMABLE,0.0,{},0,0.5788,5000,5000,NE,NON_ESTIMABLE_UNDER_LOCKED_BOOTSTRAP,0.008,{'target_total_pos_zero': 40},40,NE,4960,tfidf_lr,True,42,0.13151102208946153,0.1902654867256637,2.478868138087153,0.24333570385358658,0.1442199775533109,1.7523033309709426,0.11182468176412505,-0.04604550917235281,-0.7265648071162105
5000,"[-0.11590083895295707, 0.5671269225036156]",ESTIMABLE,0.0,{},0,0.4468,5000,5000,0.2,baitbuster:youtube_human,5000,"[-0.21066979347066128, 0.3920348434368924]",ESTIMABLE,0.0,{},0,0.5412,5000,5000,NE,NON_ESTIMABLE_UNDER_LOCKED_BOOTSTRAP,0.008,{'target_total_pos_zero': 40},40,NE,4960,tfidf_lr,False,42,0.13151102208946153,0.36578171091445427,2.183426249645658,0.24333570385358658,0.2884399551066218,1.7186392629340892,0.11182468176412505,-0.07734175580783248,-0.4647869867115686
5000,"[-0.11277993543380131, 0.5751651836303723]",ESTIMABLE,0.0,{},0,0.4304,5000,5000,0.05,baitbuster:youtube_human,5000,"[-0.06137135274213784, 0.21773206231963574]",ESTIMABLE,0.0,{},0,0.6088,5000,5000,NE,NON_ESTIMABLE_UNDER_LOCKED_BOOTSTRAP,0.009,{'target_total_pos_zero': 45},45,NE,4955,tfidf_lr,False,137,0.13151102208946153,0.09144542772861357,2.6165413533834587,0.24333570385358658,0.07323232323232323,1.7647058823529411,0.11182468176412505,-0.018213104496290336,-0.8518354710305176
5000,"[-0.11277993543380131, 0.5751651836303723]",ESTIMABLE,0.0,{},0,0.4304,5000,5000,0.1,baitbuster:youtube_human,5000,"[-0.12138450258649092, 0.2897975350822342]",ESTIMABLE,0.0,{},0,0.552,5000,5000,NE,NON_ESTIMABLE_UNDER_LOCKED_BOOTSTRAP,0.009,{'target_total_pos_zero': 45},45,NE,4955,tfidf_lr,True,137,0.13151102208946153,0.1902654867256637,2.478868138087153,0.24333570385358658,0.1442199775533109,1.7523033309709426,0.11182468176412505,-0.04604550917235281,-0.7265648071162105
5000,"[-0.11277993543380131, 0.5751651836303723]",ESTIMABLE,0.0,{},0,0.4304,5000,5000,0.2,baitbuster:youtube_human,5000,"[-0.21123019734547355, 0.312006117614512]",ESTIMABLE,0.0,{},0,0.5224,5000,5000,NE,NON_ESTIMABLE_UNDER_LOCKED_BOOTSTRAP,0.009,{'target_total_pos_zero': 45},45,NE,4955,tfidf_lr,False,137,0.13151102208946153,0.36578171091445427,2.183426249645658,0.24333570385358658,0.2884399551066218,1.7186392629340892,0.11182468176412505,-0.07734175580783248,-0.4647869867115686
5000,"[-0.11519387247023564, 0.5752413071232872]",ESTIMABLE,0.0,{},0,0.4244,5000,5000,0.05,baitbuster:youtube_human,5000,"[-0.06175756845472433, 0.22538489938750605]",ESTIMABLE,0.0,{},0,0.62,5000,5000,NE,NON_ESTIMABLE_UNDER_LOCKED_BOOTSTRAP,0.0098,{'target_total_pos_zero': 49},49,NE,4951,tfidf_lr,False,2718,0.13151102208946153,0.09144542772861357,2.6165413533834587,0.24333570385358658,0.07323232323232323,1.7647058823529411,0.11182468176412505,-0.018213104496290336,-0.8518354710305176
5000,"[-0.11519387247023564, 0.5752413071232872]",ESTIMABLE,0.0,{},0,0.4244,5000,5000,0.1,baitbuster:youtube_human,5000,"[-0.12055234781366475, 0.3256777605224855]",ESTIMABLE,0.0,{},0,0.5692,5000,5000,NE,NON_ESTIMABLE_UNDER_LOCKED_BOOTSTRAP,0.0098,{'target_total_pos_zero': 49},49,NE,4951,tfidf_lr,True,2718,0.13151102208946153,0.1902654867256637,2.478868138087153,0.24333570385358658,0.1442199775533109,1.7523033309709426,0.11182468176412505,-0.04604550917235281,-0.7265648071162105
5000,"[-0.11519387247023564, 0.5752413071232872]",ESTIMABLE,0.0,{},0,0.4244,5000,5000,0.2,baitbuster:youtube_human,5000,"[-0.21168358543521265, 0.3930555396789921]",ESTIMABLE,0.0,{},0,0.5276,5000,5000,NE,NON_ESTIMABLE_UNDER_LOCKED_BOOTSTRAP,0.0098,{'target_total_pos_zero': 49},49,NE,4951,tfidf_lr,False,2718,0.13151102208946153,0.36578171091445427,2.183426249645658,0.24333570385358658,0.2884399551066218,1.7186392629340892,0.11182468176412505,-0.07734175580783248,-0.4647869867115686
5000,"[-0.11913987781528891, 0.5749779333079192]",ESTIMABLE,0.0,{},0,0.446,5000,5000,0.05,baitbuster:youtube_human,5000,"[-0.062121430878657395, 0.26396788635839064]",ESTIMABLE,0.0,{},0,0.6288,5000,5000,NE,NON_ESTIMABLE_UNDER_LOCKED_BOOTSTRAP,0.01,{'target_total_pos_zero': 50},50,NE,4950,tfidf_lr,False,31415,0.13151102208946153,0.09144542772861357,2.6165413533834587,0.24333570385358658,0.07323232323232323,1.7647058823529411,0.11182468176412505,-0.018213104496290336,-0.8518354710305176
5000,"[-0.11913987781528891, 0.5749779333079192]",ESTIMABLE,0.0,{},0,0.446,5000,5000,0.1,baitbuster:youtube_human,5000,"[-0.12222165790553317, 0.38066170402409155]",ESTIMABLE,0.0,{},0,0.5704,5000,5000,NE,NON_ESTIMABLE_UNDER_LOCKED_BOOTSTRAP,0.01,{'target_total_pos_zero': 50},50,NE,4950,tfidf_lr,True,31415,0.13151102208946153,0.1902654867256637,2.478868138087153,0.24333570385358658,0.1442199775533109,1.7523033309709426,0.11182468176412505,-0.04604550917235281,-0.7265648071162105
5000,"[-0.11913987781528891, 0.5749779333079192]",ESTIMABLE,0.0,{},0,0.446,5000,5000,0.2,baitbuster:youtube_human,5000,"[-0.21231022151791565, 0.4477409013486246]",ESTIMABLE,0.0,{},0,0.5436,5000,5000,NE,NON_ESTIMABLE_UNDER_LOCKED_BOOTSTRAP,0.01,{'target_total_pos_zero': 50},50,NE,4950,tfidf_lr,False,31415,0.13151102208946153,0.36578171091445427,2.183426249645658,0.24333570385358658,0.2884399551066218,1.7186392629340892,0.11182468176412505,-0.07734175580783248,-0.4647869867115686
5000,"[-0.11460992788461077, 0.5745344289984932]",ESTIMABLE,0.0,{},0,0.4256,5000,5000,0.05,baitbuster:youtube_human,5000,"[-0.06170150157347511, 0.2210181609793794]",ESTIMABLE,0.0,{},0,0.6128,5000,5000,NE,NON_ESTIMABLE_UNDER_LOCKED_BOOTSTRAP,0.0084,{'target_total_pos_zero': 42},42,NE,4958,tfidf_lr,False,65537,0.13151102208946153,0.09144542772861357,2.6165413533834587,0.24333570385358658,0.07323232323232323,1.7647058823529411,0.11182468176412505,-0.018213104496290336,-0.8518354710305176
5000,"[-0.11460992788461077, 0.5745344289984932]",ESTIMABLE,0.0,{},0,0.4256,5000,5000,0.1,baitbuster:youtube_human,5000,"[-0.1222737612812678, 0.3128700727415647]",ESTIMABLE,0.0,{},0,0.5536,5000,5000,NE,NON_ESTIMABLE_UNDER_LOCKED_BOOTSTRAP,0.0084,{'target_total_pos_zero': 42},42,NE,4958,tfidf_lr,True,65537,0.13151102208946153,0.1902654867256637,2.478868138087153,0.24333570385358658,0.1442199775533109,1.7523033309709426,0.11182468176412505,-0.04604550917235281,-0.7265648071162105
5000,"[-0.11460992788461077, 0.5745344289984932]",ESTIMABLE,0.0,{},0,0.4256,5000,5000,0.2,baitbuster:youtube_human,5000,"[-0.2123109960349969, 0.3538565026951158]",ESTIMABLE,0.0,{},0,0.5176,5000,5000,NE,NON_ESTIMABLE_UNDER_LOCKED_BOOTSTRAP,0.0084,{'target_total_pos_zero': 42},42,NE,4958,tfidf_lr,False,65537,0.13151102208946153,0.36578171091445427,2.183426249645658,0.24333570385358658,0.2884399551066218,1.7186392629340892,0.11182468176412505,-0.07734175580783248,-0.4647869867115686
5000,"[-0.0717698698057313, 0.49730102235518275]",ESTIMABLE,0.0,{},0,0.6,5000,5000,0.05,baitbuster:youtube_human,5000,"[-0.07060958894753522, 0.26874222240383994]",ESTIMABLE,0.0,{},0,0.71,5000,5000,NE,NON_ESTIMABLE_UNDER_LOCKED_BOOTSTRAP,0.0078,{'target_total_pos_zero': 39},39,NE,4961,banglabert,False,42,0.07886068061848996,0.11192660550458716,2.7421353383458644,0.12866386778064937,0.09597156398104266,1.771793054571226,0.04980318716215941,-0.015955041523544503,-0.9703422837746385
5000,"[-0.0717698698057313, 0.49730102235518275]",ESTIMABLE,0.0,{},0,0.6,5000,5000,0.1,baitbuster:youtube_human,5000,"[-0.1322173805263228, 0.3904127246168496]",ESTIMABLE,0.0,{},0,0.6496,5000,5000,NE,NON_ESTIMABLE_UNDER_LOCKED_BOOTSTRAP,0.0078,{'target_total_pos_zero': 39},39,NE,4961,banglabert,True,42,0.07886068061848996,0.21834862385321102,2.604912280701754,0.12866386778064937,0.18127962085308058,1.771793054571226,0.04980318716215941,-0.03706900300013044,-0.833119226130528
5000,"[-0.0717698698057313, 0.49730102235518275]",ESTIMABLE,0.0,{},0,0.6,5000,5000,0.2,baitbuster:youtube_human,5000,"[-0.2565659152297279, 0.39789286719112155]",ESTIMABLE,0.0,{},0,0.5324,5000,5000,NE,NON_ESTIMABLE_UNDER_LOCKED_BOOTSTRAP,0.0078,{'target_total_pos_zero': 39},39,NE,4961,banglabert,False,42,0.07886068061848996,0.43853211009174314,2.4096607767173768,0.12866386778064937,0.3412322274881517,1.7523033309709426,0.04980318716215941,-0.09729988260359146,-0.6573574457464342
5000,"[-0.07346708322917199, 0.5582498002119096]",ESTIMABLE,0.0,{},0,0.5292,5000,5000,0.05,baitbuster:youtube_human,5000,"[-0.08573167648448066, 0.256513347248254]",ESTIMABLE,0.0,{},0,0.5384,5000,5000,NE,NON_ESTIMABLE_UNDER_LOCKED_BOOTSTRAP,0.0082,{'target_total_pos_zero': 41},41,NE,4959,banglabert,False,137,0.08046850389831667,0.12361623616236163,2.700270676691729,0.1540422628509132,0.09001751313485114,1.771793054571226,0.07357375895259652,-0.03359872302751049,-0.9284776221205031
5000,"[-0.07346708322917199, 0.5582498002119096]",ESTIMABLE,0.0,{},0,0.5292,5000,5000,0.1,baitbuster:youtube_human,5000,"[-0.1510949296171433, 0.34915370354061354]",ESTIMABLE,0.0,{},0,0.5316,5000,5000,NE,NON_ESTIMABLE_UNDER_LOCKED_BOOTSTRAP,0.0082,{'target_total_pos_zero': 41},41,NE,4959,banglabert,True,137,0.08046850389831667,0.23616236162361623,2.604912280701754,0.1540422628509132,0.17162872154115585,1.7682494684620835,0.07357375895259652,-0.06453364008246038,-0.8366628122396704
5000,"[-0.07346708322917199, 0.5582498002119096]",ESTIMABLE,0.0,{},0,0.5292,5000,5000,0.2,baitbuster:youtube_human,5000,"[-0.26828528106059785, 0.3662061198419571]",ESTIMABLE,0.0,{},0,0.5132,5000,5000,NE,NON_ESTIMABLE_UNDER_LOCKED_BOOTSTRAP,0.0082,{'target_total_pos_zero': 41},41,NE,4959,banglabert,False,137,0.08046850389831667,0.43726937269372695,2.4201833128602472,0.1540422628509132,0.3320490367775832,1.7540751240255137,0.07357375895259652,-0.10522033591614377,-0.6661081888347336
5000,"[-0.07376109996096283, 0.5543281278976121]",ESTIMABLE,0.0,{},0,0.5412,5000,5000,0.05,baitbuster:youtube_human,5000,"[-0.07205599977681398, 0.28928991177946156]",ESTIMABLE,0.0,{},0,0.6376,5000,5000,NE,NON_ESTIMABLE_UNDER_LOCKED_BOOTSTRAP,0.012,{'target_total_pos_zero': 60},60,NE,4940,banglabert,False,2718,0.07991916192431985,0.10964083175803403,2.6793383458646614,0.1434460938574249,0.08799134511359538,1.771793054571226,0.06352693193310506,-0.02164948664443865,-0.9075452912934354
5000,"[-0.07376109996096283, 0.5543281278976121]",ESTIMABLE,0.0,{},0,0.5412,5000,5000,0.1,baitbuster:youtube_human,5000,"[-0.1444546538603523, 0.40319705341626205]",ESTIMABLE,0.0,{},0,0.6096,5000,5000,NE,NON_ESTIMABLE_UNDER_LOCKED_BOOTSTRAP,0.012,{'target_total_pos_zero': 60},60,NE,4940,banglabert,True,2718,0.07991916192431985,0.21928166351606806,2.646926994906621,0.1434460938574249,0.17922827262892174,1.7682494684620835,0.06352693193310506,-0.04005339088714632,-0.8786775264445377
5000,"[-0.07376109996096283, 0.5543281278976121]",ESTIMABLE,0.0,{},0,0.5412,5000,5000,0.2,baitbuster:youtube_human,5000,"[-0.24920105522235805, 0.44212688056556476]",ESTIMABLE,0.0,{},0,0.5732,5000,5000,NE,NON_ESTIMABLE_UNDER_LOCKED_BOOTSTRAP,0.012,{'target_total_pos_zero': 60},60,NE,4940,banglabert,False,2718,0.07991916192431985,0.42533081285444235,2.46227345743173,0.1434460938574249,0.3458348359177786,1.7576187101346563,0.06352693193310506,-0.07949597693666377,-0.7046547472970737
5000,"[-0.07391662035780734, 0.48947106205427976]",ESTIMABLE,0.0,{},0,0.6212,5000,5000,0.05,baitbuster:youtube_human,5000,"[-0.08457559611573119, 0.2907570856363559]",ESTIMABLE,0.0,{},0,0.6136,5000,5000,NE,NON_ESTIMABLE_UNDER_LOCKED_BOOTSTRAP,0.0094,{'target_total_pos_zero': 47},47,NE,4953,banglabert,False,31415,0.07978687425081132,0.12431444241316271,2.7421353383458644,0.12046689905874716,0.1012514220705347,1.771793054571226,0.04068002480793584,-0.023063020342628013,-0.9703422837746385
5000,"[-0.07391662035780734, 0.48947106205427976]",ESTIMABLE,0.0,{},0,0.6212,5000,5000,0.1,baitbuster:youtube_human,5000,"[-0.15756913580694393, 0.39703402538995775]",ESTIMABLE,0.0,{},0,0.5488,5000,5000,NE,NON_ESTIMABLE_UNDER_LOCKED_BOOTSTRAP,0.0094,{'target_total_pos_zero': 47},47,NE,4953,banglabert,True,31415,0.07978687425081132,0.2522851919561243,2.5944086021505375,0.12046689905874716,0.19529768676526355,1.7700212615166548,0.04068002480793584,-0.056987505190860765,-0.8243873406338826
5000,"[-0.07391662035780734, 0.48947106205427976]",ESTIMABLE,0.0,{},0,0.6212,5000,5000,0.2,baitbuster:youtube_human,5000,"[-0.23590530788985284, 0.4499977922562653]",ESTIMABLE,0.0,{},0,0.6464,5000,5000,NE,NON_ESTIMABLE_UNDER_LOCKED_BOOTSTRAP,0.0094,{'target_total_pos_zero': 47},47,NE,4953,banglabert,False,31415,0.07978687425081132,0.4369287020109689,2.4096607767173768,0.12046689905874716,0.37656427758816835,1.7523033309709426,0.04068002480793584,-0.060364424422800544,-0.6573574457464342
5000,"[-0.07184248423719267, 0.4183638402437293]",ESTIMABLE,0.0,{},0,0.5724,5000,5000,0.05,baitbuster:youtube_human,5000,"[-0.061668135432618766, 0.23802690601267384]",ESTIMABLE,0.0,{},0,0.8208,5000,5000,NE,NON_ESTIMABLE_UNDER_LOCKED_BOOTSTRAP,0.0054,{'target_total_pos_zero': 27},27,NE,4973,banglabert,False,65537,0.08127314335903915,0.10845588235294118,2.7212030075187967,0.13223772305592454,0.10151453131395825,1.7647058823529411,0.05096457969688539,-0.006941351038982926,-0.9564971251658556
5000,"[-0.07184248423719267, 0.4183638402437293]",ESTIMABLE,0.0,{},0,0.5724,5000,5000,0.1,baitbuster:youtube_human,5000,"[-0.12731989651230718, 0.33144793068637557]",ESTIMABLE,0.0,{},0,0.7164,5000,5000,NE,NON_ESTIMABLE_UNDER_LOCKED_BOOTSTRAP,0.0054,{'target_total_pos_zero': 27},27,NE,4973,banglabert,True,65537,0.08127314335903915,0.22426470588235295,2.573401245048104,0.13223772305592454,0.1977077363896848,1.7682494684620835,0.05096457969688539,-0.026556969492668142,-0.8051517765860206
5000,"[-0.07184248423719267, 0.4183638402437293]",ESTIMABLE,0.0,{},0,0.5724,5000,5000,0.2,baitbuster:youtube_human,5000,"[-0.22532913707651983, 0.40087264422399865]",ESTIMABLE,0.0,{},0,0.6076,5000,5000,NE,NON_ESTIMABLE_UNDER_LOCKED_BOOTSTRAP,0.0054,{'target_total_pos_zero': 27},27,NE,4973,banglabert,False,65537,0.08127314335903915,0.43566176470588236,2.4096607767173768,0.13223772305592454,0.36103151862464183,1.7567328136073708,0.05096457969688539,-0.07463024608124053,-0.652927963110006
5000,"[-0.08122500398143814, 0.5275328371364592]",ESTIMABLE,0.0,{},0,0.3788,5000,5000,0.05,baitbuster:youtube_human,5000,"[-0.0819378723954807, 0.33584183236845566]",ESTIMABLE,0.0,{},0,0.4844,5000,5000,NE,NON_ESTIMABLE_UNDER_LOCKED_BOOTSTRAP,0.0074,{'target_total_pos_zero': 37},37,NE,4963,xlmr,False,42,0.0898416103082177,0.12411347517730496,2.6374736842105264,0.20151498190866027,0.08836278759586529,1.7611622962437987,0.11167337160044256,-0.03575068758143968,-0.8763113879667277
5000,"[-0.08122500398143814, 0.5275328371364592]",ESTIMABLE,0.0,{},0,0.3788,5000,5000,0.1,baitbuster:youtube_human,5000,"[-0.15176921921046668, 0.4991500420080203]",ESTIMABLE,0.0,{},0,0.4476,5000,5000,NE,NON_ESTIMABLE_UNDER_LOCKED_BOOTSTRAP,0.0074,{'target_total_pos_zero': 37},37,NE,4963,xlmr,True,42,0.0898416103082177,0.2322695035460993,2.646926994906621,0.20151498190866027,0.15505168389463153,1.7629340892983698,0.11167337160044256,-0.07721781965146776,-0.8839929056082514
5000,"[-0.08122500398143814, 0.5275328371364592]",ESTIMABLE,0.0,{},0,0.3788,5000,5000,0.2,baitbuster:youtube_human,5000,"[-0.2874181955246313, 0.4457384179236672]",ESTIMABLE,0.0,{},0,0.3452,5000,5000,NE,NON_ESTIMABLE_UNDER_LOCKED_BOOTSTRAP,0.0074,{'target_total_pos_zero': 37},37,NE,4963,xlmr,False,42,0.0898416103082177,0.44148936170212766,2.393876972503071,0.20151498190866027,0.272757585861954,1.742558469170801,0.11167337160044256,-0.16873177584017368,-0.6513185033322701
5000,"[-0.07513746369550348, 0.4610217281725223]",ESTIMABLE,0.0,{},0,0.4596,5000,5000,0.05,baitbuster:youtube_human,5000,"[-0.09756628630283934, 0.2905575931899876]",ESTIMABLE,0.0,{},0,0.4236,5000,5000,NE,NON_ESTIMABLE_UNDER_LOCKED_BOOTSTRAP,0.0098,{'target_total_pos_zero': 49},49,NE,4951,xlmr,False,137,0.08427088336247554,0.13513513513513514,2.6584060150375937,0.17257501547733406,0.08529819694868239,1.7647058823529411,0.08830413211485852,-0.04983693818645275,-0.8937001326846525
5000,"[-0.07513746369550348, 0.4610217281725223]",ESTIMABLE,0.0,{},0,0.4596,5000,5000,0.1,baitbuster:youtube_human,5000,"[-0.18068214651712264, 0.3795005754218165]",ESTIMABLE,0.0,{},0,0.3756,5000,5000,NE,NON_ESTIMABLE_UNDER_LOCKED_BOOTSTRAP,0.0098,{'target_total_pos_zero': 49},49,NE,4951,xlmr,True,137,0.08427088336247554,0.26666666666666666,2.5944086021505375,0.17257501547733406,0.16678224687933427,1.7576187101346563,0.08830413211485852,-0.0998844197873324,-0.8367898920158812
5000,"[-0.07513746369550348, 0.4610217281725223]",ESTIMABLE,0.0,{},0,0.4596,5000,5000,0.2,baitbuster:youtube_human,5000,"[-0.2642313837948246, 0.42804737395081954]",ESTIMABLE,0.0,{},0,0.4364,5000,5000,NE,NON_ESTIMABLE_UNDER_LOCKED_BOOTSTRAP,0.0098,{'target_total_pos_zero': 49},49,NE,4951,xlmr,False,137,0.08427088336247554,0.436036036036036,2.4096607767173768,0.17257501547733406,0.32142857142857145,1.7345854004252304,0.08830413211485852,-0.11460746460746457,-0.6750753762921464
5000,"[-0.07487775537263101, 0.49195009334541756]",ESTIMABLE,0.0,{},0,0.536,5000,5000,0.05,baitbuster:youtube_human,5000,"[-0.07414942573200402, 0.2452622763806367]",ESTIMABLE,0.0,{},0,0.6148,5000,5000,NE,NON_ESTIMABLE_UNDER_LOCKED_BOOTSTRAP,0.0066,{'target_total_pos_zero': 33},33,NE,4967,xlmr,False,2718,0.08355534403446875,0.1111111111111111,2.6584060150375937,0.1531832800738419,0.0899042004421518,1.7682494684620835,0.06962793603937316,-0.0212069106689593,-0.8901565465755101
5000,"[-0.07487775537263101, 0.49195009334541756]",ESTIMABLE,0.0,{},0,0.536,5000,5000,0.1,baitbuster:youtube_human,5000,"[-0.14847908348280411, 0.3454389091578323]",ESTIMABLE,0.0,{},0,0.5148,5000,5000,NE,NON_ESTIMABLE_UNDER_LOCKED_BOOTSTRAP,0.0066,{'target_total_pos_zero': 33},33,NE,4967,xlmr,True,2718,0.08355534403446875,0.22777777777777777,2.5839049235993206,0.1531832800738419,0.17059690493736182,1.7682494684620835,0.06962793603937316,-0.05718087284041595,-0.815655455137237
5000,"[-0.07487775537263101, 0.49195009334541756]",ESTIMABLE,0.0,{},0,0.536,5000,5000,0.2,baitbuster:youtube_human,5000,"[-0.242285061142638, 0.4251711322826995]",ESTIMABLE,0.0,{},0,0.5204,5000,5000,NE,NON_ESTIMABLE_UNDER_LOCKED_BOOTSTRAP,0.0066,{'target_total_pos_zero': 33},33,NE,4967,xlmr,False,2718,0.08355534403446875,0.412962962962963,2.378093168288765,0.1531832800738419,0.31319086219602066,1.7487597448618002,0.06962793603937316,-0.09977210076694232,-0.6293334234269647
5000,"[-0.08024533018439006, 0.5261636865745647]",ESTIMABLE,0.0,{},0,0.5308,5000,5000,0.05,baitbuster:youtube_human,5000,"[-0.09053243663093147, 0.22105619700948634]",ESTIMABLE,0.0,{},0,0.4128,5000,5000,NE,NON_ESTIMABLE_UNDER_LOCKED_BOOTSTRAP,0.0066,{'target_total_pos_zero': 33},33,NE,4967,xlmr,False,31415,0.09114841793720531,0.12323943661971831,2.6165413533834587,0.18390438590434108,0.07763578274760384,1.7611622962437987,0.09275596796713577,-0.04560365387211447,-0.85537905713966
5000,"[-0.08024533018439006, 0.5261636865745647]",ESTIMABLE,0.0,{},0,0.5308,5000,5000,0.1,baitbuster:youtube_human,5000,"[-0.1609037783548805, 0.32589627524968034]",ESTIMABLE,0.0,{},0,0.4364,5000,5000,NE,NON_ESTIMABLE_UNDER_LOCKED_BOOTSTRAP,0.0066,{'target_total_pos_zero': 33},33,NE,4967,xlmr,True,31415,0.09114841793720531,0.23943661971830985,2.5208828522920204,0.18390438590434108,0.1511182108626198,1.7505315379163713,0.09275596796713577,-0.08831840885569003,-0.7703513143756491
5000,"[-0.08024533018439006, 0.5261636865745647]",ESTIMABLE,0.0,{},0,0.5308,5000,5000,0.2,baitbuster:youtube_human,5000,"[-0.25986486981121515, 0.3686775249573075]",ESTIMABLE,0.0,{},0,0.4716,5000,5000,NE,NON_ESTIMABLE_UNDER_LOCKED_BOOTSTRAP,0.0066,{'target_total_pos_zero': 33},33,NE,4967,xlmr,False,31415,0.09114841793720531,0.4278169014084507,2.362309364074459,0.18390438590434108,0.3003194888178914,1.7177533664068037,0.09275596796713577,-0.1274974125905593,-0.6445559976676551
5000,"[-0.07508271218548579, 0.3624387159472569]",ESTIMABLE,0.0,{},0,0.6548,5000,5000,0.05,baitbuster:youtube_human,5000,"[-0.1089339011009232, 0.28353582832341157]",ESTIMABLE,0.0,{},0,0.3876,5000,5000,NE,NON_ESTIMABLE_UNDER_LOCKED_BOOTSTRAP,0.0092,{'target_total_pos_zero': 46},46,NE,4954,xlmr,False,65537,0.08191979921365786,0.14564831261101244,2.700270676691729,0.11702297380700581,0.08613364233294708,1.771793054571226,0.035103174593347955,-0.059514670278065354,-0.9284776221205031
5000,"[-0.07508271218548579, 0.3624387159472569]",ESTIMABLE,0.0,{},0,0.6548,5000,5000,0.1,baitbuster:youtube_human,5000,"[-0.1791251871744706, 0.37148153896314223]",ESTIMABLE,0.0,{},0,0.4236,5000,5000,NE,NON_ESTIMABLE_UNDER_LOCKED_BOOTSTRAP,0.0092,{'target_total_pos_zero': 46},46,NE,4954,xlmr,True,65537,0.08191979921365786,0.2664298401420959,2.573401245048104,0.11702297380700581,0.17458478176902278,1.7629340892983698,0.035103174593347955,-0.09184505837307314,-0.8104671557497343
5000,"[-0.07508271218548579, 0.3624387159472569]",ESTIMABLE,0.0,{},0,0.6548,5000,5000,0.2,baitbuster:youtube_human,5000,"[-0.26216120136028864, 0.4302046899276886]",ESTIMABLE,0.0,{},0,0.5304,5000,5000,NE,NON_ESTIMABLE_UNDER_LOCKED_BOOTSTRAP,0.0092,{'target_total_pos_zero': 46},46,NE,4954,xlmr,False,65537,0.08191979921365786,0.45293072824156305,2.4359671170745534,0.11702297380700581,0.350714561606798,1.7487597448618002,0.035103174593347955,-0.10221616663476507,-0.6872073722127532
5000,"[0.3372039309886954, 0.42576487281969916]",ESTIMABLE,0.0,{},0,0.0,5000,5000,0.05,banglaclick:news,5000,"[-0.053807086322742226, -0.017082845290354327]",ESTIMABLE,0.0,{},0,0.0,5000,5000,"[-1.5235556241829817, -1.0915594123983865]",ESTIMABLE,0.0,{},0,0.0,5000,ebm,False,42,0.178701055078645,0.07919463087248323,2.51187969924812,0.557148255532055,0.04179728317659352,1.225531914893617,0.37844720045341007,-0.037397347695889704,-1.2863477843545028
5000,"[0.3372039309886954, 0.42576487281969916]",ESTIMABLE,0.0,{},0,0.0,5000,5000,0.1,banglaclick:news,5000,"[-0.10006731613659427, -0.0491195234938659]",ESTIMABLE,0.0,{},0,0.0,5000,5000,"[-1.2603282931779656, -0.9121630660767808]",ESTIMABLE,0.0,{},0,0.0,5000,ebm,True,42,0.178701055078645,0.16778523489932887,2.3003056027164686,0.557148255532055,0.09404388714733543,1.2170212765957447,0.37844720045341007,-0.07374134775199344,-1.083284326120724
5000,"[0.3372039309886954, 0.42576487281969916]",ESTIMABLE,0.0,{},0,0.0,5000,5000,0.2,banglaclick:news,5000,"[-0.14109651806494136, -0.07656635239948828]",ESTIMABLE,0.0,{},0,0.0,5000,5000,"[-0.9372368590227332, -0.6600759933684318]",ESTIMABLE,0.0,{},0,0.0,5000,ebm,False,42,0.178701055078645,0.30604026845637583,1.9940205990739865,0.557148255532055,0.19853709508881923,1.1829787234042553,0.37844720045341007,-0.1075031733675566,-0.8110418756697313
5000,"[0.33623826505790827, 0.42662526824635677]",ESTIMABLE,0.0,{},0,0.0,5000,5000,0.05,banglaclick:news,5000,"[-0.054466563903532786, -0.017229058671982815]",ESTIMABLE,0.0,{},0,0.0008,5000,5000,"[-1.520229616497738, -1.0867331381235963]",ESTIMABLE,0.0,{},0,0.0,5000,ebm,False,137,0.17857443333740564,0.07919463087248323,2.51187969924812,0.5571144130072924,0.04079497907949791,1.225531914893617,0.37853997966988673,-0.038399651792985316,-1.2863477843545028
5000,"[0.33623826505790827, 0.42662526824635677]",ESTIMABLE,0.0,{},0,0.0,5000,5000,0.1,banglaclick:news,5000,"[-0.10056702242167061, -0.04972832980395321]",ESTIMABLE,0.0,{},0,0.0,5000,5000,"[-1.2555143613202548, -0.8976430791276129]",ESTIMABLE,0.0,{},0,0.0,5000,ebm,True,137,0.17857443333740564,0.16778523489932887,2.2898019241652516,0.5571144130072924,0.09309623430962342,1.2170212765957447,0.37853997966988673,-0.07468900058970544,-1.072780647569507
5000,"[0.33623826505790827, 0.42662526824635677]",ESTIMABLE,0.0,{},0,0.0,5000,5000,0.2,banglaclick:news,5000,"[-0.14240231133072184, -0.07661909116926331]",ESTIMABLE,0.0,{},0,0.0,5000,5000,"[-0.93995869533701, -0.6651838141105423]",ESTIMABLE,0.0,{},0,0.0,5000,ebm,False,137,0.17857443333740564,0.30604026845637583,1.9940205990739865,0.5571144130072924,0.19665271966527198,1.1829787234042553,0.37853997966988673,-0.10938754879110385,-0.8110418756697313
5000,"[0.3364546316578812, 0.42567405526187463]",ESTIMABLE,0.0,{},0,0.0,5000,5000,0.05,banglaclick:news,5000,"[-0.0529014716235841, -0.01683758489920304]",ESTIMABLE,0.0,{},0,0.0,5000,5000,"[-1.529789042183041, -1.093639705197899]",ESTIMABLE,0.0,{},0,0.0,5000,ebm,False,2718,0.17863241072049146,0.07785234899328859,2.51187969924812,0.5571176628551188,0.04179728317659352,1.225531914893617,0.3784852521346273,-0.03605506581669507,-1.2863477843545028
5000,"[0.3364546316578812, 0.42567405526187463]",ESTIMABLE,0.0,{},0,0.0,5000,5000,0.1,banglaclick:news,5000,"[-0.09953028771782932, -0.04937521887166304]",ESTIMABLE,0.0,{},0,0.0,5000,5000,"[-1.2580599821638985, -0.9058278333715414]",ESTIMABLE,0.0,{},0,0.0,5000,ebm,True,2718,0.17863241072049146,0.16778523489932887,2.2898019241652516,0.5571176628551188,0.09508881922675026,1.2085106382978723,0.3784852521346273,-0.0726964156725786,-1.0812912858673793
5000,"[0.3364546316578812, 0.42567405526187463]",ESTIMABLE,0.0,{},0,0.0,5000,5000,0.2,banglaclick:news,5000,"[-0.14168901466412318, -0.07632582980165298]",ESTIMABLE,0.0,{},0,0.0,5000,5000,"[-0.9421595512912564, -0.6639650037111737]",ESTIMABLE,0.0,{},0,0.0,5000,ebm,False,2718,0.17863241072049146,0.30604026845637583,1.9992818671454218,0.5571176628551188,0.19853709508881923,1.1829787234042553,0.3784852521346273,-0.1075031733675566,-0.8163031437411665
5000,"[0.3353514698081316, 0.4236876680067102]",ESTIMABLE,0.0,{},0,0.0,5000,5000,0.05,banglaclick:news,5000,"[-0.05235901840330756, -0.015753437422594718]",ESTIMABLE,0.0,{},0,0.0,5000,5000,"[-1.5189279309859782, -1.089099879871262]",ESTIMABLE,0.0,{},0,0.0,5000,ebm,False,31415,0.17878738311633943,0.07785234899328859,2.51187969924812,0.557015492197831,0.04179728317659352,1.225531914893617,0.3782281090814915,-0.03605506581669507,-1.2863477843545028
5000,"[0.3353514698081316, 0.4236876680067102]",ESTIMABLE,0.0,{},0,0.0,5000,5000,0.1,banglaclick:news,5000,"[-0.09940502265987392, -0.04951694572447893]",ESTIMABLE,0.0,{},0,0.0,5000,5000,"[-1.2555692363879707, -0.902432830554541]",ESTIMABLE,0.0,{},0,0.0,5000,ebm,True,31415,0.17878738311633943,0.16778523489932887,2.2898019241652516,0.557015492197831,0.09508881922675026,1.2170212765957447,0.3782281090814915,-0.0726964156725786,-1.072780647569507
5000,"[0.3353514698081316, 0.4236876680067102]",ESTIMABLE,0.0,{},0,0.0,5000,5000,0.2,banglaclick:news,5000,"[-0.14080890385529077, -0.07625404979260009]",ESTIMABLE,0.0,{},0,0.0,5000,5000,"[-0.9319817777120982, -0.6663895524651081]",ESTIMABLE,0.0,{},0,0.0,5000,ebm,False,31415,0.17878738311633943,0.30604026845637583,1.9940205990739865,0.557015492197831,0.19853709508881923,1.1829787234042553,0.3782281090814915,-0.1075031733675566,-0.8110418756697313
5000,"[0.336030079667803, 0.4259187394636804]",ESTIMABLE,0.0,{},0,0.0,5000,5000,0.05,banglaclick:news,5000,"[-0.05365926659495581, -0.0176865476206103]",ESTIMABLE,0.0,{},0,0.0,5000,5000,"[-1.5221436908230084, -1.091774719748668]",ESTIMABLE,0.0,{},0,0.0,5000,ebm,False,65537,0.1786741855685254,0.07785234899328859,2.51187969924812,0.5569926209832216,0.04179728317659352,1.225531914893617,0.3783184354146961,-0.03605506581669507,-1.2863477843545028
5000,"[0.336030079667803, 0.4259187394636804]",ESTIMABLE,0.0,{},0,0.0,5000,5000,0.1,banglaclick:news,5000,"[-0.09949766398305138, -0.049612603253778385]",ESTIMABLE,0.0,{},0,0.0,5000,5000,"[-1.2586302387596964, -0.903667961026175]",ESTIMABLE,0.0,{},0,0.0,5000,ebm,True,65537,0.1786741855685254,0.16644295302013423,2.2898019241652516,0.5569926209832216,0.09508881922675026,1.2085106382978723,0.3783184354146961,-0.07135413379338397,-1.0812912858673793
5000,"[0.336030079667803, 0.4259187394636804]",ESTIMABLE,0.0,{},0,0.0,5000,5000,0.2,banglaclick:news,5000,"[-0.142780084467715, -0.07694500559155823]",ESTIMABLE,0.0,{},0,0.0,5000,5000,"[-0.9372602372213393, -0.662962401960121]",ESTIMABLE,0.0,{},0,0.0,5000,ebm,False,65537,0.1786741855685254,0.30604026845637583,1.9940205990739865,0.5569926209832216,0.1974921630094044,1.1829787234042553,0.3783184354146961,-0.10854810544697144,-0.8110418756697313
5000,"[0.39941163081375736, 0.5139703100183166]",ESTIMABLE,0.0,{},0,0.0,5000,5000,0.05,banglaclick:news,5000,"[-0.06632255509822702, -0.027187735304839988]",ESTIMABLE,0.0,{},0,0.0,5000,5000,"[-1.6355898980888486, -1.211555079892783]",ESTIMABLE,0.0,{},0,0.0,5000,tfidf_lr,False,42,0.13151102208946153,0.09144542772861357,2.6165413533834587,0.5842128834254555,0.046223224351747465,1.225531914893617,0.452701861335994,-0.0452222033768661,-1.3910094384898417
5000,"[0.39941163081375736, 0.5139703100183166]",ESTIMABLE,0.0,{},0,0.0,5000,5000,0.1,banglaclick:news,5000,"[-0.13177874270874404, -0.07851383482755213]",ESTIMABLE,0.0,{},0,0.0,5000,5000,"[-1.4199514766488, -1.0741029521094052]",ESTIMABLE,0.0,{},0,0.0,5000,tfidf_lr,True,42,0.13151102208946153,0.1902654867256637,2.478868138087153,0.5842128834254555,0.08455467869222097,1.2340425531914894,0.452701861335994,-0.10571080803344274,-1.2448255848956638
5000,"[0.39941163081375736, 0.5139703100183166]",ESTIMABLE,0.0,{},0,0.0,5000,5000,0.2,banglaclick:news,5000,"[-0.2316014473343326, -0.16258428128537158]",ESTIMABLE,0.0,{},0,0.0,5000,5000,"[-1.107739289323777, -0.8377242256372706]",ESTIMABLE,0.0,{},0,0.0,5000,tfidf_lr,False,42,0.13151102208946153,0.36578171091445427,2.183426249645658,0.5842128834254555,0.16798196166854565,1.2127659574468084,0.452701861335994,-0.19779974924590862,-0.9706602921988494
5000,"[0.40047971636756613, 0.5136046264494832]",ESTIMABLE,0.0,{},0,0.0,5000,5000,0.05,banglaclick:news,5000,"[-0.066432219478078, -0.02777942832305733]",ESTIMABLE,0.0,{},0,0.0,5000,5000,"[-1.6263160685399756, -1.21156450550748]",ESTIMABLE,0.0,{},0,0.0,5000,tfidf_lr,False,137,0.13151102208946153,0.09144542772861357,2.6165413533834587,0.5842128834254555,0.046223224351747465,1.225531914893617,0.452701861335994,-0.0452222033768661,-1.3910094384898417
5000,"[0.40047971636756613, 0.5136046264494832]",ESTIMABLE,0.0,{},0,0.0,5000,5000,0.1,banglaclick:news,5000,"[-0.13138215106752718, -0.07878710139614852]",ESTIMABLE,0.0,{},0,0.0,5000,5000,"[-1.4140383357033242, -1.0678491833265042]",ESTIMABLE,0.0,{},0,0.0,5000,tfidf_lr,True,137,0.13151102208946153,0.1902654867256637,2.478868138087153,0.5842128834254555,0.08455467869222097,1.2340425531914894,0.452701861335994,-0.10571080803344274,-1.2448255848956638
5000,"[0.40047971636756613, 0.5136046264494832]",ESTIMABLE,0.0,{},0,0.0,5000,5000,0.2,banglaclick:news,5000,"[-0.2315011386623169, -0.16031067877074479]",ESTIMABLE,0.0,{},0,0.0,5000,5000,"[-1.1012497513489485, -0.8343282396315511]",ESTIMABLE,0.0,{},0,0.0,5000,tfidf_lr,False,137,0.13151102208946153,0.36578171091445427,2.183426249645658,0.5842128834254555,0.16798196166854565,1.2127659574468084,0.452701861335994,-0.19779974924590862,-0.9706602921988494
5000,"[0.3977242996615822, 0.5117914964538265]",ESTIMABLE,0.0,{},0,0.0,5000,5000,0.05,banglaclick:news,5000,"[-0.067221479920607, -0.02660118999447339]",ESTIMABLE,0.0,{},0,0.0,5000,5000,"[-1.6274528267725146, -1.208281860986451]",ESTIMABLE,0.0,{},0,0.0,5000,tfidf_lr,False,2718,0.13151102208946153,0.09144542772861357,2.6165413533834587,0.5842128834254555,0.046223224351747465,1.225531914893617,0.452701861335994,-0.0452222033768661,-1.3910094384898417
5000,"[0.3977242996615822, 0.5117914964538265]",ESTIMABLE,0.0,{},0,0.0,5000,5000,0.1,banglaclick:news,5000,"[-0.13185656181859645, -0.07725144295810824]",ESTIMABLE,0.0,{},0,0.0,5000,5000,"[-1.4217529587231825, -1.0619003095960122]",ESTIMABLE,0.0,{},0,0.0,5000,tfidf_lr,True,2718,0.13151102208946153,0.1902654867256637,2.478868138087153,0.5842128834254555,0.08455467869222097,1.2340425531914894,0.452701861335994,-0.10571080803344274,-1.2448255848956638
5000,"[0.3977242996615822, 0.5117914964538265]",ESTIMABLE,0.0,{},0,0.0,5000,5000,0.2,banglaclick:news,5000,"[-0.23149649120226637, -0.16067821403511462]",ESTIMABLE,0.0,{},0,0.0,5000,5000,"[-1.101848161047201, -0.8324169232706644]",ESTIMABLE,0.0,{},0,0.0,5000,tfidf_lr,False,2718,0.13151102208946153,0.36578171091445427,2.183426249645658,0.5842128834254555,0.16798196166854565,1.2127659574468084,0.452701861335994,-0.19779974924590862,-0.9706602921988494
5000,"[0.40092495223681995, 0.5098151656611442]",ESTIMABLE,0.0,{},0,0.0,5000,5000,0.05,banglaclick:news,5000,"[-0.06662652634804364, -0.026626280437802814]",ESTIMABLE,0.0,{},0,0.0,5000,5000,"[-1.6219829467360398, -1.2131035744198115]",ESTIMABLE,0.0,{},0,0.0,5000,tfidf_lr,False,31415,0.13151102208946153,0.09144542772861357,2.6165413533834587,0.5842128834254555,0.046223224351747465,1.225531914893617,0.452701861335994,-0.0452222033768661,-1.3910094384898417
5000,"[0.40092495223681995, 0.5098151656611442]",ESTIMABLE,0.0,{},0,0.0,5000,5000,0.1,banglaclick:news,5000,"[-0.1318776620649403, -0.07695770578675629]",ESTIMABLE,0.0,{},0,0.0,5000,5000,"[-1.4121036397579103, -1.0690778902304148]",ESTIMABLE,0.0,{},0,0.0,5000,tfidf_lr,True,31415,0.13151102208946153,0.1902654867256637,2.478868138087153,0.5842128834254555,0.08455467869222097,1.2340425531914894,0.452701861335994,-0.10571080803344274,-1.2448255848956638
5000,"[0.40092495223681995, 0.5098151656611442]",ESTIMABLE,0.0,{},0,0.0,5000,5000,0.2,banglaclick:news,5000,"[-0.2321156484455497, -0.16207768829287267]",ESTIMABLE,0.0,{},0,0.0,5000,5000,"[-1.099160923182185, -0.8376882754963505]",ESTIMABLE,0.0,{},0,0.0,5000,tfidf_lr,False,31415,0.13151102208946153,0.36578171091445427,2.183426249645658,0.5842128834254555,0.16798196166854565,1.2127659574468084,0.452701861335994,-0.19779974924590862,-0.9706602921988494
5000,"[0.39978367268277465, 0.5109729428011824]",ESTIMABLE,0.0,{},0,0.0,5000,5000,0.05,banglaclick:news,5000,"[-0.06641010338731998, -0.026919943874139474]",ESTIMABLE,0.0,{},0,0.0,5000,5000,"[-1.6336477862136378, -1.216052039300785]",ESTIMABLE,0.0,{},0,0.0,5000,tfidf_lr,False,65537,0.13151102208946153,0.09144542772861357,2.6165413533834587,0.5842128834254555,0.046223224351747465,1.225531914893617,0.452701861335994,-0.0452222033768661,-1.3910094384898417
5000,"[0.39978367268277465, 0.5109729428011824]",ESTIMABLE,0.0,{},0,0.0,5000,5000,0.1,banglaclick:news,5000,"[-0.13056986353030556, -0.07798100855522827]",ESTIMABLE,0.0,{},0,0.0,5000,5000,"[-1.4178279403380596, -1.068317465286889]",ESTIMABLE,0.0,{},0,0.0,5000,tfidf_lr,True,65537,0.13151102208946153,0.1902654867256637,2.478868138087153,0.5842128834254555,0.08455467869222097,1.2340425531914894,0.452701861335994,-0.10571080803344274,-1.2448255848956638
5000,"[0.39978367268277465, 0.5109729428011824]",ESTIMABLE,0.0,{},0,0.0,5000,5000,0.2,banglaclick:news,5000,"[-0.23083812582245108, -0.16244193505136365]",ESTIMABLE,0.0,{},0,0.0,5000,5000,"[-1.1046826416849325, -0.8338397049459545]",ESTIMABLE,0.0,{},0,0.0,5000,tfidf_lr,False,65537,0.13151102208946153,0.36578171091445427,2.183426249645658,0.5842128834254555,0.16798196166854565,1.2127659574468084,0.452701861335994,-0.19779974924590862,-0.9706602921988494
5000,"[0.4603980519319754, 0.5740542639778112]",ESTIMABLE,0.0,{},0,0.0,5000,5000,0.05,banglaclick:news,5000,"[-0.08837410133454095, -0.040300458190491696]",ESTIMABLE,0.0,{},0,0.0,5000,5000,"[-1.6550697130576628, -1.2733350024604004]",ESTIMABLE,0.0,{},0,0.0,5000,banglabert,False,42,0.07886068061848996,0.11192660550458716,2.7421353383458644,0.5880951958701706,0.04744069912609238,1.2765957446808511,0.5092345152516806,-0.06448590637849477,-1.4655395936650133
5000,"[0.4603980519319754, 0.5740542639778112]",ESTIMABLE,0.0,{},0,0.0,5000,5000,0.1,banglaclick:news,5000,"[-0.16802262071053378, -0.10474245753611973]",ESTIMABLE,0.0,{},0,0.0,5000,5000,"[-1.5276670795388563, -1.1773389676788595]",ESTIMABLE,0.0,{},0,0.0,5000,banglabert,True,42,0.07886068061848996,0.21834862385321102,2.604912280701754,0.5880951958701706,0.08114856429463171,1.2425531914893617,0.5092345152516806,-0.1372000595585793,-1.3623590892123922
5000,"[0.4603980519319754, 0.5740542639778112]",ESTIMABLE,0.0,{},0,0.0,5000,5000,0.2,banglaclick:news,5000,"[-0.31607525445915413, -0.23419518252153837]",ESTIMABLE,0.0,{},0,0.0,5000,5000,"[-1.3122734904955558, -1.0372939774115626]",ESTIMABLE,0.0,{},0,0.0,5000,banglabert,False,42,0.07886068061848996,0.43853211009174314,2.4096607767173768,0.5880951958701706,0.16104868913857678,1.225531914893617,0.5092345152516806,-0.27748342095316636,-1.1841288618237598
5000,"[0.46181348421306423, 0.5700693926375018]",ESTIMABLE,0.0,{},0,0.0,5000,5000,0.05,banglaclick:news,5000,"[-0.09791962009990418, -0.050831925101749637]",ESTIMABLE,0.0,{},0,0.0,5000,5000,"[-1.6109616166266099, -1.2213458550741307]",ESTIMABLE,0.0,{},0,0.0,5000,banglabert,False,137,0.08046850389831667,0.12361623616236163,2.700270676691729,0.5889149627798193,0.05042016806722689,1.2595744680851064,0.5084464588815025,-0.07319606809513474,-1.4406962086066226
5000,"[0.46181348421306423, 0.5700693926375018]",ESTIMABLE,0.0,{},0,0.0,5000,5000,0.1,banglaclick:news,5000,"[-0.17578925958286423, -0.1119127482561166]",ESTIMABLE,0.0,{},0,0.0,5000,5000,"[-1.5371971754053688, -1.1897168849842221]",ESTIMABLE,0.0,{},0,0.0,5000,banglabert,True,137,0.08046850389831667,0.23616236162361623,2.604912280701754,0.5889149627798193,0.09003601440576231,1.2340425531914894,0.5084464588815025,-0.14612634721785392,-1.3708697275102646
5000,"[0.46181348421306423, 0.5700693926375018]",ESTIMABLE,0.0,{},0,0.0,5000,5000,0.2,banglaclick:news,5000,"[-0.3049374686695131, -0.22316724007046132]",ESTIMABLE,0.0,{},0,0.0,5000,5000,"[-1.3290340224768415, -1.0697426549242972]",ESTIMABLE,0.0,{},0,0.0,5000,banglabert,False,137,0.08046850389831667,0.43726937269372695,2.4201833128602472,0.5889149627798193,0.17767106842737096,1.2170212765957447,0.5084464588815025,-0.259598304266356,-1.2031620362645026
5000,"[0.46230815667008124, 0.5846762541214715]",ESTIMABLE,0.0,{},0,0.0,5000,5000,0.05,banglaclick:news,5000,"[-0.08445739123389567, -0.037105184284744686]",ESTIMABLE,0.0,{},0,0.0,5000,5000,"[-1.6206350849581446, -1.2198087490458687]",ESTIMABLE,0.0,{},0,0.0,5000,banglabert,False,2718,0.07991916192431985,0.10964083175803403,2.6793383458646614,0.597254983854539,0.049019607843137254,1.2595744680851064,0.5173358219302192,-0.06062122391489678,-1.419763877779555
5000,"[0.46230815667008124, 0.5846762541214715]",ESTIMABLE,0.0,{},0,0.0,5000,5000,0.1,banglaclick:news,5000,"[-0.16249270523539644, -0.09963447348038847]",ESTIMABLE,0.0,{},0,0.0,5000,5000,"[-1.5800670834805786, -1.2300444428729818]",ESTIMABLE,0.0,{},0,0.0,5000,banglabert,True,2718,0.07991916192431985,0.21928166351606806,2.646926994906621,0.597254983854539,0.09068627450980392,1.251063829787234,0.5173358219302192,-0.12859538900626416,-1.3958631651193871
5000,"[0.46230815667008124, 0.5846762541214715]",ESTIMABLE,0.0,{},0,0.0,5000,5000,0.2,banglaclick:news,5000,"[-0.31442097520656925, -0.2322195668849719]",ESTIMABLE,0.0,{},0,0.0,5000,5000,"[-1.36804064096253, -1.0860364714531436]",ESTIMABLE,0.0,{},0,0.0,5000,banglabert,False,2718,0.07991916192431985,0.42533081285444235,2.46227345743173,0.597254983854539,0.15196078431372548,1.2340425531914894,0.5173358219302192,-0.2733700285407169,-1.2282309042402406
5000,"[0.44981608319325345, 0.5633157024769215]",ESTIMABLE,0.0,{},0,0.0,5000,5000,0.05,banglaclick:news,5000,"[-0.09810037348492985, -0.051928082823052266]",ESTIMABLE,0.0,{},0,0.0,5000,5000,"[-1.6603341536226608, -1.28573571342927]",ESTIMABLE,0.0,{},0,0.0,5000,banglabert,False,31415,0.07978687425081132,0.12431444241316271,2.7421353383458644,0.5799975678495342,0.05093167701863354,1.2765957446808511,0.5002106935987228,-0.07338276539452918,-1.4655395936650133
5000,"[0.44981608319325345, 0.5633157024769215]",ESTIMABLE,0.0,{},0,0.0,5000,5000,0.1,banglaclick:news,5000,"[-0.19018699921857235, -0.12578170152940416]",ESTIMABLE,0.0,{},0,0.0,5000,5000,"[-1.5276505374646854, -1.1812986299022443]",ESTIMABLE,0.0,{},0,0.0,5000,banglabert,True,31415,0.07978687425081132,0.2522851919561243,2.5944086021505375,0.5799975678495342,0.09440993788819876,1.251063829787234,0.5002106935987228,-0.15787525406792555,-1.3433447723633034
5000,"[0.44981608319325345, 0.5633157024769215]",ESTIMABLE,0.0,{},0,0.0,5000,5000,0.2,banglaclick:news,5000,"[-0.2974684680057177, -0.21883335325631711]",ESTIMABLE,0.0,{},0,0.0,5000,5000,"[-1.3104386481559198, -1.0476612619169277]",ESTIMABLE,0.0,{},0,0.0,5000,banglabert,False,31415,0.07978687425081132,0.4369287020109689,2.4096607767173768,0.5799975678495342,0.17888198757763976,1.225531914893617,0.5002106935987228,-0.25804671443332916,-1.1841288618237598
5000,"[0.4626784948925285, 0.587009798950575]",ESTIMABLE,0.0,{},0,0.0,5000,5000,0.05,banglaclick:news,5000,"[-0.0798562931284426, -0.033522385762249175]",ESTIMABLE,0.0,{},0,0.0,5000,5000,"[-1.6508028430344635, -1.257221476241597]",ESTIMABLE,0.0,{},0,0.0,5000,banglabert,False,65537,0.08127314335903915,0.10845588235294118,2.7212030075187967,0.5997065619037399,0.05301204819277108,1.2765957446808511,0.5184334185447008,-0.0554438341601701,-1.4446072628379456
5000,"[0.4626784948925285, 0.587009798950575]",ESTIMABLE,0.0,{},0,0.0,5000,5000,0.1,banglaclick:news,5000,"[-0.16444228122699753, -0.10240672711480325]",ESTIMABLE,0.0,{},0,0.0,5000,5000,"[-1.5074321808458644, -1.1668631569352135]",ESTIMABLE,0.0,{},0,0.0,5000,banglabert,True,65537,0.08127314335903915,0.22426470588235295,2.573401245048104,0.5997065619037399,0.0927710843373494,1.2425531914893617,0.5184334185447008,-0.13149362154500355,-1.3308480535587424
5000,"[0.4626784948925285, 0.587009798950575]",ESTIMABLE,0.0,{},0,0.0,5000,5000,0.2,banglaclick:news,5000,"[-0.2942491586951309, -0.21581858825496222]",ESTIMABLE,0.0,{},0,0.0,5000,5000,"[-1.3388258041563508, -1.065311280349924]",ESTIMABLE,0.0,{},0,0.0,5000,banglabert,False,65537,0.08127314335903915,0.43566176470588236,2.4096607767173768,0.5997065619037399,0.17951807228915662,1.2085106382978723,0.5184334185447008,-0.25614369241672574,-1.2011501384195045
5000,"[0.3830973398406608, 0.48387707664204255]",ESTIMABLE,0.0,{},0,0.0,5000,5000,0.05,banglaclick:news,5000,"[-0.09808459323270045, -0.053028894143978066]",ESTIMABLE,0.0,{},0,0.0,5000,5000,"[-1.5826419430000218, -1.168758735013501]",ESTIMABLE,0.0,{},0,0.0,5000,xlmr,False,42,0.0898416103082177,0.12411347517730496,2.6374736842105264,0.5187343412357376,0.04589371980676329,1.2595744680851064,0.4288927309275199,-0.07821975537054168,-1.37789921612542
5000,"[0.3830973398406608, 0.48387707664204255]",ESTIMABLE,0.0,{},0,0.0,5000,5000,0.1,banglaclick:news,5000,"[-0.16325736776760744, -0.09716069668426512]",ESTIMABLE,0.0,{},0,0.0,5000,5000,"[-1.5806900987212553, -1.2402738258900015]",ESTIMABLE,0.0,{},0,0.0,5000,xlmr,True,42,0.0898416103082177,0.2322695035460993,2.646926994906621,0.5187343412357376,0.10144927536231885,1.251063829787234,0.4288927309275199,-0.13082022818378045,-1.3958631651193871
5000,"[0.3830973398406608, 0.48387707664204255]",ESTIMABLE,0.0,{},0,0.0,5000,5000,0.2,banglaclick:news,5000,"[-0.29820222328741935, -0.21561375037790964]",ESTIMABLE,0.0,{},0,0.0,5000,5000,"[-1.3039795011498323, -1.0291916340922656]",ESTIMABLE,0.0,{},0,0.0,5000,xlmr,False,42,0.0898416103082177,0.44148936170212766,2.393876972503071,0.5187343412357376,0.1859903381642512,1.2340425531914894,0.4288927309275199,-0.25549902353787646,-1.1598344193115817
5000,"[0.4243208891231254, 0.5229606685327033]",ESTIMABLE,0.0,{},0,0.0,5000,5000,0.05,banglaclick:news,5000,"[-0.1217169951073105, -0.07701490128927749]",ESTIMABLE,0.0,{},0,0.0,5000,5000,"[-1.5914743788099361, -1.1741266615511845]",ESTIMABLE,0.0,{},0,0.0,5000,xlmr,False,137,0.08427088336247554,0.13513513513513514,2.6584060150375937,0.555139763798478,0.034610630407911,1.2765957446808511,0.4708688804360024,-0.10052450472722414,-1.3818102703567425
5000,"[0.4243208891231254, 0.5229606685327033]",ESTIMABLE,0.0,{},0,0.0,5000,5000,0.1,banglaclick:news,5000,"[-0.22207484786164874, -0.1563304684190211]",ESTIMABLE,0.0,{},0,0.0,5000,5000,"[-1.5052059913182583, -1.1652290994403278]",ESTIMABLE,0.0,{},0,0.0,5000,xlmr,True,137,0.08427088336247554,0.26666666666666666,2.5944086021505375,0.555139763798478,0.07292954264524104,1.2595744680851064,0.4708688804360024,-0.19373712402142562,-1.334834134065431
5000,"[0.4243208891231254, 0.5229606685327033]",ESTIMABLE,0.0,{},0,0.0,5000,5000,0.2,banglaclick:news,5000,"[-0.30599241185208786, -0.2241313478099965]",ESTIMABLE,0.0,{},0,0.0,5000,5000,"[-1.323432227454653, -1.0408370419463]",ESTIMABLE,0.0,{},0,0.0,5000,xlmr,False,137,0.08427088336247554,0.436036036036036,2.4096607767173768,0.555139763798478,0.17676143386897405,1.2297872340425533,0.4708688804360024,-0.259274602167062,-1.1798735426748235
5000,"[0.44133151854870306, 0.5490911154762571]",ESTIMABLE,0.0,{},0,0.0,5000,5000,0.05,banglaclick:news,5000,"[-0.08765744865355, -0.04060644925524889]",ESTIMABLE,0.0,{},0,0.0,5000,5000,"[-1.5910260630577522, -1.1735477978735895]",ESTIMABLE,0.0,{},0,0.0,5000,xlmr,False,2718,0.08355534403446875,0.1111111111111111,2.6584060150375937,0.5771675858041101,0.04926108374384237,1.2765957446808511,0.49361224176964136,-0.06185002736726874,-1.3818102703567425
5000,"[0.44133151854870306, 0.5490911154762571]",ESTIMABLE,0.0,{},0,0.0,5000,5000,0.1,banglaclick:news,5000,"[-0.1649366552568885, -0.10010060448878605]",ESTIMABLE,0.0,{},0,0.0,5000,5000,"[-1.4873801701923315, -1.143967288828126]",ESTIMABLE,0.0,{},0,0.0,5000,xlmr,True,2718,0.08355534403446875,0.22777777777777777,2.5839049235993206,0.5771675858041101,0.09729064039408868,1.2680851063829788,0.49361224176964136,-0.1304871373836891,-1.3158198172163418
5000,"[0.44133151854870306, 0.5490911154762571]",ESTIMABLE,0.0,{},0,0.0,5000,5000,0.2,banglaclick:news,5000,"[-0.26195253305788124, -0.181743471713794]",ESTIMABLE,0.0,{},0,0.0,5000,5000,"[-1.276540787644817, -1.0037667393657335]",ESTIMABLE,0.0,{},0,0.0,5000,xlmr,False,2718,0.08355534403446875,0.412962962962963,2.378093168288765,0.5771675858041101,0.18719211822660098,1.2425531914893617,0.49361224176964136,-0.225770844736362,-1.1355399767994032
5000,"[0.4182689169010376, 0.5120955956433805]",ESTIMABLE,0.0,{},0,0.0,5000,5000,0.05,banglaclick:news,5000,"[-0.09366470868198647, -0.04795694518010969]",ESTIMABLE,0.0,{},0,0.0,5000,5000,"[-1.5348848024015274, -1.1345715786830346]",ESTIMABLE,0.0,{},0,0.0,5000,xlmr,False,31415,0.09114841793720531,0.12323943661971831,2.6165413533834587,0.5556530067935708,0.052948255114320095,1.2595744680851064,0.4645045888563655,-0.07029118150539822,-1.3569668852983523
5000,"[0.4182689169010376, 0.5120955956433805]",ESTIMABLE,0.0,{},0,0.0,5000,5000,0.1,banglaclick:news,5000,"[-0.16821773085233324, -0.10774032406459681]",ESTIMABLE,0.0,{},0,0.0,5000,5000,"[-1.4333642000919653, -1.0917809681621957]",ESTIMABLE,0.0,{},0,0.0,5000,xlmr,True,31415,0.09114841793720531,0.23943661971830985,2.5208828522920204,0.5556530067935708,0.09987966305655836,1.2425531914893617,0.4645045888563655,-0.1395569566617515,-1.2783296608026586
5000,"[0.4182689169010376, 0.5120955956433805]",ESTIMABLE,0.0,{},0,0.0,5000,5000,0.2,banglaclick:news,5000,"[-0.28123097496368954, -0.20301889643187804]",ESTIMABLE,0.0,{},0,0.0,5000,5000,"[-1.2630029619275163, -0.9874709868968083]",ESTIMABLE,0.0,{},0,0.0,5000,xlmr,False,31415,0.09114841793720531,0.4278169014084507,2.362309364074459,0.5556530067935708,0.1829121540312876,1.2382978723404254,0.4645045888563655,-0.24490474737716308,-1.1240114917340334
5000,"[0.3746617912261055, 0.47600903838955566]",ESTIMABLE,0.0,{},0,0.0,5000,5000,0.05,banglaclick:news,5000,"[-0.11521202042707171, -0.06598763640262938]",ESTIMABLE,0.0,{},0,0.0,5000,5000,"[-1.659173104543207, -1.2398237345507008]",ESTIMABLE,0.0,{},0,0.0,5000,xlmr,False,65537,0.08191979921365786,0.14564831261101244,2.700270676691729,0.5055093317105188,0.05609756097560976,1.2595744680851064,0.42358953249686093,-0.08955075163540269,-1.4406962086066226
5000,"[0.3746617912261055, 0.47600903838955566]",ESTIMABLE,0.0,{},0,0.0,5000,5000,0.1,banglaclick:news,5000,"[-0.19751004359976748, -0.13410390531555352]",ESTIMABLE,0.0,{},0,0.0,5000,5000,"[-1.51952372030606, -1.1655137674074163]",ESTIMABLE,0.0,{},0,0.0,5000,xlmr,True,65537,0.08191979921365786,0.2664298401420959,2.573401245048104,0.5055093317105188,0.09878048780487805,1.2340425531914894,0.42358953249686093,-0.16764935233721787,-1.3393586918566147
5000,"[0.3746617912261055, 0.47600903838955566]",ESTIMABLE,0.0,{},0,0.0,5000,5000,0.2,banglaclick:news,5000,"[-0.29509832503440225, -0.2117288712779118]",ESTIMABLE,0.0,{},0,0.0,5000,5000,"[-1.3453866929713014, -1.0568886341596015]",ESTIMABLE,0.0,{},0,0.0,5000,xlmr,False,65537,0.08191979921365786,0.45293072824156305,2.4359671170745534,0.5055093317105188,0.19634146341463415,1.225531914893617,0.42358953249686093,-0.2565892648269289,-1.2104352021809364
5000,"[0.3166612333173509, 0.5062714879233595]",ESTIMABLE,0.0,{},0,0.0,5000,5000,0.05,banglaclick:facebook,5000,"[-0.05269713964974595, -0.015567758528292936]",ESTIMABLE,0.0,{},0,0.0,5000,5000,"[-2.34388508815776, -1.419736841735588]",ESTIMABLE,0.0,{},0,0.0,5000,ebm,False,42,0.178701055078645,0.07919463087248323,2.51187969924812,0.5962100862541686,0.042440318302387266,0.521681298217611,0.4175090311755236,-0.03675431257009596,-1.9901984010305087
5000,"[0.3166612333173509, 0.5062714879233595]",ESTIMABLE,0.0,{},0,0.0,5000,5000,0.1,banglaclick:facebook,5000,"[-0.10945233513829172, -0.06123289122413224]",ESTIMABLE,0.0,{},0,0.0,5000,5000,"[-1.9280999791409463, -1.1768988557054274]",ESTIMABLE,0.0,{},0,0.0,5000,ebm,True,42,0.178701055078645,0.16778523489932887,2.3003056027164686,0.5962100862541686,0.08222811671087533,0.6991059021799458,0.4175090311755236,-0.08555711818845353,-1.6011997005365228
5000,"[0.3166612333173509, 0.5062714879233595]",ESTIMABLE,0.0,{},0,0.0,5000,5000,0.2,banglaclick:facebook,5000,"[-0.15653927932297607, -0.09103187160810836]",ESTIMABLE,0.0,{},0,0.0,5000,5000,"[-1.4741749121088612, -0.8648547505367424]",ESTIMABLE,0.0,{},0,0.0,5000,ebm,False,42,0.178701055078645,0.30604026845637583,1.9940205990739865,0.5962100862541686,0.1812555260831123,0.8402652971291292,0.4175090311755236,-0.12478474237326354,-1.1537553019448574
5000,"[0.31549532352660165, 0.5049642640930945]",ESTIMABLE,0.0,{},0,0.0,5000,5000,0.05,banglaclick:facebook,5000,"[-0.05207802295456439, -0.015558925549889741]",ESTIMABLE,0.0,{},0,0.0,5000,5000,"[-2.3528603989791987, -1.4364369112155877]",ESTIMABLE,0.0,{},0,0.0,5000,ebm,False,137,0.17857443333740564,0.07919463087248323,2.51187969924812,0.5963322694386068,0.042440318302387266,0.521681298217611,0.4177578361012012,-0.03675431257009596,-1.9901984010305087
5000,"[0.31549532352660165, 0.5049642640930945]",ESTIMABLE,0.0,{},0,0.0,5000,5000,0.1,banglaclick:facebook,5000,"[-0.10885425854373254, -0.059681312859792536]",ESTIMABLE,0.0,{},0,0.0,5000,5000,"[-1.9357963358850876, -1.1758352958328822]",ESTIMABLE,0.0,{},0,0.0,5000,ebm,True,137,0.17857443333740564,0.16778523489932887,2.2898019241652516,0.5963322694386068,0.08134394341290893,0.6991059021799458,0.4177578361012012,-0.08644129148641994,-1.590696021985306
5000,"[0.31549532352660165, 0.5049642640930945]",ESTIMABLE,0.0,{},0,0.0,5000,5000,0.2,banglaclick:facebook,5000,"[-0.15860225927127092, -0.08931752485838147]",ESTIMABLE,0.0,{},0,0.0,5000,5000,"[-1.4732702889488678, -0.8563478935909845]",ESTIMABLE,0.0,{},0,0.0,5000,ebm,False,137,0.17857443333740564,0.30604026845637583,1.9940205990739865,0.5963322694386068,0.18213969938107868,0.8442475971155233,0.4177578361012012,-0.12390056907529715,-1.1497730019584633
5000,"[0.31582961414009886, 0.5055825717199326]",ESTIMABLE,0.0,{},0,0.0,5000,5000,0.05,banglaclick:facebook,5000,"[-0.052791392893608735, -0.017136436497325318]",ESTIMABLE,0.0,{},0,0.0,5000,5000,"[-2.346060067681478, -1.428884731069081]",ESTIMABLE,0.0,{},0,0.0,5000,ebm,False,2718,0.17863241072049146,0.07785234899328859,2.51187969924812,0.5961528468591294,0.0415929203539823,0.521681298217611,0.41752043613863793,-0.03625942863930629,-1.9901984010305087
5000,"[0.31582961414009886, 0.5055825717199326]",ESTIMABLE,0.0,{},0,0.0,5000,5000,0.1,banglaclick:facebook,5000,"[-0.11000811093995842, -0.061415473862767515]",ESTIMABLE,0.0,{},0,0.0,5000,5000,"[-1.918629499688913, -1.1725339915663628]",ESTIMABLE,0.0,{},0,0.0,5000,ebm,True,2718,0.17863241072049146,0.16778523489932887,2.2898019241652516,0.5961528468591294,0.08141592920353982,0.6991059021799458,0.41752043613863793,-0.08636930569578904,-1.590696021985306
5000,"[0.31582961414009886, 0.5055825717199326]",ESTIMABLE,0.0,{},0,0.0,5000,5000,0.2,banglaclick:facebook,5000,"[-0.1595255798007264, -0.09171724205252074]",ESTIMABLE,0.0,{},0,0.0,5000,5000,"[-1.4671342513780943, -0.8555493216682063]",ESTIMABLE,0.0,{},0,0.0,5000,ebm,False,2718,0.17863241072049146,0.30604026845637583,1.9992818671454218,0.5961528468591294,0.18053097345132743,0.8442475971155233,0.41752043613863793,-0.1255092950050484,-1.1550342700298986
5000,"[0.3134859428594778, 0.5063075630969094]",ESTIMABLE,0.0,{},0,0.0,5000,5000,0.05,banglaclick:facebook,5000,"[-0.05182506990748058, -0.014893395702479535]",ESTIMABLE,0.0,{},0,0.0008,5000,5000,"[-2.3561605794328506, -1.4216233153785967]",ESTIMABLE,0.0,{},0,0.0,5000,ebm,False,31415,0.17878738311633943,0.07785234899328859,2.51187969924812,0.5960989504841663,0.042440318302387266,0.521681298217611,0.4173115673678268,-0.035412030690901326,-1.9901984010305087
5000,"[0.3134859428594778, 0.5063075630969094]",ESTIMABLE,0.0,{},0,0.0,5000,5000,0.1,banglaclick:facebook,5000,"[-0.10829240418986767, -0.06110801438257877]",ESTIMABLE,0.0,{},0,0.0,5000,5000,"[-1.927287257031036, -1.1810270134976482]",ESTIMABLE,0.0,{},0,0.0,5000,ebm,True,31415,0.17878738311633943,0.16778523489932887,2.2898019241652516,0.5960989504841663,0.08222811671087533,0.6991059021799458,0.4173115673678268,-0.08555711818845353,-1.590696021985306
5000,"[0.3134859428594778, 0.5063075630969094]",ESTIMABLE,0.0,{},0,0.0,5000,5000,0.2,banglaclick:facebook,5000,"[-0.15968791948672334, -0.09192307416623331]",ESTIMABLE,0.0,{},0,0.0,5000,5000,"[-1.4740280146745228, -0.8547698020694339]",ESTIMABLE,0.0,{},0,0.0,5000,ebm,False,31415,0.17878738311633943,0.30604026845637583,1.9940205990739865,0.5960989504841663,0.1839080459770115,0.8442475971155233,0.4173115673678268,-0.12213222247936434,-1.1497730019584633
5000,"[0.3139383393684719, 0.5050986022802861]",ESTIMABLE,0.0,{},0,0.0,5000,5000,0.05,banglaclick:facebook,5000,"[-0.05252668030425928, -0.0160993952877129]",ESTIMABLE,0.0,{},0,0.0,5000,5000,"[-2.329195583441665, -1.4293765287636135]",ESTIMABLE,0.0,{},0,0.0,5000,ebm,False,65537,0.1786741855685254,0.07785234899328859,2.51187969924812,0.5958481312218096,0.042440318302387266,0.521681298217611,0.41717394565328414,-0.035412030690901326,-1.9901984010305087
5000,"[0.3139383393684719, 0.5050986022802861]",ESTIMABLE,0.0,{},0,0.0,5000,5000,0.1,banglaclick:facebook,5000,"[-0.10870726927482628, -0.0600523426166155]",ESTIMABLE,0.0,{},0,0.0,5000,5000,"[-1.91795236409193, -1.1762275436104106]",ESTIMABLE,0.0,{},0,0.0,5000,ebm,True,65537,0.1786741855685254,0.16644295302013423,2.2898019241652516,0.5958481312218096,0.08222811671087533,0.6991059021799458,0.41717394565328414,-0.0842148363092589,-1.590696021985306
5000,"[0.3139383393684719, 0.5050986022802861]",ESTIMABLE,0.0,{},0,0.0,5000,5000,0.2,banglaclick:facebook,5000,"[-0.15873385466785012, -0.09231293489138945]",ESTIMABLE,0.0,{},0,0.0,5000,5000,"[-1.4657728460736668, -0.8665330043194881]",ESTIMABLE,0.0,{},0,0.0,5000,ebm,False,65537,0.1786741855685254,0.30604026845637583,1.9940205990739865,0.5958481312218096,0.18213969938107868,0.8442475971155233,0.41717394565328414,-0.12390056907529715,-1.1497730019584633
5000,"[0.3648636331033408, 0.5050457085501394]",ESTIMABLE,0.0,{},0,0.0,5000,5000,0.05,banglaclick:facebook,5000,"[-0.07612244353509699, -0.037718754916924266]",ESTIMABLE,0.0,{},0,0.0,5000,5000,"[-1.8546498059366507, -1.164290768039443]",ESTIMABLE,0.0,{},0,0.0,5000,tfidf_lr,False,42,0.13151102208946153,0.09144542772861357,2.6165413533834587,0.567897049524521,0.03561887800534283,1.1540222657541093,0.4363860274350595,-0.05582654972327074,-1.4625190876293495
5000,"[0.3648636331033408, 0.5050457085501394]",ESTIMABLE,0.0,{},0,0.0,5000,5000,0.1,banglaclick:facebook,5000,"[-0.13296597247710581, -0.0801032927591072]",ESTIMABLE,0.0,{},0,0.0,5000,5000,"[-1.6580017272499015, -1.1105715312520867]",ESTIMABLE,0.0,{},0,0.0,5000,tfidf_lr,True,42,0.13151102208946153,0.1902654867256637,2.478868138087153,0.567897049524521,0.08726625111308994,1.1122139352862774,0.4363860274350595,-0.10299923561257376,-1.3666542028008757
5000,"[0.3648636331033408, 0.5050457085501394]",ESTIMABLE,0.0,{},0,0.0,5000,5000,0.2,banglaclick:facebook,5000,"[-0.21095171460705844, -0.14249581293592636]",ESTIMABLE,0.0,{},0,0.0,5000,5000,"[-1.2668760153431653, -0.8818637560872005]",ESTIMABLE,0.0,{},0,0.0,5000,tfidf_lr,False,42,0.13151102208946153,0.36578171091445427,2.183426249645658,0.567897049524521,0.18967052537845058,1.1309731961358898,0.4363860274350595,-0.1761111855360037,-1.052453053509768
5000,"[0.3654550801128964, 0.5058878783340773]",ESTIMABLE,0.0,{},0,0.0,5000,5000,0.05,banglaclick:facebook,5000,"[-0.07503749455732679, -0.03739254329745483]",ESTIMABLE,0.0,{},0,0.0,5000,5000,"[-1.8542147527062562, -1.1654085214868575]",ESTIMABLE,0.0,{},0,0.0,5000,tfidf_lr,False,137,0.13151102208946153,0.09144542772861357,2.6165413533834587,0.567897049524521,0.03561887800534283,1.1540222657541093,0.4363860274350595,-0.05582654972327074,-1.4625190876293495
5000,"[0.3654550801128964, 0.5058878783340773]",ESTIMABLE,0.0,{},0,0.0,5000,5000,0.1,banglaclick:facebook,5000,"[-0.13216675040971615, -0.08005736925054596]",ESTIMABLE,0.0,{},0,0.0,5000,5000,"[-1.658658430402645, -1.1076534296235208]",ESTIMABLE,0.0,{},0,0.0,5000,tfidf_lr,True,137,0.13151102208946153,0.1902654867256637,2.478868138087153,0.567897049524521,0.08726625111308994,1.1122139352862774,0.4363860274350595,-0.10299923561257376,-1.3666542028008757
5000,"[0.3654550801128964, 0.5058878783340773]",ESTIMABLE,0.0,{},0,0.0,5000,5000,0.2,banglaclick:facebook,5000,"[-0.21016125049418816, -0.14189935465333028]",ESTIMABLE,0.0,{},0,0.0,5000,5000,"[-1.2650342708107873, -0.8802664771827858]",ESTIMABLE,0.0,{},0,0.0,5000,tfidf_lr,False,137,0.13151102208946153,0.36578171091445427,2.183426249645658,0.567897049524521,0.18967052537845058,1.1309731961358898,0.4363860274350595,-0.1761111855360037,-1.052453053509768
5000,"[0.3652511915984893, 0.5036085014898581]",ESTIMABLE,0.0,{},0,0.0,5000,5000,0.05,banglaclick:facebook,5000,"[-0.07533685738747951, -0.037244430157729574]",ESTIMABLE,0.0,{},0,0.0,5000,5000,"[-1.865720172745609, -1.165707700306843]",ESTIMABLE,0.0,{},0,0.0,5000,tfidf_lr,False,2718,0.13151102208946153,0.09144542772861357,2.6165413533834587,0.567897049524521,0.03561887800534283,1.1540222657541093,0.4363860274350595,-0.05582654972327074,-1.4625190876293495
5000,"[0.3652511915984893, 0.5036085014898581]",ESTIMABLE,0.0,{},0,0.0,5000,5000,0.1,banglaclick:facebook,5000,"[-0.13275479401088455, -0.08029355557614427]",ESTIMABLE,0.0,{},0,0.0,5000,5000,"[-1.6614105192119817, -1.1162198323771446]",ESTIMABLE,0.0,{},0,0.0,5000,tfidf_lr,True,2718,0.13151102208946153,0.1902654867256637,2.478868138087153,0.567897049524521,0.08726625111308994,1.1122139352862774,0.4363860274350595,-0.10299923561257376,-1.3666542028008757
5000,"[0.3652511915984893, 0.5036085014898581]",ESTIMABLE,0.0,{},0,0.0,5000,5000,0.2,banglaclick:facebook,5000,"[-0.2111625431384114, -0.1420730572309779]",ESTIMABLE,0.0,{},0,0.0,5000,5000,"[-1.2642901789404244, -0.8921076851854093]",ESTIMABLE,0.0,{},0,0.0,5000,tfidf_lr,False,2718,0.13151102208946153,0.36578171091445427,2.183426249645658,0.567897049524521,0.18967052537845058,1.1309731961358898,0.4363860274350595,-0.1761111855360037,-1.052453053509768
5000,"[0.3676032066120479, 0.503052799633389]",ESTIMABLE,0.0,{},0,0.0,5000,5000,0.05,banglaclick:facebook,5000,"[-0.07469453616925792, -0.03742148973425762]",ESTIMABLE,0.0,{},0,0.0,5000,5000,"[-1.8644306308729583, -1.157365264809461]",ESTIMABLE,0.0,{},0,0.0,5000,tfidf_lr,False,31415,0.13151102208946153,0.09144542772861357,2.6165413533834587,0.567897049524521,0.03561887800534283,1.1540222657541093,0.4363860274350595,-0.05582654972327074,-1.4625190876293495
5000,"[0.3676032066120479, 0.503052799633389]",ESTIMABLE,0.0,{},0,0.0,5000,5000,0.1,banglaclick:facebook,5000,"[-0.13226177156079927, -0.08065655972193476]",ESTIMABLE,0.0,{},0,0.0,5000,5000,"[-1.6648229360098976, -1.1145026969906529]",ESTIMABLE,0.0,{},0,0.0,5000,tfidf_lr,True,31415,0.13151102208946153,0.1902654867256637,2.478868138087153,0.567897049524521,0.08726625111308994,1.1122139352862774,0.4363860274350595,-0.10299923561257376,-1.3666542028008757
5000,"[0.3676032066120479, 0.503052799633389]",ESTIMABLE,0.0,{},0,0.0,5000,5000,0.2,banglaclick:facebook,5000,"[-0.21055201858165115, -0.14369311773333093]",ESTIMABLE,0.0,{},0,0.0,5000,5000,"[-1.2681904658807814, -0.8850725049132055]",ESTIMABLE,0.0,{},0,0.0,5000,tfidf_lr,False,31415,0.13151102208946153,0.36578171091445427,2.183426249645658,0.567897049524521,0.18967052537845058,1.1309731961358898,0.4363860274350595,-0.1761111855360037,-1.052453053509768
5000,"[0.3681783091616272, 0.5032228969115103]",ESTIMABLE,0.0,{},0,0.0,5000,5000,0.05,banglaclick:facebook,5000,"[-0.07505294185433059, -0.037269038642351905]",ESTIMABLE,0.0,{},0,0.0,5000,5000,"[-1.8524664560822957, -1.1574483295665252]",ESTIMABLE,0.0,{},0,0.0,5000,tfidf_lr,False,65537,0.13151102208946153,0.09144542772861357,2.6165413533834587,0.567897049524521,0.03561887800534283,1.1540222657541093,0.4363860274350595,-0.05582654972327074,-1.4625190876293495
5000,"[0.3681783091616272, 0.5032228969115103]",ESTIMABLE,0.0,{},0,0.0,5000,5000,0.1,banglaclick:facebook,5000,"[-0.13278617746634133, -0.08035608848448028]",ESTIMABLE,0.0,{},0,0.0,5000,5000,"[-1.6613992009848548, -1.1189538149520104]",ESTIMABLE,0.0,{},0,0.0,5000,tfidf_lr,True,65537,0.13151102208946153,0.1902654867256637,2.478868138087153,0.567897049524521,0.08726625111308994,1.1122139352862774,0.4363860274350595,-0.10299923561257376,-1.3666542028008757
5000,"[0.3681783091616272, 0.5032228969115103]",ESTIMABLE,0.0,{},0,0.0,5000,5000,0.2,banglaclick:facebook,5000,"[-0.21048516114195498, -0.14250299394260593]",ESTIMABLE,0.0,{},0,0.0,5000,5000,"[-1.2638287580322247, -0.8859129161788624]",ESTIMABLE,0.0,{},0,0.0,5000,tfidf_lr,False,65537,0.13151102208946153,0.36578171091445427,2.183426249645658,0.567897049524521,0.18967052537845058,1.1309731961358898,0.4363860274350595,-0.1761111855360037,-1.052453053509768
5000,"[0.34942209587625506, 0.49069187066442366]",ESTIMABLE,0.0,{},0,0.0,5000,5000,0.05,banglaclick:facebook,5000,"[-0.08372907770301569, -0.03895133440402223]",ESTIMABLE,0.0,{},0,0.0,5000,5000,"[-1.524543565936017, -1.0357859247850028]",ESTIMABLE,0.0,{},0,0.0,5000,banglabert,False,42,0.07886068061848996,0.11192660550458716,2.7421353383458644,0.5068917385342114,0.04923413566739606,1.4701927495223586,0.4280310579157215,-0.0626924698371911,-1.2719425888235059
5000,"[0.34942209587625506, 0.49069187066442366]",ESTIMABLE,0.0,{},0,0.0,5000,5000,0.1,banglaclick:facebook,5000,"[-0.1585793134780453, -0.0958810017123348]",ESTIMABLE,0.0,{},0,0.0,5000,5000,"[-1.397051861146466, -0.9764038132773781]",ESTIMABLE,0.0,{},0,0.0,5000,banglabert,True,42,0.07886068061848996,0.21834862385321102,2.604912280701754,0.5068917385342114,0.0886214442013129,1.4379337306201159,0.4280310579157215,-0.12972717965189812,-1.166978550081638
5000,"[0.34942209587625506, 0.49069187066442366]",ESTIMABLE,0.0,{},0,0.0,5000,5000,0.2,banglaclick:facebook,5000,"[-0.28603181133192285, -0.20185702718876222]",ESTIMABLE,0.0,{},0,0.0,5000,5000,"[-1.2765958811358622, -0.9144070112985635]",ESTIMABLE,0.0,{},0,0.0,5000,banglabert,False,42,0.07886068061848996,0.43853211009174314,2.4096607767173768,0.5068917385342114,0.1925601750547046,1.3300881954555885,0.4280310579157215,-0.24597193503703854,-1.0795725812617882
5000,"[0.3257573415207316, 0.47554607119548065]",ESTIMABLE,0.0,{},0,0.0,5000,5000,0.05,banglaclick:facebook,5000,"[-0.0975162891784716, -0.050941094941389195]",ESTIMABLE,0.0,{},0,0.0,5000,5000,"[-1.4543155260110385, -0.9572521182681196]",ESTIMABLE,0.0,{},0,0.0,5000,banglabert,False,137,0.08046850389831667,0.12361623616236163,2.700270676691729,0.48711680782829797,0.05228031145717464,1.486001273710771,0.4066483039299813,-0.07133592470518699,-1.214269402980958
5000,"[0.3257573415207316, 0.47554607119548065]",ESTIMABLE,0.0,{},0,0.0,5000,5000,0.1,banglaclick:facebook,5000,"[-0.16386781725015562, -0.09382187879110732]",ESTIMABLE,0.0,{},0,0.0,5000,5000,"[-1.3786524508037445, -0.9629955171094656]",ESTIMABLE,0.0,{},0,0.0,5000,banglabert,True,137,0.08046850389831667,0.23616236162361623,2.604912280701754,0.48711680782829797,0.10456062291434928,1.4458781158721608,0.4066483039299813,-0.13160173870926695,-1.1590341648295932
5000,"[0.3257573415207316, 0.47554607119548065]",ESTIMABLE,0.0,{},0,0.0,5000,5000,0.2,banglaclick:facebook,5000,"[-0.2769111480438283, -0.18567224625303386]",ESTIMABLE,0.0,{},0,0.0,5000,5000,"[-1.2906404816360186, -0.9295621110787212]",ESTIMABLE,0.0,{},0,0.0,5000,banglabert,False,137,0.08046850389831667,0.43726937269372695,2.4201833128602472,0.48711680782829797,0.20689655172413793,1.3380527954283765,0.4066483039299813,-0.23037282096958903,-1.0821305174318707
5000,"[0.3627443515601802, 0.4996268387296281]",ESTIMABLE,0.0,{},0,0.0,5000,5000,0.05,banglaclick:facebook,5000,"[-0.08139062528684698, -0.031487806241752084]",ESTIMABLE,0.0,{},0,0.0,5000,5000,"[-1.4370882842852044, -0.9697514280555493]",ESTIMABLE,0.0,{},0,0.0,5000,banglabert,False,2718,0.07991916192431985,0.10964083175803403,2.6793383458646614,0.5200743776762341,0.0507399577167019,1.5176183220875958,0.44015521575191424,-0.05890087404133213,-1.1617200237770655
5000,"[0.3627443515601802, 0.4996268387296281]",ESTIMABLE,0.0,{},0,0.0,5000,5000,0.1,banglaclick:facebook,5000,"[-0.15235133647900453, -0.07950628726012832]",ESTIMABLE,0.0,{},0,0.0,5000,5000,"[-1.4538062160393617, -1.0305953901794196]",ESTIMABLE,0.0,{},0,0.0,5000,banglabert,True,2718,0.07991916192431985,0.21928166351606806,2.646926994906621,0.5200743776762341,0.10782241014799154,1.4458781158721608,0.44015521575191424,-0.11145925336807652,-1.2010488790344604
5000,"[0.3627443515601802, 0.4996268387296281]",ESTIMABLE,0.0,{},0,0.0,5000,5000,0.2,banglaclick:facebook,5000,"[-0.27795971884475756, -0.1759250633631626]",ESTIMABLE,0.0,{},0,0.0,5000,5000,"[-1.3394120246699317, -0.9880266344935881]",ESTIMABLE,0.0,{},0,0.0,5000,banglabert,False,2718,0.07991916192431985,0.42533081285444235,2.46227345743173,0.5200743776762341,0.19238900634249473,1.3181412954964067,0.44015521575191424,-0.23294180651194762,-1.1441321619353233
5000,"[0.31898137655394837, 0.473294583015293]",ESTIMABLE,0.0,{},0,0.0,5000,5000,0.05,banglaclick:facebook,5000,"[-0.09456508780688921, -0.04174813581273926]",ESTIMABLE,0.0,{},0,0.0,5000,5000,"[-1.5323414824233268, -1.050425189821836]",ESTIMABLE,0.0,{},0,0.0,5000,banglabert,False,31415,0.07978687425081132,0.12431444241316271,2.7421353383458644,0.48296350727995163,0.057777777777777775,1.454384225333946,0.4031766330291403,-0.06653666463538493,-1.2877511130119184
5000,"[0.31898137655394837, 0.473294583015293]",ESTIMABLE,0.0,{},0,0.0,5000,5000,0.1,banglaclick:facebook,5000,"[-0.17299202139467135, -0.10546567384064433]",ESTIMABLE,0.0,{},0,0.0,5000,5000,"[-1.381091727966665, -0.9842200477349101]",ESTIMABLE,0.0,{},0,0.0,5000,banglabert,True,31415,0.07978687425081132,0.2522851919561243,2.5944086021505375,0.48296350727995163,0.11,1.4458781158721608,0.4031766330291403,-0.14228519195612432,-1.1485304862783767
5000,"[0.31898137655394837, 0.473294583015293]",ESTIMABLE,0.0,{},0,0.0,5000,5000,0.2,banglaclick:facebook,5000,"[-0.25868327255049467, -0.1586445043182043]",ESTIMABLE,0.0,{},0,0.0,5000,5000,"[-1.2890218836221825, -0.9227383791053722]",ESTIMABLE,0.0,{},0,0.0,5000,banglabert,False,31415,0.07978687425081132,0.4369287020109689,2.4096607767173768,0.48296350727995163,0.22555555555555556,1.3420350954147704,0.4031766330291403,-0.21137314645541333,-1.0676256813026064
5000,"[0.31467247172228097, 0.467314221344322]",ESTIMABLE,0.0,{},0,0.0,5000,5000,0.05,banglaclick:facebook,5000,"[-0.08263684869744609, -0.03161077141164453]",ESTIMABLE,0.0,{},0,0.0,5000,5000,"[-1.4642492476865165, -0.9643314001682716]",ESTIMABLE,0.0,{},0,0.0,5000,banglabert,False,65537,0.08127314335903915,0.10845588235294118,2.7212030075187967,0.48258724932072306,0.05215419501133787,1.5334268462760083,0.40131410596168393,-0.05630168734160331,-1.1877761612427884
5000,"[0.31467247172228097, 0.467314221344322]",ESTIMABLE,0.0,{},0,0.0,5000,5000,0.1,banglaclick:facebook,5000,"[-0.15578017422774984, -0.08442510978030258]",ESTIMABLE,0.0,{},0,0.0,5000,5000,"[-1.3617206964653712, -0.9358918191249084]",ESTIMABLE,0.0,{},0,0.0,5000,banglabert,True,65537,0.08127314335903915,0.22426470588235295,2.573401245048104,0.48258724932072306,0.10657596371882086,1.4617668863762503,0.40131410596168393,-0.11768874216353209,-1.1116343586718538
5000,"[0.31467247172228097, 0.467314221344322]",ESTIMABLE,0.0,{},0,0.0,5000,5000,0.2,banglaclick:facebook,5000,"[-0.26850844185293277, -0.16868365347137138]",ESTIMABLE,0.0,{},0,0.0,5000,5000,"[-1.2884821061840244, -0.9457596243846109]",ESTIMABLE,0.0,{},0,0.0,5000,banglabert,False,65537,0.08127314335903915,0.43566176470588236,2.4096607767173768,0.48258724932072306,0.21541950113378686,1.3181412954964067,0.40131410596168393,-0.2202422635720955,-1.09151948122097
5000,"[0.3215193118345986, 0.4615972828702969]",ESTIMABLE,0.0,{},0,0.0,5000,5000,0.05,banglaclick:facebook,5000,"[-0.09004595496432075, -0.04170608667588264]",ESTIMABLE,0.0,{},0,0.0,5000,5000,"[-1.4436296285357322, -0.9097251919774384]",ESTIMABLE,0.0,{},0,0.0,5000,xlmr,False,42,0.0898416103082177,0.12411347517730496,2.6374736842105264,0.48731365097529566,0.05578947368421053,1.5018097978991833,0.397472040667078,-0.06832400149309444,-1.135663886311343
5000,"[0.3215193118345986, 0.4615972828702969]",ESTIMABLE,0.0,{},0,0.0,5000,5000,0.1,banglaclick:facebook,5000,"[-0.16547852810376756, -0.09515738301577861]",ESTIMABLE,0.0,{},0,0.0,5000,5000,"[-1.5120997416521058, -1.0548102205880185]",ESTIMABLE,0.0,{},0,0.0,5000,xlmr,True,42,0.0898416103082177,0.2322695035460993,2.646926994906621,0.48731365097529566,0.09789473684210526,1.422044960116026,0.397472040667078,-0.13437476670399404,-1.224882034790595
5000,"[0.3215193118345986, 0.4615972828702969]",ESTIMABLE,0.0,{},0,0.0,5000,5000,0.2,banglaclick:facebook,5000,"[-0.29006990804327193, -0.19826417023139065]",ESTIMABLE,0.0,{},0,0.0,5000,5000,"[-1.3021708040985862, -0.9237962232357269]",ESTIMABLE,0.0,{},0,0.0,5000,xlmr,False,42,0.0898416103082177,0.44148936170212766,2.393876972503071,0.48731365097529566,0.1957894736842105,1.2743359956460727,0.397472040667078,-0.24569988801791715,-1.1195409768569984
5000,"[0.30862170029190444, 0.4597829150003812]",ESTIMABLE,0.0,{},0,0.0,5000,5000,0.05,banglaclick:facebook,5000,"[-0.10853752939879596, -0.059016243644171]",ESTIMABLE,0.0,{},0,0.0,5000,5000,"[-1.4517916696705124, -0.9268549177469518]",ESTIMABLE,0.0,{},0,0.0,5000,xlmr,False,137,0.08427088336247554,0.13513513513513514,2.6584060150375937,0.4754216564469453,0.04859611231101512,1.5492353704644208,0.39115077308446977,-0.08653902282412002,-1.1091706445731728
5000,"[0.30862170029190444, 0.4597829150003812]",ESTIMABLE,0.0,{},0,0.0,5000,5000,0.1,banglaclick:facebook,5000,"[-0.194294354469523, -0.12435587146336219]",ESTIMABLE,0.0,{},0,0.0,5000,5000,"[-1.404172112190788, -0.9977514854529654]",ESTIMABLE,0.0,{},0,0.0,5000,xlmr,True,137,0.08427088336247554,0.26666666666666666,2.5944086021505375,0.4754216564469453,0.10259179265658748,1.422044960116026,0.39115077308446977,-0.1640748740100792,-1.1723636420345114
5000,"[0.30862170029190444, 0.4597829150003812]",ESTIMABLE,0.0,{},0,0.0,5000,5000,0.2,banglaclick:facebook,5000,"[-0.2823649467390067, -0.19629295380759867]",ESTIMABLE,0.0,{},0,0.0,5000,5000,"[-1.2645254735053095, -0.9020815722215259]",ESTIMABLE,0.0,{},0,0.0,5000,xlmr,False,137,0.08427088336247554,0.436036036036036,2.4096607767173768,0.4754216564469453,0.19978401727861772,1.3738934953059223,0.39115077308446977,-0.2362520187574183,-1.0357672814114545
5000,"[0.3155578953390756, 0.4589455634416133]",ESTIMABLE,0.0,{},0,0.0,5000,5000,0.05,banglaclick:facebook,5000,"[-0.06816315536796426, -0.01994344038988198]",ESTIMABLE,0.0,{},0,0.0008,5000,5000,"[-1.4995521395899059, -0.982632272219089]",ESTIMABLE,0.0,{},0,0.0,5000,xlmr,False,2718,0.08355534403446875,0.1111111111111111,2.6584060150375937,0.4786342297781219,0.06867845993756504,1.454384225333946,0.3950788857436532,-0.04243265117354607,-1.2040217897036476
5000,"[0.3155578953390756, 0.4589455634416133]",ESTIMABLE,0.0,{},0,0.0,5000,5000,0.1,banglaclick:facebook,5000,"[-0.13294579779226634, -0.060287293960094225]",ESTIMABLE,0.0,{},0,0.0,5000,5000,"[-1.4931215286431205, -0.991779581797082]",ESTIMABLE,0.0,{},0,0.0,5000,xlmr,True,2718,0.08355534403446875,0.22777777777777777,2.5839049235993206,0.4786342297781219,0.1331945889698231,1.4141005748639814,0.3950788857436532,-0.09458318880795466,-1.1698043487353391
5000,"[0.3155578953390756, 0.4589455634416133]",ESTIMABLE,0.0,{},0,0.0,5000,5000,0.2,banglaclick:facebook,5000,"[-0.22975308060726415, -0.13662910150205784]",ESTIMABLE,0.0,{},0,0.0,5000,5000,"[-1.315500645739138, -0.926345620460637]",ESTIMABLE,0.0,{},0,0.0,5000,xlmr,False,2718,0.08355534403446875,0.412962962962963,2.378093168288765,0.4786342297781219,0.22684703433922998,1.2862828956052548,0.3950788857436532,-0.186115928623733,-1.0918102726835102
5000,"[0.3197865569595079, 0.4589155137853452]",ESTIMABLE,0.0,{},0,0.0,5000,5000,0.05,banglaclick:facebook,5000,"[-0.09698183259897093, -0.04549012798125779]",ESTIMABLE,0.0,{},0,0.0,5000,5000,"[-1.442449899063583, -0.9308196549099277]",ESTIMABLE,0.0,{},0,0.0,5000,xlmr,False,31415,0.09114841793720531,0.12323943661971831,2.6165413533834587,0.4846778520731407,0.05152471083070452,1.454384225333946,0.3935294341359354,-0.07171472578901379,-1.1621571280495127
5000,"[0.3197865569595079, 0.4589155137853452]",ESTIMABLE,0.0,{},0,0.0,5000,5000,0.1,banglaclick:facebook,5000,"[-0.16277346628992276, -0.09557035288009047]",ESTIMABLE,0.0,{},0,0.0,5000,5000,"[-1.3636212934549445, -0.9047033892560473]",ESTIMABLE,0.0,{},0,0.0,5000,xlmr,True,31415,0.09114841793720531,0.23943661971830985,2.5208828522920204,0.4846778520731407,0.10620399579390116,1.422044960116026,0.3935294341359354,-0.13323262392440868,-1.0988378921759943
5000,"[0.3197865569595079, 0.4589155137853452]",ESTIMABLE,0.0,{},0,0.0,5000,5000,0.2,banglaclick:facebook,5000,"[-0.25899265364705487, -0.17650610761398877]",ESTIMABLE,0.0,{},0,0.0,5000,5000,"[-1.2507719365097532, -0.8777462109210751]",ESTIMABLE,0.0,{},0,0.0,5000,xlmr,False,31415,0.09114841793720531,0.4278169014084507,2.362309364074459,0.4846778520731407,0.2082018927444795,1.3101766955236187,0.3935294341359354,-0.21961500866397118,-1.05213266855084
5000,"[0.3057184795707495, 0.4545247840763722]",ESTIMABLE,0.0,{},0,0.0,5000,5000,0.05,banglaclick:facebook,5000,"[-0.12498655471939635, -0.07135505227270081]",ESTIMABLE,0.0,{},0,0.0,5000,5000,"[-1.5852138160914198, -1.0459096241823445]",ESTIMABLE,0.0,{},0,0.0,5000,xlmr,False,65537,0.08191979921365786,0.14564831261101244,2.700270676691729,0.4689111576345669,0.04689203925845147,1.422767176957121,0.38699135842090904,-0.09875627335256096,-1.277503499734608
5000,"[0.3057184795707495, 0.4545247840763722]",ESTIMABLE,0.0,{},0,0.0,5000,5000,0.1,banglaclick:facebook,5000,"[-0.1989144891031918, -0.12955724288100065]",ESTIMABLE,0.0,{},0,0.0,5000,5000,"[-1.5047809453332257, -1.0542166341800336]",ESTIMABLE,0.0,{},0,0.0,5000,xlmr,True,65537,0.08191979921365786,0.2664298401420959,2.573401245048104,0.4689111576345669,0.10032715376226826,1.3346567223435328,0.38699135842090904,-0.16610268637982767,-1.2387445227045712
5000,"[0.3057184795707495, 0.4545247840763722]",ESTIMABLE,0.0,{},0,0.0,5000,5000,0.2,banglaclick:facebook,5000,"[-0.28886212176283044, -0.1915164209457294]",ESTIMABLE,0.0,{},0,0.0,5000,5000,"[-1.338914602664005, -0.9965379155167192]",ESTIMABLE,0.0,{},0,0.0,5000,xlmr,False,65537,0.08191979921365786,0.45293072824156305,2.4359671170745534,0.4689111576345669,0.20828789531079608,1.2942474955780428,0.38699135842090904,-0.24464283293076697,-1.1417196214965106
5000,"[-0.06631056285409224, 0.4680017760845875]",ESTIMABLE,0.0,{},0,0.4512,5000,5000,0.05,banglaclick:youtube,5000,"[-0.04743570804554017, 0.018376284739419588]",ESTIMABLE,0.0,{},0,0.3096,5000,5000,"[-1.6557116290687015, -1.2039066633459332]",ESTIMABLE,0.0,{},0,0.0,5000,ebm,False,42,0.178701055078645,0.07919463087248323,2.51187969924812,0.25396995057041016,0.06053268765133172,1.0718113612004287,0.07526889549176516,-0.018661943221151507,-1.440068338047691
5000,"[-0.06631056285409224, 0.4680017760845875]",ESTIMABLE,0.0,{},0,0.4512,5000,5000,0.1,banglaclick:youtube,5000,"[-0.08446762799299434, 0.06189063638990634]",ESTIMABLE,0.0,{},0,0.6548,5000,5000,"[-1.386627172338184, -1.0199333187203614]",ESTIMABLE,0.0,{},0,0.0,5000,ebm,True,42,0.178701055078645,0.16778523489932887,2.3003056027164686,0.25396995057041016,0.15012106537530268,1.0718113612004287,0.07526889549176516,-0.01766416952402619,-1.2284942415160398
5000,"[-0.06631056285409224, 0.4680017760845875]",ESTIMABLE,0.0,{},0,0.4512,5000,5000,0.2,banglaclick:youtube,5000,"[-0.13556623959197878, 0.1088341002675682]",ESTIMABLE,0.0,{},0,0.8008,5000,5000,"[-1.0494810266518326, -0.7530577958594228]",ESTIMABLE,0.0,{},0,0.0,5000,ebm,False,42,0.178701055078645,0.30604026845637583,1.9940205990739865,0.25396995057041016,0.29782082324455206,1.0664523043944265,0.07526889549176516,-0.008219445211823773,-0.92756829467956
5000,"[-0.06701391813765771, 0.4598083770211051]",ESTIMABLE,0.0,{},0,0.4564,5000,5000,0.05,banglaclick:youtube,5000,"[-0.05214994045028048, 0.018210312218579962]",ESTIMABLE,0.0,{},0,0.3024,5000,5000,"[-1.6508561581096284, -1.2094164408667893]",ESTIMABLE,0.0,{},0,0.0,5000,ebm,False,137,0.17857443333740564,0.07919463087248323,2.51187969924812,0.25380918428072036,0.05825242718446602,1.0718113612004287,0.07523475094331472,-0.020942203688017205,-1.440068338047691
5000,"[-0.06701391813765771, 0.4598083770211051]",ESTIMABLE,0.0,{},0,0.4564,5000,5000,0.1,banglaclick:youtube,5000,"[-0.08668704357711883, 0.0608888503360073]",ESTIMABLE,0.0,{},0,0.6416,5000,5000,"[-1.3774531183970875, -1.0208711323372486]",ESTIMABLE,0.0,{},0,0.0,5000,ebm,True,137,0.17857443333740564,0.16778523489932887,2.2898019241652516,0.25380918428072036,0.1553398058252427,1.0718113612004287,0.07523475094331472,-0.012445429074086162,-1.2179905629648229
5000,"[-0.06701391813765771, 0.4598083770211051]",ESTIMABLE,0.0,{},0,0.4564,5000,5000,0.2,banglaclick:youtube,5000,"[-0.13476894389167762, 0.10906364514851459]",ESTIMABLE,0.0,{},0,0.8008,5000,5000,"[-1.0412025527807196, -0.7570630432648112]",ESTIMABLE,0.0,{},0,0.0,5000,ebm,False,137,0.17857443333740564,0.30604026845637583,1.9940205990739865,0.25380918428072036,0.2961165048543689,1.0664523043944265,0.07523475094331472,-0.009923763602006919,-0.92756829467956
5000,"[-0.0676984394845927, 0.4634659645445938]",ESTIMABLE,0.0,{},0,0.442,5000,5000,0.05,banglaclick:youtube,5000,"[-0.041299661387543735, 0.02238576484705991]",ESTIMABLE,0.0,{},0,0.4688,5000,5000,"[-1.6580327987979682, -1.211019458430621]",ESTIMABLE,0.0,{},0,0.0,5000,ebm,False,2718,0.17863241072049146,0.07785234899328859,2.51187969924812,0.25419173588855953,0.06506024096385542,1.0718113612004287,0.07555932516806807,-0.012792108029433175,-1.440068338047691
5000,"[-0.0676984394845927, 0.4634659645445938]",ESTIMABLE,0.0,{},0,0.442,5000,5000,0.1,banglaclick:youtube,5000,"[-0.07963027318744505, 0.06683528957870358]",ESTIMABLE,0.0,{},0,0.7192,5000,5000,"[-1.380906810222886, -1.0168917640124135]",ESTIMABLE,0.0,{},0,0.0,5000,ebm,True,2718,0.17863241072049146,0.16778523489932887,2.2898019241652516,0.25419173588855953,0.1566265060240964,1.0718113612004287,0.07555932516806807,-0.011158728875232476,-1.2179905629648229
5000,"[-0.0676984394845927, 0.4634659645445938]",ESTIMABLE,0.0,{},0,0.442,5000,5000,0.2,banglaclick:youtube,5000,"[-0.1341554529833801, 0.10843095239343943]",ESTIMABLE,0.0,{},0,0.8476,5000,5000,"[-1.0475430309187574, -0.7500107466497967]",ESTIMABLE,0.0,{},0,0.0,5000,ebm,False,2718,0.17863241072049146,0.30604026845637583,1.9992818671454218,0.25419173588855953,0.2987951807228916,1.0664523043944265,0.07555932516806807,-0.007245087733484257,-0.9328295627509953
5000,"[-0.06929720342213208, 0.46586191831587653]",ESTIMABLE,0.0,{},0,0.4676,5000,5000,0.05,banglaclick:youtube,5000,"[-0.043672314042914634, 0.02215716798238387]",ESTIMABLE,0.0,{},0,0.4212,5000,5000,"[-1.6535749496216314, -1.209335660079353]",ESTIMABLE,0.0,{},0,0.0,5000,ebm,False,31415,0.17878738311633943,0.07785234899328859,2.51187969924812,0.25408917892724947,0.06280193236714976,1.0718113612004287,0.07530179581091004,-0.015050416626138832,-1.440068338047691
5000,"[-0.06929720342213208, 0.46586191831587653]",ESTIMABLE,0.0,{},0,0.4676,5000,5000,0.1,banglaclick:youtube,5000,"[-0.08086647209706571, 0.067982624578935]",ESTIMABLE,0.0,{},0,0.7004,5000,5000,"[-1.385215293141866, -1.0140839225439489]",ESTIMABLE,0.0,{},0,0.0,5000,ebm,True,31415,0.17878738311633943,0.16778523489932887,2.2898019241652516,0.25408917892724947,0.15458937198067632,1.0718113612004287,0.07530179581091004,-0.013195862918652546,-1.2179905629648229
5000,"[-0.06929720342213208, 0.46586191831587653]",ESTIMABLE,0.0,{},0,0.4676,5000,5000,0.2,banglaclick:youtube,5000,"[-0.13174332719947665, 0.11030105317495237]",ESTIMABLE,0.0,{},0,0.8432,5000,5000,"[-1.0489487371257757, -0.7603701128757507]",ESTIMABLE,0.0,{},0,0.0,5000,ebm,False,31415,0.17878738311633943,0.30604026845637583,1.9940205990739865,0.25408917892724947,0.2971014492753623,1.0664523043944265,0.07530179581091004,-0.008938819181013524,-0.92756829467956
5000,"[-0.06972244597682134, 0.4680082346408245]",ESTIMABLE,0.0,{},0,0.466,5000,5000,0.05,banglaclick:youtube,5000,"[-0.038045594809420456, 0.02373026398118596]",ESTIMABLE,0.0,{},0,0.4804,5000,5000,"[-1.6554994028595609, -1.2021594208182134]",ESTIMABLE,0.0,{},0,0.0,5000,ebm,False,65537,0.1786741855685254,0.07785234899328859,2.51187969924812,0.25409425619488496,0.06506024096385542,1.0718113612004287,0.07542007062635955,-0.012792108029433175,-1.440068338047691
5000,"[-0.06972244597682134, 0.4680082346408245]",ESTIMABLE,0.0,{},0,0.466,5000,5000,0.1,banglaclick:youtube,5000,"[-0.07922969928450166, 0.06818410003650964]",ESTIMABLE,0.0,{},0,0.7372,5000,5000,"[-1.380708370977835, -1.0048383354770296]",ESTIMABLE,0.0,{},0,0.0,5000,ebm,True,65537,0.1786741855685254,0.16644295302013423,2.2898019241652516,0.25409425619488496,0.1566265060240964,1.0718113612004287,0.07542007062635955,-0.009816446996037842,-1.2179905629648229
5000,"[-0.06972244597682134, 0.4680082346408245]",ESTIMABLE,0.0,{},0,0.466,5000,5000,0.2,banglaclick:youtube,5000,"[-0.1298805360609144, 0.11027044640155029]",ESTIMABLE,0.0,{},0,0.8512,5000,5000,"[-1.0457463772227193, -0.7530330778221025]",ESTIMABLE,0.0,{},0,0.0,5000,ebm,False,65537,0.1786741855685254,0.30604026845637583,1.9940205990739865,0.25409425619488496,0.2987951807228916,1.0664523043944265,0.07542007062635955,-0.007245087733484257,-0.92756829467956
5000,"[0.3749135286010948, 0.6109796428780915]",ESTIMABLE,0.0,{},0,0.0,5000,5000,0.05,banglaclick:youtube,5000,"[-0.07264813054374225, -0.0265372245551892]",ESTIMABLE,0.0,{},0,0.0004,5000,5000,"[-1.7578975860427215, -1.3382273589952352]",ESTIMABLE,0.0,{},0,0.0,5000,tfidf_lr,False,42,0.13151102208946153,0.09144542772861357,2.6165413533834587,0.6206683326557739,0.046511627906976744,1.0718113612004287,0.4891573105663124,-0.044933799821636825,-1.54472999218303
5000,"[0.3749135286010948, 0.6109796428780915]",ESTIMABLE,0.0,{},0,0.0,5000,5000,0.1,banglaclick:youtube,5000,"[-0.1286901642257226, -0.07043884110807813]",ESTIMABLE,0.0,{},0,0.0004,5000,5000,"[-1.5655050864749855, -1.2048673966338785]",ESTIMABLE,0.0,{},0,0.0,5000,tfidf_lr,True,42,0.13151102208946153,0.1902654867256637,2.478868138087153,0.6206683326557739,0.0946843853820598,1.0718113612004287,0.4891573105663124,-0.09558110134360391,-1.4070567768867244
5000,"[0.3749135286010948, 0.6109796428780915]",ESTIMABLE,0.0,{},0,0.0,5000,5000,0.2,banglaclick:youtube,5000,"[-0.22220397981673207, -0.14005783406031808]",ESTIMABLE,0.0,{},0,0.0004,5000,5000,"[-1.2356815702814687, -0.9626012394321459]",ESTIMABLE,0.0,{},0,0.0,5000,tfidf_lr,False,42,0.13151102208946153,0.36578171091445427,2.183426249645658,0.6206683326557739,0.18604651162790697,1.0664523043944265,0.4891573105663124,-0.1797351992865473,-1.1169739452512313
5000,"[0.38332944068519637, 0.610668403360114]",ESTIMABLE,0.0,{},0,0.0,5000,5000,0.05,banglaclick:youtube,5000,"[-0.07189510023881725, -0.026517877934665948]",ESTIMABLE,0.0,{},0,0.0,5000,5000,"[-1.7577791120565556, -1.33690207853157]",ESTIMABLE,0.0,{},0,0.0,5000,tfidf_lr,False,137,0.13151102208946153,0.09144542772861357,2.6165413533834587,0.6206683326557739,0.046511627906976744,1.0718113612004287,0.4891573105663124,-0.044933799821636825,-1.54472999218303
5000,"[0.38332944068519637, 0.610668403360114]",ESTIMABLE,0.0,{},0,0.0,5000,5000,0.1,banglaclick:youtube,5000,"[-0.12687102833953934, -0.07094395115511262]",ESTIMABLE,0.0,{},0,0.0,5000,5000,"[-1.5639356067700503, -1.2027591358780771]",ESTIMABLE,0.0,{},0,0.0,5000,tfidf_lr,True,137,0.13151102208946153,0.1902654867256637,2.478868138087153,0.6206683326557739,0.0946843853820598,1.0718113612004287,0.4891573105663124,-0.09558110134360391,-1.4070567768867244
5000,"[0.38332944068519637, 0.610668403360114]",ESTIMABLE,0.0,{},0,0.0,5000,5000,0.2,banglaclick:youtube,5000,"[-0.22068672502336, -0.1399798820962045]",ESTIMABLE,0.0,{},0,0.0,5000,5000,"[-1.2389273123231623, -0.9576009441903818]",ESTIMABLE,0.0,{},0,0.0,5000,tfidf_lr,False,137,0.13151102208946153,0.36578171091445427,2.183426249645658,0.6206683326557739,0.18604651162790697,1.0664523043944265,0.4891573105663124,-0.1797351992865473,-1.1169739452512313
5000,"[0.3808622802069967, 0.6119370422871035]",ESTIMABLE,0.0,{},0,0.0,5000,5000,0.05,banglaclick:youtube,5000,"[-0.07232380520975168, -0.025633489840682967]",ESTIMABLE,0.0,{},0,0.0,5000,5000,"[-1.7574775065880819, -1.3309417404264938]",ESTIMABLE,0.0,{},0,0.0,5000,tfidf_lr,False,2718,0.13151102208946153,0.09144542772861357,2.6165413533834587,0.6206683326557739,0.046511627906976744,1.0718113612004287,0.4891573105663124,-0.044933799821636825,-1.54472999218303
5000,"[0.3808622802069967, 0.6119370422871035]",ESTIMABLE,0.0,{},0,0.0,5000,5000,0.1,banglaclick:youtube,5000,"[-0.12834468105229974, -0.07061570590424028]",ESTIMABLE,0.0,{},0,0.0,5000,5000,"[-1.5646730382843668, -1.2003668383840655]",ESTIMABLE,0.0,{},0,0.0,5000,tfidf_lr,True,2718,0.13151102208946153,0.1902654867256637,2.478868138087153,0.6206683326557739,0.0946843853820598,1.0718113612004287,0.4891573105663124,-0.09558110134360391,-1.4070567768867244
5000,"[0.3808622802069967, 0.6119370422871035]",ESTIMABLE,0.0,{},0,0.0,5000,5000,0.2,banglaclick:youtube,5000,"[-0.22055726972913772, -0.13988347479816848]",ESTIMABLE,0.0,{},0,0.0,5000,5000,"[-1.240714239225642, -0.9614224856990861]",ESTIMABLE,0.0,{},0,0.0,5000,tfidf_lr,False,2718,0.13151102208946153,0.36578171091445427,2.183426249645658,0.6206683326557739,0.18604651162790697,1.0664523043944265,0.4891573105663124,-0.1797351992865473,-1.1169739452512313
5000,"[0.38032308107313617, 0.6122944478322135]",ESTIMABLE,0.0,{},0,0.0,5000,5000,0.05,banglaclick:youtube,5000,"[-0.0728779149327124, -0.025770515079161945]",ESTIMABLE,0.0,{},0,0.0004,5000,5000,"[-1.7668660220251766, -1.3354387263331318]",ESTIMABLE,0.0,{},0,0.0,5000,tfidf_lr,False,31415,0.13151102208946153,0.09144542772861357,2.6165413533834587,0.6206683326557739,0.046511627906976744,1.0718113612004287,0.4891573105663124,-0.044933799821636825,-1.54472999218303
5000,"[0.38032308107313617, 0.6122944478322135]",ESTIMABLE,0.0,{},0,0.0,5000,5000,0.1,banglaclick:youtube,5000,"[-0.1281741879212717, -0.07105695618925315]",ESTIMABLE,0.0,{},0,0.0008,5000,5000,"[-1.5651395112662552, -1.207225083203499]",ESTIMABLE,0.0,{},0,0.0004,5000,tfidf_lr,True,31415,0.13151102208946153,0.1902654867256637,2.478868138087153,0.6206683326557739,0.0946843853820598,1.0718113612004287,0.4891573105663124,-0.09558110134360391,-1.4070567768867244
5000,"[0.38032308107313617, 0.6122944478322135]",ESTIMABLE,0.0,{},0,0.0,5000,5000,0.2,banglaclick:youtube,5000,"[-0.22050184770463907, -0.13950612218466785]",ESTIMABLE,0.0,{},0,0.0008,5000,5000,"[-1.2449901830676189, -0.9598200002001602]",ESTIMABLE,0.0,{},0,0.0,5000,tfidf_lr,False,31415,0.13151102208946153,0.36578171091445427,2.183426249645658,0.6206683326557739,0.18604651162790697,1.0664523043944265,0.4891573105663124,-0.1797351992865473,-1.1169739452512313
5000,"[0.38445014618101025, 0.6104938950927886]",ESTIMABLE,0.0,{},0,0.0,5000,5000,0.05,banglaclick:youtube,5000,"[-0.07213547477073572, -0.026371328384800986]",ESTIMABLE,0.0,{},0,0.0008,5000,5000,"[-1.7588320848954275, -1.3354815719715503]",ESTIMABLE,0.0,{},0,0.0,5000,tfidf_lr,False,65537,0.13151102208946153,0.09144542772861357,2.6165413533834587,0.6206683326557739,0.046511627906976744,1.0718113612004287,0.4891573105663124,-0.044933799821636825,-1.54472999218303
5000,"[0.38445014618101025, 0.6104938950927886]",ESTIMABLE,0.0,{},0,0.0,5000,5000,0.1,banglaclick:youtube,5000,"[-0.12888717813558892, -0.07043098712186735]",ESTIMABLE,0.0,{},0,0.0008,5000,5000,"[-1.5671164553459567, -1.2050382323983102]",ESTIMABLE,0.0,{},0,0.0,5000,tfidf_lr,True,65537,0.13151102208946153,0.1902654867256637,2.478868138087153,0.6206683326557739,0.0946843853820598,1.0718113612004287,0.4891573105663124,-0.09558110134360391,-1.4070567768867244
5000,"[0.38445014618101025, 0.6104938950927886]",ESTIMABLE,0.0,{},0,0.0,5000,5000,0.2,banglaclick:youtube,5000,"[-0.22233136519760288, -0.1399284134320618]",ESTIMABLE,0.0,{},0,0.0004,5000,5000,"[-1.2379026173870105, -0.9647951570204819]",ESTIMABLE,0.0,{},0,0.0,5000,tfidf_lr,False,65537,0.13151102208946153,0.36578171091445427,2.183426249645658,0.6206683326557739,0.18604651162790697,1.0664523043944265,0.4891573105663124,-0.1797351992865473,-1.1169739452512313
5000,"[0.3343669540511437, 0.6458232053189444]",ESTIMABLE,0.0,{},0,0.0,5000,5000,0.05,banglaclick:youtube,5000,"[-0.09667169313954586, -0.0352708918937134]",ESTIMABLE,0.0,{},0,0.0052,5000,5000,"[-1.897865892886365, -1.4690684917870114]",ESTIMABLE,0.0,{},0,0.0,5000,banglabert,False,42,0.07886068061848996,0.11192660550458716,2.7421353383458644,0.5673663620337217,0.045951859956236324,1.05037513397642,0.48850568141523176,-0.06597474554835084,-1.6917602043694444
5000,"[0.3343669540511437, 0.6458232053189444]",ESTIMABLE,0.0,{},0,0.0,5000,5000,0.1,banglaclick:youtube,5000,"[-0.1751819611498599, -0.08753280295399861]",ESTIMABLE,0.0,{},0,0.0024,5000,5000,"[-1.7102212556547247, -1.3418310593088905]",ESTIMABLE,0.0,{},0,0.0,5000,banglabert,True,42,0.07886068061848996,0.21834862385321102,2.604912280701754,0.5673663620337217,0.08971553610503283,1.0610932475884243,0.48850568141523176,-0.1286330877481782,-1.5438190331133297
5000,"[0.3343669540511437, 0.6458232053189444]",ESTIMABLE,0.0,{},0,0.0,5000,5000,0.2,banglaclick:youtube,5000,"[-0.3226455609012514, -0.18458135035177553]",ESTIMABLE,0.0,{},0,0.0008,5000,5000,"[-1.4766279373292415, -1.1651036038134972]",ESTIMABLE,0.0,{},0,0.0,5000,banglabert,False,42,0.07886068061848996,0.43853211009174314,2.4096607767173768,0.5673663620337217,0.18161925601750548,1.0610932475884243,0.48850568141523176,-0.2569128540742377,-1.3485675291289525
5000,"[0.410044371842831, 0.6369343314554586]",ESTIMABLE,0.0,{},0,0.0,5000,5000,0.05,banglaclick:youtube,5000,"[-0.10035290910120129, -0.04338590936072002]",ESTIMABLE,0.0,{},0,0.0008,5000,5000,"[-1.8239977233645348, -1.4001053984823377]",ESTIMABLE,0.0,{},0,0.0,5000,banglabert,False,137,0.08046850389831667,0.12361623616236163,2.700270676691729,0.6125267292861641,0.055445544554455446,1.05037513397642,0.5320582253878474,-0.06817069160790618,-1.649895542715309
5000,"[0.410044371842831, 0.6369343314554586]",ESTIMABLE,0.0,{},0,0.0,5000,5000,0.1,banglaclick:youtube,5000,"[-0.16490809696462658, -0.08708422926501952]",ESTIMABLE,0.0,{},0,0.0,5000,5000,"[-1.7203541858753992, -1.3423105892669058]",ESTIMABLE,0.0,{},0,0.0,5000,banglabert,True,137,0.08046850389831667,0.23616236162361623,2.604912280701754,0.6125267292861641,0.11089108910891089,1.05037513397642,0.5320582253878474,-0.12527127251470532,-1.554537146725334
5000,"[0.410044371842831, 0.6369343314554586]",ESTIMABLE,0.0,{},0,0.0,5000,5000,0.2,banglaclick:youtube,5000,"[-0.30158588669932496, -0.17929972617603868]",ESTIMABLE,0.0,{},0,0.0,5000,5000,"[-1.4852242687993866, -1.1914667298206671]",ESTIMABLE,0.0,{},0,0.0,5000,banglabert,False,137,0.08046850389831667,0.43726937269372695,2.4201833128602472,0.6125267292861641,0.201980198019802,1.0610932475884243,0.5320582253878474,-0.23528917467392496,-1.359090065271823
5000,"[0.4125083495880031, 0.6568726929589603]",ESTIMABLE,0.0,{},0,0.0,5000,5000,0.05,banglaclick:youtube,5000,"[-0.07898189366331959, -0.025778796939795137]",ESTIMABLE,0.0,{},0,0.0036,5000,5000,"[-1.8009845853200221, -1.3797146222959762]",ESTIMABLE,0.0,{},0,0.0,5000,banglabert,False,2718,0.07991916192431985,0.10964083175803403,2.6793383458646614,0.6158249632904655,0.05357142857142857,1.0718113612004287,0.5359058013661457,-0.056069403186605464,-1.6075269846642326
5000,"[0.4125083495880031, 0.6568726929589603]",ESTIMABLE,0.0,{},0,0.0,5000,5000,0.1,banglaclick:youtube,5000,"[-0.14980047830259632, -0.07159143382912896]",ESTIMABLE,0.0,{},0,0.0008,5000,5000,"[-1.7457290253757283, -1.3824072135006173]",ESTIMABLE,0.0,{},0,0.0,5000,banglabert,True,2718,0.07991916192431985,0.21928166351606806,2.646926994906621,0.6158249632904655,0.1130952380952381,1.0718113612004287,0.5359058013661457,-0.10618642542082997,-1.5751156337061925
5000,"[0.4125083495880031, 0.6568726929589603]",ESTIMABLE,0.0,{},0,0.0,5000,5000,0.2,banglaclick:youtube,5000,"[-0.2759431768983506, -0.17445137439389172]",ESTIMABLE,0.0,{},0,0.0,5000,5000,"[-1.524954657176972, -1.2216718897388688]",ESTIMABLE,0.0,{},0,0.0,5000,banglabert,False,2718,0.07991916192431985,0.42533081285444235,2.46227345743173,0.6158249632904655,0.19444444444444445,1.0610932475884243,0.5359058013661457,-0.2308863684099979,-1.4011802098433057
5000,"[0.34804794353974283, 0.6346995893671125]",ESTIMABLE,0.0,{},0,0.0,5000,5000,0.05,banglaclick:youtube,5000,"[-0.10806603133897641, -0.05910394729414326]",ESTIMABLE,0.0,{},0,0.0,5000,5000,"[-1.8991678287382476, -1.474154174926894]",ESTIMABLE,0.0,{},0,0.0,5000,banglabert,False,31415,0.07978687425081132,0.12431444241316271,2.7421353383458644,0.567915674257635,0.040948275862068964,1.05037513397642,0.4881288000068237,-0.08336616655109375,-1.6917602043694444
5000,"[0.34804794353974283, 0.6346995893671125]",ESTIMABLE,0.0,{},0,0.0,5000,5000,0.1,banglaclick:youtube,5000,"[-0.18458317348231434, -0.1085286487727691]",ESTIMABLE,0.0,{},0,0.0,5000,5000,"[-1.7201543604243852, -1.3456564415436063]",ESTIMABLE,0.0,{},0,0.0,5000,banglabert,True,31415,0.07978687425081132,0.2522851919561243,2.5944086021505375,0.567915674257635,0.10129310344827586,1.05037513397642,0.4881288000068237,-0.15099208850784845,-1.5440334681741175
5000,"[0.34804794353974283, 0.6346995893671125]",ESTIMABLE,0.0,{},0,0.0,5000,5000,0.2,banglaclick:youtube,5000,"[-0.2930067353036215, -0.16999121113171692]",ESTIMABLE,0.0,{},0,0.0,5000,5000,"[-1.4778533015283601, -1.1761027213247721]",ESTIMABLE,0.0,{},0,0.0,5000,banglabert,False,31415,0.07978687425081132,0.4369287020109689,2.4096607767173768,0.567915674257635,0.20905172413793102,1.0610932475884243,0.4881288000068237,-0.22787697787303787,-1.3485675291289525
5000,"[0.24056696042734918, 0.6276121965397475]",ESTIMABLE,0.0,{},0,0.0,5000,5000,0.05,banglaclick:youtube,5000,"[-0.08534900943827917, -0.02791163678522601]",ESTIMABLE,0.0,{},0,0.002,5000,5000,"[-1.866333675502306, -1.4341424497452484]",ESTIMABLE,0.0,{},0,0.0,5000,banglabert,False,65537,0.08127314335903915,0.10845588235294118,2.7212030075187967,0.5516281097753759,0.05045871559633028,1.0718113612004287,0.4703549664163368,-0.0579971667566109,-1.649391646318368
5000,"[0.24056696042734918, 0.6276121965397475]",ESTIMABLE,0.0,{},0,0.0,5000,5000,0.1,banglaclick:youtube,5000,"[-0.16885440144439492, -0.0811328084264789]",ESTIMABLE,0.0,{},0,0.0008,5000,5000,"[-1.6911926029078501, -1.3185920924645287]",ESTIMABLE,0.0,{},0,0.0,5000,banglabert,True,65537,0.08127314335903915,0.22426470588235295,2.573401245048104,0.5516281097753759,0.0963302752293578,1.05037513397642,0.4703549664163368,-0.12793443065299515,-1.523026111071684
5000,"[0.24056696042734918, 0.6276121965397475]",ESTIMABLE,0.0,{},0,0.0,5000,5000,0.2,banglaclick:youtube,5000,"[-0.2957824930600468, -0.18199458233648558]",ESTIMABLE,0.0,{},0,0.0004,5000,5000,"[-1.484531210572211, -1.1761559685931438]",ESTIMABLE,0.0,{},0,0.0,5000,banglabert,False,65537,0.08127314335903915,0.43566176470588236,2.4096607767173768,0.5516281097753759,0.1926605504587156,1.0610932475884243,0.4703549664163368,-0.24300121424716675,-1.3485675291289525
5000,"[0.3328171248361807, 0.589249841588323]",ESTIMABLE,0.0,{},0,0.0024,5000,5000,0.05,banglaclick:youtube,5000,"[-0.09402026021776395, -0.04157442140156325]",ESTIMABLE,0.0,{},0,0.0136,5000,5000,"[-1.749946776665679, -1.3119509430429988]",ESTIMABLE,0.0,{},0,0.0,5000,xlmr,False,42,0.0898416103082177,0.12411347517730496,2.6374736842105264,0.5471146815623587,0.05138339920948617,1.0718113612004287,0.45727307125414096,-0.0727300759678188,-1.5656623230100977
5000,"[0.3328171248361807, 0.589249841588323]",ESTIMABLE,0.0,{},0,0.0024,5000,5000,0.1,banglaclick:youtube,5000,"[-0.17155134953006285, -0.08670826125880046]",ESTIMABLE,0.0,{},0,0.0076,5000,5000,"[-1.741492123729162, -1.384122128099882]",ESTIMABLE,0.0,{},0,0.0,5000,xlmr,True,42,0.0898416103082177,0.2322695035460993,2.646926994906621,0.5471146815623587,0.1007905138339921,1.0718113612004287,0.45727307125414096,-0.1314789897121072,-1.5751156337061925
5000,"[0.3328171248361807, 0.589249841588323]",ESTIMABLE,0.0,{},0,0.0024,5000,5000,0.2,banglaclick:youtube,5000,"[-0.33397525865651567, -0.21498414348897485]",ESTIMABLE,0.0,{},0,0.0,5000,5000,"[-1.4523885616594903, -1.159410512065913]",ESTIMABLE,0.0,{},0,0.0,5000,xlmr,False,42,0.0898416103082177,0.44148936170212766,2.393876972503071,0.5471146815623587,0.17984189723320157,1.0664523043944265,0.45727307125414096,-0.26164746446892606,-1.3274246681086446
5000,"[0.2737152890777997, 0.6074879606859677]",ESTIMABLE,0.0,{},0,0.0036,5000,5000,0.05,banglaclick:youtube,5000,"[-0.11403381507923045, -0.041061933128427056]",ESTIMABLE,0.0,{},0,0.006,5000,5000,"[-1.778480126049536, -1.3420563437516266]",ESTIMABLE,0.0,{},0,0.0,5000,xlmr,False,137,0.08427088336247554,0.13513513513513514,2.6584060150375937,0.532520592483456,0.058,1.0718113612004287,0.4482497091209804,-0.07713513513513515,-1.586594653837165
5000,"[0.2737152890777997, 0.6074879606859677]",ESTIMABLE,0.0,{},0,0.0036,5000,5000,0.1,banglaclick:youtube,5000,"[-0.2127080881359129, -0.0982530204729275]",ESTIMABLE,0.0,{},0,0.0044,5000,5000,"[-1.686512331631482, -1.3226731311418793]",ESTIMABLE,0.0,{},0,0.0,5000,xlmr,True,137,0.08427088336247554,0.26666666666666666,2.5944086021505375,0.532520592483456,0.106,1.0718113612004287,0.4482497091209804,-0.16066666666666668,-1.5225972409501087
5000,"[0.2737152890777997, 0.6074879606859677]",ESTIMABLE,0.0,{},0,0.0036,5000,5000,0.2,banglaclick:youtube,5000,"[-0.3217414553071496, -0.17905397561941888]",ESTIMABLE,0.0,{},0,0.0,5000,5000,"[-1.4862544425002784, -1.1716581265732458]",ESTIMABLE,0.0,{},0,0.0,5000,xlmr,False,137,0.08427088336247554,0.436036036036036,2.4096607767173768,0.532520592483456,0.196,1.0664523043944265,0.4482497091209804,-0.24003603603603602,-1.3432084723229503
5000,"[0.346071033370803, 0.6122413591429172]",ESTIMABLE,0.0,{},0,0.0,5000,5000,0.05,banglaclick:youtube,5000,"[-0.09330482017902406, -0.023640978384396685]",ESTIMABLE,0.0,{},0,0.0056,5000,5000,"[-1.7882251116910575, -1.3319885583497422]",ESTIMABLE,0.0,{},0,0.0,5000,xlmr,False,2718,0.08355534403446875,0.1111111111111111,2.6584060150375937,0.5722966745367122,0.060215053763440864,1.0718113612004287,0.48874133050224344,-0.05089605734767024,-1.586594653837165
5000,"[0.346071033370803, 0.6122413591429172]",ESTIMABLE,0.0,{},0,0.0,5000,5000,0.1,banglaclick:youtube,5000,"[-0.1799394011615695, -0.0708273656337653]",ESTIMABLE,0.0,{},0,0.0016,5000,5000,"[-1.679826384711851, -1.303850602146809]",ESTIMABLE,0.0,{},0,0.0,5000,xlmr,True,2718,0.08355534403446875,0.22777777777777777,2.5839049235993206,0.5722966745367122,0.10967741935483871,1.0610932475884243,0.48874133050224344,-0.11810035842293906,-1.5228116760108963
5000,"[0.346071033370803, 0.6122413591429172]",ESTIMABLE,0.0,{},0,0.0,5000,5000,0.2,banglaclick:youtube,5000,"[-0.2880130012531328, -0.1517674002891921]",ESTIMABLE,0.0,{},0,0.0,5000,5000,"[-1.4433162300471196, -1.1397669213448358]",ESTIMABLE,0.0,{},0,0.0,5000,xlmr,False,2718,0.08355534403446875,0.412962962962963,2.378093168288765,0.5722966745367122,0.18494623655913978,1.0664523043944265,0.48874133050224344,-0.2280167264038232,-1.3116408638943384
5000,"[0.333695483175318, 0.5900719177419056]",ESTIMABLE,0.0,{},0,0.0016,5000,5000,0.05,banglaclick:youtube,5000,"[-0.10445429286755616, -0.04423758757802414]",ESTIMABLE,0.0,{},0,0.0148,5000,5000,"[-1.7398590227235904, -1.3032584137776095]",ESTIMABLE,0.0,{},0,0.0,5000,xlmr,False,31415,0.09114841793720531,0.12323943661971831,2.6165413533834587,0.5773825551749711,0.04032258064516129,1.05037513397642,0.48623413723776576,-0.08291685597455703,-1.5661662194070387
5000,"[0.333695483175318, 0.5900719177419056]",ESTIMABLE,0.0,{},0,0.0016,5000,5000,0.1,banglaclick:youtube,5000,"[-0.19680629932152519, -0.10645240430271263]",ESTIMABLE,0.0,{},0,0.0108,5000,5000,"[-1.6121488035393605, -1.2444148757849618]",ESTIMABLE,0.0,{},0,0.0,5000,xlmr,True,31415,0.09114841793720531,0.23943661971830985,2.5208828522920204,0.5773825551749711,0.08266129032258064,1.0610932475884243,0.48623413723776576,-0.1567753293957292,-1.459789604703596
5000,"[0.333695483175318, 0.5900719177419056]",ESTIMABLE,0.0,{},0,0.0016,5000,5000,0.2,banglaclick:youtube,5000,"[-0.32752318532142966, -0.17951268982184265]",ESTIMABLE,0.0,{},0,0.006,5000,5000,"[-1.42795003626049, -1.1177850664461584]",ESTIMABLE,0.0,{},0,0.0,5000,xlmr,False,31415,0.09114841793720531,0.4278169014084507,2.362309364074459,0.5773825551749711,0.18346774193548387,1.0664523043944265,0.48623413723776576,-0.24434915947296681,-1.2958570596800323
5000,"[0.1874153583184255, 0.6009481397134793]",ESTIMABLE,0.0,{},0,0.0024,5000,5000,0.05,banglaclick:youtube,5000,"[-0.14498187732342008, -0.07631644401007898]",ESTIMABLE,0.0,{},0,0.0,5000,5000,"[-1.8283315064683294, -1.4101477893515177]",ESTIMABLE,0.0,{},0,0.0,5000,xlmr,False,65537,0.08191979921365786,0.14564831261101244,2.700270676691729,0.4541010676836673,0.03935185185185185,1.0718113612004287,0.37218126847000943,-0.10629646075916058,-1.6284593154913003
5000,"[0.1874153583184255, 0.6009481397134793]",ESTIMABLE,0.0,{},0,0.0024,5000,5000,0.1,banglaclick:youtube,5000,"[-0.23215600847568257, -0.1368564657267866]",ESTIMABLE,0.0,{},0,0.0,5000,5000,"[-1.6759527254804643, -1.309333172449433]",ESTIMABLE,0.0,{},0,0.0,5000,xlmr,True,65537,0.08191979921365786,0.2664298401420959,2.573401245048104,0.4541010676836673,0.08101851851851852,1.0718113612004287,0.37218126847000943,-0.1854113216235774,-1.5015898838476753
5000,"[0.1874153583184255, 0.6009481397134793]",ESTIMABLE,0.0,{},0,0.0024,5000,5000,0.2,banglaclick:youtube,5000,"[-0.3722281884781885, -0.2205960370662875]",ESTIMABLE,0.0,{},0,0.0,5000,5000,"[-1.4910293031498298, -1.1972248565245278]",ESTIMABLE,0.0,{},0,0.0,5000,xlmr,False,65537,0.08191979921365786,0.45293072824156305,2.4359671170745534,0.4541010676836673,0.16898148148148148,1.0664523043944265,0.37218126847000943,-0.2839492467600816,-1.3695148126801269
5000,"[0.2215656088779072, 0.3530756755802252]",ESTIMABLE,0.0,{},0,0.0,5000,5000,0.05,banglaclick:twitter,5000,"[-0.06019797335532308, 0.0007081647668143228]",ESTIMABLE,0.0,{},0,0.0568,5000,5000,"[-1.4523077296546927, -0.9309979199357354]",ESTIMABLE,0.0,{},0,0.0,5000,ebm,False,42,0.178701055078645,0.07919463087248323,2.51187969924812,0.4653567180063253,0.046413502109704644,1.3296398891966759,0.2866556629276803,-0.03278112876277858,-1.182239810051444
5000,"[0.2215656088779072, 0.3530756755802252]",ESTIMABLE,0.0,{},0,0.0,5000,5000,0.1,banglaclick:twitter,5000,"[-0.10520963041330365, -0.0274771823375544]",ESTIMABLE,0.0,{},0,0.0008,5000,5000,"[-1.1759824937836498, -0.7592078508194818]",ESTIMABLE,0.0,{},0,0.0,5000,ebm,True,42,0.178701055078645,0.16778523489932887,2.3003056027164686,0.4653567180063253,0.10126582278481013,1.3019390581717452,0.2866556629276803,-0.06651941211451874,-0.9983665445447234
5000,"[0.2215656088779072, 0.3530756755802252]",ESTIMABLE,0.0,{},0,0.0,5000,5000,0.2,banglaclick:twitter,5000,"[-0.12840209765478597, -0.03210491074559364]",ESTIMABLE,0.0,{},0,0.002,5000,5000,"[-0.8426421633500321, -0.5176964298848706]",ESTIMABLE,0.0,{},0,0.0,5000,ebm,False,42,0.178701055078645,0.30604026845637583,1.9940205990739865,0.4653567180063253,0.22784810126582278,1.3019390581717452,0.2866556629276803,-0.07819216719055305,-0.6920815409022414
5000,"[0.2212005174677628, 0.3516125272391198]",ESTIMABLE,0.0,{},0,0.0,5000,5000,0.05,banglaclick:twitter,5000,"[-0.06208088670036402, 0.0004097150286952699]",ESTIMABLE,0.0,{},0,0.052,5000,5000,"[-1.454192672579684, -0.9329347600091956]",ESTIMABLE,0.0,{},0,0.0,5000,ebm,False,137,0.17857443333740564,0.07919463087248323,2.51187969924812,0.4659545974250753,0.046413502109704644,1.3296398891966759,0.28738016408766964,-0.03278112876277858,-1.182239810051444
5000,"[0.2212005174677628, 0.3516125272391198]",ESTIMABLE,0.0,{},0,0.0,5000,5000,0.1,banglaclick:twitter,5000,"[-0.10522210723658798, -0.02794170843202318]",ESTIMABLE,0.0,{},0,0.0012,5000,5000,"[-1.1696927972544846, -0.7638631258828216]",ESTIMABLE,0.0,{},0,0.0,5000,ebm,True,137,0.17857443333740564,0.16778523489932887,2.2898019241652516,0.4659545974250753,0.0970464135021097,1.3019390581717452,0.28738016408766964,-0.07073882139721917,-0.9878628659935065
5000,"[0.2212005174677628, 0.3516125272391198]",ESTIMABLE,0.0,{},0,0.0,5000,5000,0.2,banglaclick:twitter,5000,"[-0.13007260547291338, -0.032848651315498835]",ESTIMABLE,0.0,{},0,0.0008,5000,5000,"[-0.8458739862127974, -0.5235776089067627]",ESTIMABLE,0.0,{},0,0.0,5000,ebm,False,137,0.17857443333740564,0.30604026845637583,1.9940205990739865,0.4659545974250753,0.22362869198312235,1.3019390581717452,0.28738016408766964,-0.08241157647325348,-0.6920815409022414
5000,"[0.22148707602115386, 0.3520341264434289]",ESTIMABLE,0.0,{},0,0.0,5000,5000,0.05,banglaclick:twitter,5000,"[-0.06119636443398371, 7.194034701826131e-06]",ESTIMABLE,0.0,{},0,0.0504,5000,5000,"[-1.453466373455102, -0.936251454413111]",ESTIMABLE,0.0,{},0,0.0,5000,ebm,False,2718,0.17863241072049146,0.07785234899328859,2.51187969924812,0.46518367408421896,0.046413502109704644,1.3296398891966759,0.2865512633637275,-0.03143884688358395,-1.182239810051444
5000,"[0.22148707602115386, 0.3520341264434289]",ESTIMABLE,0.0,{},0,0.0,5000,5000,0.1,banglaclick:twitter,5000,"[-0.1040941746377835, -0.028217499515178587]",ESTIMABLE,0.0,{},0,0.0008,5000,5000,"[-1.1688143867408163, -0.764975227864714]",ESTIMABLE,0.0,{},0,0.0,5000,ebm,True,2718,0.17863241072049146,0.16778523489932887,2.2898019241652516,0.46518367408421896,0.0970464135021097,1.3019390581717452,0.2865512633637275,-0.07073882139721917,-0.9878628659935065
5000,"[0.22148707602115386, 0.3520341264434289]",ESTIMABLE,0.0,{},0,0.0,5000,5000,0.2,banglaclick:twitter,5000,"[-0.1320376499056973, -0.03441006299750429]",ESTIMABLE,0.0,{},0,0.0012,5000,5000,"[-0.8451045698067903, -0.5219440534049172]",ESTIMABLE,0.0,{},0,0.0,5000,ebm,False,2718,0.17863241072049146,0.30604026845637583,1.9992818671454218,0.46518367408421896,0.22784810126582278,1.3019390581717452,0.2865512633637275,-0.07819216719055305,-0.6973428089736766
5000,"[0.22191966491723625, 0.35274799349228486]",ESTIMABLE,0.0,{},0,0.0,5000,5000,0.05,banglaclick:twitter,5000,"[-0.05645910201985822, 0.0035310311136630833]",ESTIMABLE,0.0,{},0,0.08,5000,5000,"[-1.4468957212438378, -0.9315485686946098]",ESTIMABLE,0.0,{},0,0.0,5000,ebm,False,31415,0.17878738311633943,0.07785234899328859,2.51187969924812,0.4660241541303332,0.05042016806722689,1.3296398891966759,0.2872367710139938,-0.0274321809260617,-1.182239810051444
5000,"[0.22191966491723625, 0.35274799349228486]",ESTIMABLE,0.0,{},0,0.0,5000,5000,0.1,banglaclick:twitter,5000,"[-0.10240154255765235, -0.02652516310805668]",ESTIMABLE,0.0,{},0,0.0012,5000,5000,"[-1.17189962961026, -0.7712636096056843]",ESTIMABLE,0.0,{},0,0.0,5000,ebm,True,31415,0.17878738311633943,0.16778523489932887,2.2898019241652516,0.4660241541303332,0.10084033613445378,1.3019390581717452,0.2872367710139938,-0.06694489876487508,-0.9878628659935065
5000,"[0.22191966491723625, 0.35274799349228486]",ESTIMABLE,0.0,{},0,0.0,5000,5000,0.2,banglaclick:twitter,5000,"[-0.12686608366095617, -0.03047785536818098]",ESTIMABLE,0.0,{},0,0.0008,5000,5000,"[-0.8469444275757227, -0.5236296215030602]",ESTIMABLE,0.0,{},0,0.0,5000,ebm,False,31415,0.17878738311633943,0.30604026845637583,1.9940205990739865,0.4660241541303332,0.23109243697478993,1.3019390581717452,0.2872367710139938,-0.0749478314815859,-0.6920815409022414
5000,"[0.2219041116656597, 0.35297134628007076]",ESTIMABLE,0.0,{},0,0.0,5000,5000,0.05,banglaclick:twitter,5000,"[-0.05829611863554952, 0.0021072068302831577]",ESTIMABLE,0.0,{},0,0.0764,5000,5000,"[-1.4522817561234416, -0.9420000951764051]",ESTIMABLE,0.0,{},0,0.0,5000,ebm,False,65537,0.1786741855685254,0.07785234899328859,2.51187969924812,0.46543814628264507,0.05042016806722689,1.3296398891966759,0.2867639607141197,-0.0274321809260617,-1.182239810051444
5000,"[0.2219041116656597, 0.35297134628007076]",ESTIMABLE,0.0,{},0,0.0,5000,5000,0.1,banglaclick:twitter,5000,"[-0.10082825431102596, -0.024616251941280955]",ESTIMABLE,0.0,{},0,0.0008,5000,5000,"[-1.1721320255859815, -0.768658832096098]",ESTIMABLE,0.0,{},0,0.0,5000,ebm,True,65537,0.1786741855685254,0.16644295302013423,2.2898019241652516,0.46543814628264507,0.10084033613445378,1.3019390581717452,0.2867639607141197,-0.06560261688568045,-0.9878628659935065
5000,"[0.2219041116656597, 0.35297134628007076]",ESTIMABLE,0.0,{},0,0.0,5000,5000,0.2,banglaclick:twitter,5000,"[-0.1283763710801835, -0.031208629755644934]",ESTIMABLE,0.0,{},0,0.0004,5000,5000,"[-0.8440434192473898, -0.5261025689484085]",ESTIMABLE,0.0,{},0,0.0,5000,ebm,False,65537,0.1786741855685254,0.30604026845637583,1.9940205990739865,0.46543814628264507,0.226890756302521,1.3019390581717452,0.2867639607141197,-0.07914951215385482,-0.6920815409022414
5000,"[0.4160487242873339, 0.5939339932470699]",ESTIMABLE,0.0,{},0,0.0,5000,5000,0.05,banglaclick:twitter,5000,"[-0.08425489134416637, -0.03720085402543287]",ESTIMABLE,0.0,{},0,0.0,5000,5000,"[-1.7233901052321923, -1.1719038322788324]",ESTIMABLE,0.0,{},0,0.0,5000,tfidf_lr,False,42,0.13151102208946153,0.09144542772861357,2.6165413533834587,0.6383570934289488,0.033950617283950615,1.1634349030470914,0.5068460713394872,-0.05749481044466295,-1.4531064503363673
5000,"[0.4160487242873339, 0.5939339932470699]",ESTIMABLE,0.0,{},0,0.0,5000,5000,0.1,banglaclick:twitter,5000,"[-0.15200924526272286, -0.08884379311036755]",ESTIMABLE,0.0,{},0,0.0,5000,5000,"[-1.470148171931426, -1.040942860981302]",ESTIMABLE,0.0,{},0,0.0,5000,tfidf_lr,True,42,0.13151102208946153,0.1902654867256637,2.478868138087153,0.6383570934289488,0.07098765432098765,1.218836565096953,0.5068460713394872,-0.11927783240467606,-1.2600315729902
5000,"[0.4160487242873339, 0.5939339932470699]",ESTIMABLE,0.0,{},0,0.0,5000,5000,0.2,banglaclick:twitter,5000,"[-0.22428805005741492, -0.14284166173781446]",ESTIMABLE,0.0,{},0,0.0,5000,5000,"[-1.1829741153199627, -0.892041333509067]",ESTIMABLE,0.0,{},0,0.0,5000,tfidf_lr,False,42,0.13151102208946153,0.36578171091445427,2.183426249645658,0.6383570934289488,0.18209876543209877,1.1357340720221607,0.5068460713394872,-0.1836829454823555,-1.047692177623497
5000,"[0.41296959698980085, 0.5939731178092972]",ESTIMABLE,0.0,{},0,0.0,5000,5000,0.05,banglaclick:twitter,5000,"[-0.0829547718354278, -0.03787127771516004]",ESTIMABLE,0.0,{},0,0.0,5000,5000,"[-1.7263794711530773, -1.1705461760219684]",ESTIMABLE,0.0,{},0,0.0,5000,tfidf_lr,False,137,0.13151102208946153,0.09144542772861357,2.6165413533834587,0.6383570934289488,0.033950617283950615,1.1634349030470914,0.5068460713394872,-0.05749481044466295,-1.4531064503363673
5000,"[0.41296959698980085, 0.5939731178092972]",ESTIMABLE,0.0,{},0,0.0,5000,5000,0.1,banglaclick:twitter,5000,"[-0.15090665727894803, -0.08846623995270494]",ESTIMABLE,0.0,{},0,0.0,5000,5000,"[-1.4794693783766975, -1.0410169933808582]",ESTIMABLE,0.0,{},0,0.0,5000,tfidf_lr,True,137,0.13151102208946153,0.1902654867256637,2.478868138087153,0.6383570934289488,0.07098765432098765,1.218836565096953,0.5068460713394872,-0.11927783240467606,-1.2600315729902
5000,"[0.41296959698980085, 0.5939731178092972]",ESTIMABLE,0.0,{},0,0.0,5000,5000,0.2,banglaclick:twitter,5000,"[-0.22307231432701038, -0.14283812973646076]",ESTIMABLE,0.0,{},0,0.0,5000,5000,"[-1.1864231920204893, -0.8890404309674701]",ESTIMABLE,0.0,{},0,0.0,5000,tfidf_lr,False,137,0.13151102208946153,0.36578171091445427,2.183426249645658,0.6383570934289488,0.18209876543209877,1.1357340720221607,0.5068460713394872,-0.1836829454823555,-1.047692177623497
5000,"[0.4149839872470925, 0.5938839412025355]",ESTIMABLE,0.0,{},0,0.0,5000,5000,0.05,banglaclick:twitter,5000,"[-0.08368453043587733, -0.03703755570469758]",ESTIMABLE,0.0,{},0,0.0,5000,5000,"[-1.727062300412298, -1.1790115084082327]",ESTIMABLE,0.0,{},0,0.0,5000,tfidf_lr,False,2718,0.13151102208946153,0.09144542772861357,2.6165413533834587,0.6383570934289488,0.033950617283950615,1.1634349030470914,0.5068460713394872,-0.05749481044466295,-1.4531064503363673
5000,"[0.4149839872470925, 0.5938839412025355]",ESTIMABLE,0.0,{},0,0.0,5000,5000,0.1,banglaclick:twitter,5000,"[-0.15208090610439692, -0.08789479274710335]",ESTIMABLE,0.0,{},0,0.0,5000,5000,"[-1.4732654592603793, -1.046329361509633]",ESTIMABLE,0.0,{},0,0.0,5000,tfidf_lr,True,2718,0.13151102208946153,0.1902654867256637,2.478868138087153,0.6383570934289488,0.07098765432098765,1.218836565096953,0.5068460713394872,-0.11927783240467606,-1.2600315729902
5000,"[0.4149839872470925, 0.5938839412025355]",ESTIMABLE,0.0,{},0,0.0,5000,5000,0.2,banglaclick:twitter,5000,"[-0.22378307981873116, -0.14260124893221193]",ESTIMABLE,0.0,{},0,0.0,5000,5000,"[-1.1850015808627037, -0.8916845510723724]",ESTIMABLE,0.0,{},0,0.0,5000,tfidf_lr,False,2718,0.13151102208946153,0.36578171091445427,2.183426249645658,0.6383570934289488,0.18209876543209877,1.1357340720221607,0.5068460713394872,-0.1836829454823555,-1.047692177623497
5000,"[0.41159256484977647, 0.5947985526741583]",ESTIMABLE,0.0,{},0,0.0,5000,5000,0.05,banglaclick:twitter,5000,"[-0.08318721964039658, -0.037275099340411906]",ESTIMABLE,0.0,{},0,0.0,5000,5000,"[-1.7282047391479467, -1.1768922677572242]",ESTIMABLE,0.0,{},0,0.0,5000,tfidf_lr,False,31415,0.13151102208946153,0.09144542772861357,2.6165413533834587,0.6383570934289488,0.033950617283950615,1.1634349030470914,0.5068460713394872,-0.05749481044466295,-1.4531064503363673
5000,"[0.41159256484977647, 0.5947985526741583]",ESTIMABLE,0.0,{},0,0.0,5000,5000,0.1,banglaclick:twitter,5000,"[-0.15251483679525224, -0.08861641304594213]",ESTIMABLE,0.0,{},0,0.0,5000,5000,"[-1.4642371916337829, -1.0476464338720617]",ESTIMABLE,0.0,{},0,0.0,5000,tfidf_lr,True,31415,0.13151102208946153,0.1902654867256637,2.478868138087153,0.6383570934289488,0.07098765432098765,1.218836565096953,0.5068460713394872,-0.11927783240467606,-1.2600315729902
5000,"[0.41159256484977647, 0.5947985526741583]",ESTIMABLE,0.0,{},0,0.0,5000,5000,0.2,banglaclick:twitter,5000,"[-0.22484242700229032, -0.14214687292111564]",ESTIMABLE,0.0,{},0,0.0,5000,5000,"[-1.1817905008628318, -0.8880322144373316]",ESTIMABLE,0.0,{},0,0.0,5000,tfidf_lr,False,31415,0.13151102208946153,0.36578171091445427,2.183426249645658,0.6383570934289488,0.18209876543209877,1.1357340720221607,0.5068460713394872,-0.1836829454823555,-1.047692177623497
5000,"[0.4115606770905028, 0.5947305084395235]",ESTIMABLE,0.0,{},0,0.0,5000,5000,0.05,banglaclick:twitter,5000,"[-0.08366311354106563, -0.03675346631192799]",ESTIMABLE,0.0,{},0,0.0,5000,5000,"[-1.735299336600541, -1.1763310825243851]",ESTIMABLE,0.0,{},0,0.0,5000,tfidf_lr,False,65537,0.13151102208946153,0.09144542772861357,2.6165413533834587,0.6383570934289488,0.033950617283950615,1.1634349030470914,0.5068460713394872,-0.05749481044466295,-1.4531064503363673
5000,"[0.4115606770905028, 0.5947305084395235]",ESTIMABLE,0.0,{},0,0.0,5000,5000,0.1,banglaclick:twitter,5000,"[-0.15161648095516805, -0.08797850172722313]",ESTIMABLE,0.0,{},0,0.0,5000,5000,"[-1.4761129776760311, -1.0345345901695973]",ESTIMABLE,0.0,{},0,0.0,5000,tfidf_lr,True,65537,0.13151102208946153,0.1902654867256637,2.478868138087153,0.6383570934289488,0.07098765432098765,1.218836565096953,0.5068460713394872,-0.11927783240467606,-1.2600315729902
5000,"[0.4115606770905028, 0.5947305084395235]",ESTIMABLE,0.0,{},0,0.0,5000,5000,0.2,banglaclick:twitter,5000,"[-0.2250819667682802, -0.14183390524199327]",ESTIMABLE,0.0,{},0,0.0,5000,5000,"[-1.1855658777575968, -0.8885031945533511]",ESTIMABLE,0.0,{},0,0.0,5000,tfidf_lr,False,65537,0.13151102208946153,0.36578171091445427,2.183426249645658,0.6383570934289488,0.18209876543209877,1.1357340720221607,0.5068460713394872,-0.1836829454823555,-1.047692177623497
5000,"[0.4118015138981533, 0.6007829626112917]",ESTIMABLE,0.0,{},0,0.0,5000,5000,0.05,banglaclick:twitter,5000,"[-0.10977612489877214, -0.05620209185077613]",ESTIMABLE,0.0,{},0,0.0,5000,5000,"[-1.6221853477720278, -1.1621912582986704]",ESTIMABLE,0.0,{},0,0.0,5000,banglabert,False,42,0.07886068061848996,0.11192660550458716,2.7421353383458644,0.5884937838809219,0.025454545454545455,1.3296398891966759,0.5096331032624319,-0.08647206005004171,-1.4124954491491886
5000,"[0.4118015138981533, 0.6007829626112917]",ESTIMABLE,0.0,{},0,0.0,5000,5000,0.1,banglaclick:twitter,5000,"[-0.1855403505109078, -0.11251434073950835]",ESTIMABLE,0.0,{},0,0.0,5000,5000,"[-1.4734341049950948, -1.0703400682158482]",ESTIMABLE,0.0,{},0,0.0,5000,banglabert,True,42,0.07886068061848996,0.21834862385321102,2.604912280701754,0.5884937838809219,0.06909090909090909,1.3573407202216066,0.5096331032624319,-0.14925771476230193,-1.2475715604801474
5000,"[0.4118015138981533, 0.6007829626112917]",ESTIMABLE,0.0,{},0,0.0,5000,5000,0.2,banglaclick:twitter,5000,"[-0.3264424240510638, -0.22898189500296864]",ESTIMABLE,0.0,{},0,0.0,5000,5000,"[-1.2767796926935913, -0.9510044812824187]",ESTIMABLE,0.0,{},0,0.0,5000,banglabert,False,42,0.07886068061848996,0.43853211009174314,2.4096607767173768,0.5884937838809219,0.16,1.2742382271468145,0.5096331032624319,-0.27853211009174317,-1.1354225495705623
5000,"[0.44144103005129487, 0.6187638612941511]",ESTIMABLE,0.0,{},0,0.0,5000,5000,0.05,banglaclick:twitter,5000,"[-0.11259063100937766, -0.05911185274176583]",ESTIMABLE,0.0,{},0,0.0,5000,5000,"[-1.5729838168408181, -1.0982227534975555]",ESTIMABLE,0.0,{},0,0.0,5000,banglabert,False,137,0.08046850389831667,0.12361623616236163,2.700270676691729,0.6131618775643182,0.03558718861209965,1.3296398891966759,0.5326933736660016,-0.08802904755026197,-1.3706307874950532
5000,"[0.44144103005129487, 0.6187638612941511]",ESTIMABLE,0.0,{},0,0.0,5000,5000,0.1,banglaclick:twitter,5000,"[-0.18455809270435347, -0.11294506511967914]",ESTIMABLE,0.0,{},0,0.0,5000,5000,"[-1.4445291399321565, -1.0395769099281438]",ESTIMABLE,0.0,{},0,0.0,5000,banglabert,True,137,0.08046850389831667,0.23616236162361623,2.604912280701754,0.6131618775643182,0.08896797153024912,1.3573407202216066,0.5326933736660016,-0.1471943900933671,-1.2475715604801474
5000,"[0.44144103005129487, 0.6187638612941511]",ESTIMABLE,0.0,{},0,0.0,5000,5000,0.2,banglaclick:twitter,5000,"[-0.3260354048838602, -0.23084440773922763]",ESTIMABLE,0.0,{},0,0.0,5000,5000,"[-1.2761204190669926, -0.9604277836402976]",ESTIMABLE,0.0,{},0,0.0,5000,banglabert,False,137,0.08046850389831667,0.43726937269372695,2.4201833128602472,0.6131618775643182,0.16370106761565836,1.28808864265928,0.5326933736660016,-0.2735683050780686,-1.1320946702009673
5000,"[0.4083532232745854, 0.5942334078447902]",ESTIMABLE,0.0,{},0,0.0,5000,5000,0.05,banglaclick:twitter,5000,"[-0.0952650080815908, -0.039243025972995636]",ESTIMABLE,0.0,{},0,0.0,5000,5000,"[-1.5998226100489155, -1.109002509957617]",ESTIMABLE,0.0,{},0,0.0,5000,banglabert,False,2718,0.07991916192431985,0.10964083175803403,2.6793383458646614,0.581008141563271,0.04240282685512368,1.3296398891966759,0.5010889796389512,-0.06723800490291035,-1.3496984566679855
5000,"[0.4083532232745854, 0.5942334078447902]",ESTIMABLE,0.0,{},0,0.0,5000,5000,0.1,banglaclick:twitter,5000,"[-0.17125832255727627, -0.09562988461273192]",ESTIMABLE,0.0,{},0,0.0,5000,5000,"[-1.516437706975058, -1.116911359036064]",ESTIMABLE,0.0,{},0,0.0,5000,banglabert,True,2718,0.07991916192431985,0.21928166351606806,2.646926994906621,0.581008141563271,0.09187279151943463,1.3296398891966759,0.5010889796389512,-0.12740887199663342,-1.3172871057099453
5000,"[0.4083532232745854, 0.5942334078447902]",ESTIMABLE,0.0,{},0,0.0,5000,5000,0.2,banglaclick:twitter,5000,"[-0.2909872724021451, -0.18990950921678096]",ESTIMABLE,0.0,{},0,0.0,5000,5000,"[-1.330649723513182, -1.0119533267373224]",ESTIMABLE,0.0,{},0,0.0,5000,banglabert,False,2718,0.07991916192431985,0.42533081285444235,2.46227345743173,0.581008141563271,0.18374558303886926,1.28808864265928,0.5010889796389512,-0.2415852298155731,-1.17418481477245
5000,"[0.3805269102312673, 0.5527254935044454]",ESTIMABLE,0.0,{},0,0.0,5000,5000,0.05,banglaclick:twitter,5000,"[-0.12318479273131619, -0.05847894347086823]",ESTIMABLE,0.0,{},0,0.0,5000,5000,"[-1.5661867393724187, -1.1327946350345426]",ESTIMABLE,0.0,{},0,0.0,5000,banglabert,False,31415,0.07978687425081132,0.12431444241316271,2.7421353383458644,0.5493572852471892,0.03225806451612903,1.3850415512465375,0.46957041099637786,-0.09205637789703368,-1.357093787099327
5000,"[0.3805269102312673, 0.5527254935044454]",ESTIMABLE,0.0,{},0,0.0,5000,5000,0.1,banglaclick:twitter,5000,"[-0.20112650436285334, -0.11960504962233401]",ESTIMABLE,0.0,{},0,0.0,5000,5000,"[-1.441870039533011, -1.0534601516178816]",ESTIMABLE,0.0,{},0,0.0,5000,banglabert,True,31415,0.07978687425081132,0.2522851919561243,2.5944086021505375,0.5493572852471892,0.09274193548387097,1.3573407202216066,0.46957041099637786,-0.15954325647225334,-1.237067881928931
5000,"[0.3805269102312673, 0.5527254935044454]",ESTIMABLE,0.0,{},0,0.0,5000,5000,0.2,banglaclick:twitter,5000,"[-0.3132592667839718, -0.20559628048221015]",ESTIMABLE,0.0,{},0,0.0,5000,5000,"[-1.2772498830103858, -0.9570232368258129]",ESTIMABLE,0.0,{},0,0.0,5000,banglabert,False,31415,0.07978687425081132,0.4369287020109689,2.4096607767173768,0.5493572852471892,0.1774193548387097,1.28808864265928,0.46957041099637786,-0.2595093471722592,-1.1215721340580969
5000,"[0.368833094748856, 0.546980603135381]",ESTIMABLE,0.0,{},0,0.0,5000,5000,0.05,banglaclick:twitter,5000,"[-0.08558675857079003, -0.029180169255852647]",ESTIMABLE,0.0,{},0,0.0,5000,5000,"[-1.6056396496400631, -1.1428613358108968]",ESTIMABLE,0.0,{},0,0.0,5000,banglabert,False,65537,0.08127314335903915,0.10845588235294118,2.7212030075187967,0.5402082275590946,0.053061224489795916,1.3296398891966759,0.45893508420005547,-0.055394657863145264,-1.3915631183221209
5000,"[0.368833094748856, 0.546980603135381]",ESTIMABLE,0.0,{},0,0.0,5000,5000,0.1,banglaclick:twitter,5000,"[-0.17212496500876848, -0.09462406997520836]",ESTIMABLE,0.0,{},0,0.0,5000,5000,"[-1.4158785331802908, -1.02828176351759]",ESTIMABLE,0.0,{},0,0.0,5000,banglabert,True,65537,0.08127314335903915,0.22426470588235295,2.573401245048104,0.5402082275590946,0.08979591836734693,1.3573407202216066,0.45893508420005547,-0.13446878751500602,-1.2160605248264975
5000,"[0.368833094748856, 0.546980603135381]",ESTIMABLE,0.0,{},0,0.0,5000,5000,0.2,banglaclick:twitter,5000,"[-0.2911944188696845, -0.18649090611084373]",ESTIMABLE,0.0,{},0,0.0,5000,5000,"[-1.3096771110588952, -0.9764620714259199]",ESTIMABLE,0.0,{},0,0.0,5000,banglabert,False,65537,0.08127314335903915,0.43566176470588236,2.4096607767173768,0.5402082275590946,0.19183673469387755,1.2603878116343492,0.45893508420005547,-0.2438250300120048,-1.1492729650830276
5000,"[0.4480240448986389, 0.6076282593872555]",ESTIMABLE,0.0,{},0,0.0,5000,5000,0.05,banglaclick:twitter,5000,"[-0.10583351689970628, -0.052846471095548214]",ESTIMABLE,0.0,{},0,0.0,5000,5000,"[-1.4728569321812441, -1.0093666025023402]",ESTIMABLE,0.0,{},0,0.0,5000,xlmr,False,42,0.0898416103082177,0.12411347517730496,2.6374736842105264,0.6226632056350977,0.04436860068259386,1.3850415512465375,0.53282159532688,-0.0797448744947111,-1.252432132963989
5000,"[0.4480240448986389, 0.6076282593872555]",ESTIMABLE,0.0,{},0,0.0,5000,5000,0.1,banglaclick:twitter,5000,"[-0.17880442349665088, -0.10432699044867387]",ESTIMABLE,0.0,{},0,0.0,5000,5000,"[-1.5423687117601492, -1.1362682348807764]",ESTIMABLE,0.0,{},0,0.0,5000,xlmr,True,42,0.0898416103082177,0.2322695035460993,2.646926994906621,0.6226632056350977,0.08873720136518772,1.3019390581717452,0.53282159532688,-0.14353230218091156,-1.344987936734876
5000,"[0.4480240448986389, 0.6076282593872555]",ESTIMABLE,0.0,{},0,0.0,5000,5000,0.2,banglaclick:twitter,5000,"[-0.31839183213257705, -0.21804102784683585]",ESTIMABLE,0.0,{},0,0.0,5000,5000,"[-1.3038354896719069, -0.9738154505591571]",ESTIMABLE,0.0,{},0,0.0,5000,xlmr,False,42,0.0898416103082177,0.44148936170212766,2.393876972503071,0.6226632056350977,0.17064846416382254,1.2465373961218837,0.53282159532688,-0.2708408975383051,-1.1473395763811873
5000,"[0.4573716070085307, 0.6197730140859109]",ESTIMABLE,0.0,{},0,0.0,5000,5000,0.05,banglaclick:twitter,5000,"[-0.11488584257469149, -0.061498216958928376]",ESTIMABLE,0.0,{},0,0.0,5000,5000,"[-1.5861399724791228, -1.0850575881192936]",ESTIMABLE,0.0,{},0,0.0,5000,xlmr,False,137,0.08427088336247554,0.13513513513513514,2.6584060150375937,0.6222395413469968,0.043478260869565216,1.3296398891966759,0.5379686579845212,-0.09165687426556993,-1.3287661258409178
5000,"[0.4573716070085307, 0.6197730140859109]",ESTIMABLE,0.0,{},0,0.0,5000,5000,0.1,banglaclick:twitter,5000,"[-0.20896290552404237, -0.1324854899493227]",ESTIMABLE,0.0,{},0,0.0,5000,5000,"[-1.566441570146141, -1.139912061078161]",ESTIMABLE,0.0,{},0,0.0,5000,xlmr,True,137,0.08427088336247554,0.26666666666666666,2.5944086021505375,0.6222395413469968,0.0903010033444816,1.2465373961218837,0.5379686579845212,-0.17636566332218506,-1.3478712060286537
5000,"[0.4573716070085307, 0.6197730140859109]",ESTIMABLE,0.0,{},0,0.0,5000,5000,0.2,banglaclick:twitter,5000,"[-0.2991663140218074, -0.20457846822226053]",ESTIMABLE,0.0,{},0,0.0,5000,5000,"[-1.3261453131276058, -0.9675172405740528]",ESTIMABLE,0.0,{},0,0.0,5000,xlmr,False,137,0.08427088336247554,0.436036036036036,2.4096607767173768,0.6222395413469968,0.18729096989966554,1.2603878116343492,0.5379686579845212,-0.24874506613637049,-1.1492729650830276
5000,"[0.46205970683184877, 0.6219231631279988]",ESTIMABLE,0.0,{},0,0.0,5000,5000,0.05,banglaclick:twitter,5000,"[-0.10395565186774423, -0.0503315446926895]",ESTIMABLE,0.0,{},0,0.0,5000,5000,"[-1.499492180087235, -1.0331178653545539]",ESTIMABLE,0.0,{},0,0.0,5000,xlmr,False,2718,0.08355534403446875,0.1111111111111111,2.6584060150375937,0.6310973735768509,0.035211267605633804,1.3850415512465375,0.5475420295423822,-0.0758998435054773,-1.2733644637910562
5000,"[0.46205970683184877, 0.6219231631279988]",ESTIMABLE,0.0,{},0,0.0,5000,5000,0.1,banglaclick:twitter,5000,"[-0.1777860609467719, -0.10145990388060172]",ESTIMABLE,0.0,{},0,0.0,5000,5000,"[-1.4877835701123598, -1.0759785917526317]",ESTIMABLE,0.0,{},0,0.0,5000,xlmr,True,2718,0.08355534403446875,0.22777777777777777,2.5839049235993206,0.6310973735768509,0.09154929577464789,1.3296398891966759,0.5475420295423822,-0.13622848200312987,-1.2542650344026447
5000,"[0.46205970683184877, 0.6219231631279988]",ESTIMABLE,0.0,{},0,0.0,5000,5000,0.2,banglaclick:twitter,5000,"[-0.2816800242737174, -0.18384689886987834]",ESTIMABLE,0.0,{},0,0.0,5000,5000,"[-1.3117745790942072, -0.9916015151015243]",ESTIMABLE,0.0,{},0,0.0,5000,xlmr,False,2718,0.08355534403446875,0.412962962962963,2.378093168288765,0.6310973735768509,0.1795774647887324,1.2326869806094183,0.5475420295423822,-0.23338549817423057,-1.1454061876793467
5000,"[0.4337524815072088, 0.5977454607057343]",ESTIMABLE,0.0,{},0,0.0,5000,5000,0.05,banglaclick:twitter,5000,"[-0.12400985942039365, -0.07218833316562946]",ESTIMABLE,0.0,{},0,0.0,5000,5000,"[-1.564921060373932, -1.0564396333700286]",ESTIMABLE,0.0,{},0,0.0,5000,xlmr,False,31415,0.09114841793720531,0.12323943661971831,2.6165413533834587,0.6092141982164333,0.020066889632107024,1.3296398891966759,0.518065780279228,-0.10317254698761129,-1.2869014641867829
5000,"[0.4337524815072088, 0.5977454607057343]",ESTIMABLE,0.0,{},0,0.0,5000,5000,0.1,banglaclick:twitter,5000,"[-0.19964092858707863, -0.12829591809567575]",ESTIMABLE,0.0,{},0,0.0,5000,5000,"[-1.5479687820785262, -1.1100237247684805]",ESTIMABLE,0.0,{},0,0.0,5000,xlmr,True,31415,0.09114841793720531,0.23943661971830985,2.5208828522920204,0.6092141982164333,0.07357859531772576,1.1634349030470914,0.518065780279228,-0.1658580244005841,-1.357447949244929
5000,"[0.4337524815072088, 0.5977454607057343]",ESTIMABLE,0.0,{},0,0.0,5000,5000,0.2,banglaclick:twitter,5000,"[-0.30030417151317856, -0.2074294532739459]",ESTIMABLE,0.0,{},0,0.0,5000,5000,"[-1.3144290859501855, -0.9723759983269028]",ESTIMABLE,0.0,{},0,0.0,5000,xlmr,False,31415,0.09114841793720531,0.4278169014084507,2.362309364074459,0.6092141982164333,0.1705685618729097,1.218836565096953,0.518065780279228,-0.257248339535541,-1.1434727989775058
5000,"[0.3957159874301956, 0.565940532243106]",ESTIMABLE,0.0,{},0,0.0,5000,5000,0.05,banglaclick:twitter,5000,"[-0.14018211514549483, -0.07979571503947015]",ESTIMABLE,0.0,{},0,0.0,5000,5000,"[-1.5565285692446444, -1.1066473693801901]",ESTIMABLE,0.0,{},0,0.0,5000,xlmr,False,65537,0.08191979921365786,0.14564831261101244,2.700270676691729,0.5640965729594347,0.032846715328467155,1.3850415512465375,0.48217677374577683,-0.11280159728254528,-1.3152291254451915
5000,"[0.3957159874301956, 0.565940532243106]",ESTIMABLE,0.0,{},0,0.0,5000,5000,0.1,banglaclick:twitter,5000,"[-0.22325774863693737, -0.14761984906755354]",ESTIMABLE,0.0,{},0,0.0,5000,5000,"[-1.507798182999598, -1.0914156125544787]",ESTIMABLE,0.0,{},0,0.0,5000,xlmr,True,65537,0.08191979921365786,0.2664298401420959,2.573401245048104,0.5640965729594347,0.08029197080291971,1.3019390581717452,0.48217677374577683,-0.1861378693391762,-1.271462186876359
5000,"[0.3957159874301956, 0.565940532243106]",ESTIMABLE,0.0,{},0,0.0,5000,5000,0.2,banglaclick:twitter,5000,"[-0.3383683913566726, -0.24207932114551126]",ESTIMABLE,0.0,{},0,0.0,5000,5000,"[-1.3703863667219292, -1.0427361847838232]",ESTIMABLE,0.0,{},0,0.0,5000,xlmr,False,65537,0.08191979921365786,0.45293072824156305,2.4359671170745534,0.5640965729594347,0.15328467153284672,1.218836565096953,0.48217677374577683,-0.29964605670871636,-1.2171305519776003
